Type,Days for shipping (real),Days for shipment (scheduled),Benefit per order,Sales per customer,Delivery Status,Late_delivery_risk,Category Name,Customer City,Customer Country,Department Name,Market,Order City,Order Country,Order Region,Order State,order date (DateOrders),shipping date (DateOrders),Shipping Mode,Sales,Order Item Quantity,Order Profit Per Order
DEBIT,3,4,91.25,314.6400146,Advance shipping,0,Sporting Goods,Caguas,Puerto Rico,Fitness,Pacific Asia,Bekasi,Indonesia,Southeast Asia,Java Occidental,1/31/2018 22:56,2/3/2018 22:56,Standard Class,327.75,1,91.25
TRANSFER,5,4,-249.0899963,311.3599854,Late delivery,1,Sporting Goods,Caguas,Puerto Rico,Fitness,Pacific Asia,Bikaner,India,South Asia,Rajastán,1/13/2018 12:27,1/18/2018 12:27,Standard Class,327.75,1,-249.0899963
CASH,4,4,-247.7799988,309.7200012,Shipping on time,0,Sporting Goods,San Jose,EE. UU.,Fitness,Pacific Asia,Bikaner,India,South Asia,Rajastán,1/13/2018 12:06,1/17/2018 12:06,Standard Class,327.75,1,-247.7799988
DEBIT,3,4,22.86000061,304.8099976,Advance shipping,0,Sporting Goods,Los Angeles,EE. UU.,Fitness,Pacific Asia,Townsville,Australia,Oceania,Queensland,1/13/2018 11:45,1/16/2018 11:45,Standard Class,327.75,1,22.86000061
PAYMENT,2,4,134.2100067,298.25,Advance shipping,0,Sporting Goods,Caguas,Puerto Rico,Fitness,Pacific Asia,Townsville,Australia,Oceania,Queensland,1/13/2018 11:24,1/15/2018 11:24,Standard Class,327.75,1,134.2100067
TRANSFER,6,4,18.57999992,294.980011,Shipping canceled,0,Sporting Goods,Tonawanda,EE. UU.,Fitness,Pacific Asia,Toowoomba,Australia,Oceania,Queensland,1/13/2018 11:03,1/19/2018 11:03,Standard Class,327.75,1,18.57999992
DEBIT,2,1,95.18000031,288.4200134,Late delivery,1,Sporting Goods,Caguas,Puerto Rico,Fitness,Pacific Asia,Guangzhou,China,Eastern Asia,Guangdong,1/13/2018 10:42,1/15/2018 10:42,First Class,327.75,1,95.18000031
TRANSFER,2,1,68.43000031,285.1400146,Late delivery,1,Sporting Goods,Miami,EE. UU.,Fitness,Pacific Asia,Guangzhou,China,Eastern Asia,Guangdong,1/13/2018 10:21,1/15/2018 10:21,First Class,327.75,1,68.43000031
CASH,3,2,133.7200012,278.5899963,Late delivery,1,Sporting Goods,Caguas,Puerto Rico,Fitness,Pacific Asia,Guangzhou,China,Eastern Asia,Guangdong,1/13/2018 10:00,1/16/2018 10:00,Second Class,327.75,1,133.7200012
CASH,2,1,132.1499939,275.3099976,Late delivery,1,Sporting Goods,San Ramon,EE. UU.,Fitness,Pacific Asia,Guangzhou,China,Eastern Asia,Guangdong,1/13/2018 9:39,1/15/2018 9:39,First Class,327.75,1,132.1499939
TRANSFER,6,2,130.5800018,272.0299988,Shipping canceled,0,Sporting Goods,Caguas,Puerto Rico,Fitness,Pacific Asia,Tokio,Japón,Eastern Asia,Tokio,1/13/2018 9:18,1/19/2018 9:18,Second Class,327.75,1,130.5800018
TRANSFER,5,2,45.68999863,268.7600098,Late delivery,1,Sporting Goods,Freeport,EE. UU.,Fitness,Pacific Asia,Manado,Indonesia,Southeast Asia,Célebes Septentrional,1/13/2018 8:57,1/18/2018 8:57,Second Class,327.75,1,45.68999863
TRANSFER,4,2,21.76000023,262.2000122,Late delivery,1,Sporting Goods,Salinas,EE. UU.,Fitness,Pacific Asia,Manado,Indonesia,Southeast Asia,Célebes Septentrional,1/13/2018 8:36,1/17/2018 8:36,Second Class,327.75,1,21.76000023
DEBIT,2,1,24.57999992,245.8099976,Late delivery,1,Sporting Goods,Caguas,Puerto Rico,Fitness,Pacific Asia,Sangli,India,South Asia,Maharashtra,1/13/2018 8:15,1/15/2018 8:15,First Class,327.75,1,24.57999992
TRANSFER,2,1,16.38999939,327.75,Late delivery,1,Sporting Goods,Peabody,EE. UU.,Fitness,Pacific Asia,Sangli,India,South Asia,Maharashtra,1/13/2018 7:54,1/15/2018 7:54,First Class,327.75,1,16.38999939
DEBIT,2,1,-259.5799866,324.4700012,Late delivery,1,Sporting Goods,Caguas,Puerto Rico,Fitness,Pacific Asia,Sangli,India,South Asia,Maharashtra,1/13/2018 7:33,1/15/2018 7:33,First Class,327.75,1,-259.5799866
PAYMENT,5,2,-246.3600006,321.2000122,Late delivery,1,Sporting Goods,Canovanas,Puerto Rico,Fitness,Pacific Asia,Seúl,Corea del Sur,Eastern Asia,Seúl,1/13/2018 7:12,1/18/2018 7:12,Second Class,327.75,1,-246.3600006
CASH,2,1,23.84000015,317.9200134,Late delivery,1,Sporting Goods,Paramount,EE. UU.,Fitness,Pacific Asia,Jabalpur,India,South Asia,Madhya Pradesh,1/13/2018 6:51,1/15/2018 6:51,First Class,327.75,1,23.84000015
DEBIT,2,1,102.2600021,314.6400146,Late delivery,1,Sporting Goods,Caguas,Puerto Rico,Fitness,Pacific Asia,Jabalpur,India,South Asia,Madhya Pradesh,1/13/2018 6:30,1/15/2018 6:30,First Class,327.75,1,102.2600021
PAYMENT,0,0,87.18000031,311.3599854,Shipping on time,0,Sporting Goods,Mount Prospect,EE. UU.,Fitness,Pacific Asia,Jabalpur,India,South Asia,Madhya Pradesh,1/13/2018 6:09,1/13/2018 18:09,Same Day,327.75,1,87.18000031
TRANSFER,0,0,154.8600006,309.7200012,Shipping on time,0,Sporting Goods,Long Beach,EE. UU.,Fitness,Pacific Asia,Jabalpur,India,South Asia,Madhya Pradesh,1/13/2018 5:48,1/13/2018 17:48,Same Day,327.75,1,154.8600006
TRANSFER,5,4,82.30000305,304.8099976,Late delivery,1,Sporting Goods,Caguas,Puerto Rico,Fitness,Pacific Asia,Jabalpur,India,South Asia,Madhya Pradesh,1/13/2018 5:27,1/18/2018 5:27,Standard Class,327.75,1,82.30000305
TRANSFER,4,2,22.37000084,298.25,Late delivery,1,Sporting Goods,Rancho Cordova,EE. UU.,Fitness,Pacific Asia,Geelong,Australia,Oceania,Victoria,1/13/2018 5:06,1/17/2018 5:06,Second Class,327.75,1,22.37000084
TRANSFER,3,2,17.70000076,294.980011,Shipping canceled,0,Sporting Goods,Caguas,Puerto Rico,Fitness,Pacific Asia,Geelong,Australia,Oceania,Victoria,1/13/2018 4:45,1/16/2018 4:45,Second Class,327.75,1,17.70000076
TRANSFER,2,2,90.27999878,288.4200134,Shipping canceled,0,Sporting Goods,Billings,EE. UU.,Fitness,Pacific Asia,Brisbane,Australia,Oceania,Queensland,1/13/2018 4:24,1/15/2018 4:24,Second Class,327.75,1,90.27999878
DEBIT,6,2,131.1699982,285.1400146,Late delivery,1,Sporting Goods,Caguas,Puerto Rico,Fitness,Pacific Asia,Mandurah,Australia,Oceania,Australia Occidental,1/13/2018 4:03,1/19/2018 4:03,Second Class,327.75,1,131.1699982
TRANSFER,5,2,90.54000092,278.5899963,Late delivery,1,Sporting Goods,Wilkes Barre,EE. UU.,Fitness,Pacific Asia,Mandurah,Australia,Oceania,Australia Occidental,1/13/2018 3:42,1/18/2018 3:42,Second Class,327.75,1,90.54000092
PAYMENT,4,4,82.58999634,275.3099976,Shipping on time,0,Sporting Goods,Caguas,Puerto Rico,Fitness,Pacific Asia,Guilin,China,Eastern Asia,Guangxi,1/13/2018 3:21,1/17/2018 3:21,Standard Class,327.75,1,82.58999634
DEBIT,3,4,-17.13999939,272.0299988,Advance shipping,0,Sporting Goods,Roseville,EE. UU.,Fitness,Pacific Asia,Guilin,China,Eastern Asia,Guangxi,1/13/2018 3:00,1/16/2018 3:00,Standard Class,327.75,1,-17.13999939
TRANSFER,2,4,23.64999962,268.7600098,Advance shipping,0,Sporting Goods,Bellflower,EE. UU.,Fitness,Pacific Asia,Guilin,China,Eastern Asia,Guangxi,1/13/2018 2:39,1/15/2018 2:39,Standard Class,327.75,1,23.64999962
DEBIT,6,4,73.41999817,262.2000122,Late delivery,1,Sporting Goods,Caguas,Puerto Rico,Fitness,Pacific Asia,Guilin,China,Eastern Asia,Guangxi,1/13/2018 2:18,1/19/2018 2:18,Standard Class,327.75,1,73.41999817
DEBIT,5,4,113.0699997,245.8099976,Late delivery,1,Sporting Goods,Wheaton,EE. UU.,Fitness,Pacific Asia,Delhi,India,South Asia,Delhi,1/13/2018 1:57,1/18/2018 1:57,Standard Class,327.75,1,113.0699997
PAYMENT,4,4,24.57999992,327.75,Shipping on time,0,Sporting Goods,Caguas,Puerto Rico,Fitness,Pacific Asia,Delhi,India,South Asia,Delhi,1/13/2018 1:36,1/17/2018 1:36,Standard Class,327.75,1,24.57999992
DEBIT,2,1,-97.33999634,324.4700012,Late delivery,1,Sporting Goods,Detroit,EE. UU.,Fitness,Pacific Asia,Suzhou,China,Eastern Asia,Gansu,1/13/2018 1:15,1/15/2018 1:15,First Class,327.75,1,-97.33999634
PAYMENT,2,1,-425.5799866,321.2000122,Late delivery,1,Sporting Goods,Dallas,EE. UU.,Fitness,Pacific Asia,Suzhou,China,Eastern Asia,Gansu,1/13/2018 0:54,1/15/2018 0:54,First Class,327.75,1,-425.5799866
PAYMENT,2,1,152.6000061,317.9200134,Late delivery,1,Sporting Goods,Caguas,Puerto Rico,Fitness,Pacific Asia,Singapur,Singapur,Southeast Asia,Singapur,1/13/2018 0:33,1/15/2018 0:33,First Class,327.75,1,152.6000061
CASH,2,1,151.0299988,314.6400146,Late delivery,1,Sporting Goods,Carlisle,EE. UU.,Fitness,Pacific Asia,Hubli,India,South Asia,Karnataka,1/13/2018 0:12,1/15/2018 0:12,First Class,327.75,1,151.0299988
DEBIT,2,1,62.27000046,311.3599854,Late delivery,1,Sporting Goods,Dallas,EE. UU.,Fitness,Pacific Asia,Wollongong,Australia,Oceania,Nueva Gales del Sur,1/12/2018 23:51,1/14/2018 23:51,First Class,327.75,1,62.27000046
DEBIT,1,0,35.0,309.7200012,Late delivery,1,Sporting Goods,Caguas,Puerto Rico,Fitness,Pacific Asia,Wollongong,Australia,Oceania,Nueva Gales del Sur,1/12/2018 23:30,1/13/2018 11:30,Same Day,327.75,1,35.0
TRANSFER,1,0,57.29999924,304.8099976,Shipping canceled,0,Sporting Goods,Newark,EE. UU.,Fitness,Pacific Asia,Wollongong,Australia,Oceania,Nueva Gales del Sur,1/12/2018 23:09,1/13/2018 11:09,Same Day,327.75,1,57.29999924
PAYMENT,1,0,143.1600037,298.25,Late delivery,1,Sporting Goods,Panorama City,EE. UU.,Fitness,Pacific Asia,Singapur,Singapur,Southeast Asia,Singapur,1/12/2018 22:48,1/13/2018 10:48,Same Day,327.75,1,143.1600037
DEBIT,1,0,135.6900024,294.980011,Late delivery,1,Sporting Goods,Caguas,Puerto Rico,Fitness,Pacific Asia,Singapur,Singapur,Southeast Asia,Singapur,1/12/2018 22:27,1/13/2018 10:27,Same Day,327.75,1,135.6900024
CASH,4,4,132.6699982,288.4200134,Shipping on time,0,Sporting Goods,Atlanta,EE. UU.,Fitness,Pacific Asia,Medan,Indonesia,Southeast Asia,Sumatra Septentrional,1/12/2018 22:05,1/16/2018 22:05,Standard Class,327.75,1,132.6699982
PAYMENT,3,4,119.7600021,285.1400146,Advance shipping,0,Sporting Goods,Caguas,Puerto Rico,Fitness,Pacific Asia,Medan,Indonesia,Southeast Asia,Sumatra Septentrional,1/12/2018 21:44,1/15/2018 21:44,Standard Class,327.75,1,119.7600021
DEBIT,2,4,31.47999954,278.5899963,Advance shipping,0,Sporting Goods,Fremont,EE. UU.,Fitness,Pacific Asia,Canberra,Australia,Oceania,Territorio de la Capital Australiana,1/12/2018 21:23,1/14/2018 21:23,Standard Class,327.75,1,31.47999954
TRANSFER,6,4,86.16999817,275.3099976,Late delivery,1,Sporting Goods,Caguas,Puerto Rico,Fitness,Pacific Asia,Bangalore,India,South Asia,Karnataka,1/12/2018 21:02,1/18/2018 21:02,Standard Class,327.75,1,86.16999817
TRANSFER,5,2,130.5800018,272.0299988,Late delivery,1,Sporting Goods,Rochester,EE. UU.,Fitness,Pacific Asia,Bangalore,India,South Asia,Karnataka,1/12/2018 20:41,1/17/2018 20:41,Second Class,327.75,1,130.5800018
TRANSFER,4,4,0.0,268.7600098,Shipping on time,0,Sporting Goods,Dallas,EE. UU.,Fitness,Pacific Asia,Yiwu,China,Eastern Asia,Zhejiang,1/12/2018 20:20,1/16/2018 20:20,Standard Class,327.75,1,0.0
PAYMENT,5,2,-30.75,115.1800003,Late delivery,1,Cleats,Bayamon,Puerto Rico,Apparel,Pacific Asia,Mirzapur,India,South Asia,Uttar Pradesh,2/24/2016 13:57,2/29/2016 13:57,Second Class,119.9800034,2,-30.75
PAYMENT,2,2,-122.7300034,79.18000031,Shipping on time,0,Shop By Sport,Caguas,Puerto Rico,Golf,Pacific Asia,Bursa,Turquía,West Asia,Bursa,10/25/2016 14:39,10/27/2016 14:39,Second Class,79.98000336,2,-122.7300034
PAYMENT,6,2,33.59999847,96.0,Late delivery,1,Women's Apparel,Caguas,Puerto Rico,Golf,Pacific Asia,Murray Bridge,Australia,Oceania,Australia del Sur,3/30/2016 4:37,4/5/2016 4:37,Second Class,100.0,2,33.59999847
PAYMENT,2,2,24.69000053,75.98000336,Shipping on time,0,Shop By Sport,Caguas,Puerto Rico,Golf,Pacific Asia,Kartal,Turquía,West Asia,Estambul,10/30/2016 1:31,11/1/2016 1:31,Second Class,79.98000336,2,24.69000053
PAYMENT,3,2,9.100000381,91.0,Late delivery,1,Women's Apparel,Caguas,Puerto Rico,Golf,Pacific Asia,Ulan Bator,Mongolia,Eastern Asia,Ulán Bator,11/28/2016 1:18,12/1/2016 1:18,Second Class,100.0,2,9.100000381
PAYMENT,5,2,-21.75,87.0,Late delivery,1,Women's Apparel,Caguas,Puerto Rico,Golf,Pacific Asia,Estambul,Turquía,West Asia,Estambul,12/31/2016 15:47,1/5/2017 15:47,Second Class,100.0,2,-21.75
PAYMENT,6,2,6.150000095,82.0,Late delivery,1,Women's Apparel,Caguas,Puerto Rico,Golf,Pacific Asia,Raipur,India,South Asia,Rajastán,10/25/2015 6:24,10/31/2015 6:24,Second Class,100.0,2,6.150000095
PAYMENT,2,2,22.40999985,74.68000031,Shipping on time,0,Electronics,Caguas,Puerto Rico,Footwear,USCA,Pasco,Estados Unidos,West of USA ,Washington,6/11/2016 15:12,6/13/2016 15:12,Second Class,89.98000336,2,22.40999985
PAYMENT,5,2,25.23999977,90.15000153,Late delivery,1,Boxing & MMA,Caguas,Puerto Rico,Footwear,USCA,Los Angeles,Estados Unidos,West of USA ,California,8/24/2016 21:45,8/29/2016 21:45,Second Class,109.9400024,2,25.23999977
PAYMENT,6,2,30.5699997,117.5800018,Late delivery,1,Cleats,Caguas,Puerto Rico,Apparel,USCA,San Francisco,Estados Unidos,West of USA ,California,4/13/2016 10:12,4/19/2016 10:12,Second Class,119.9800034,2,30.5699997
PAYMENT,4,2,46.0699997,95.98000336,Late delivery,1,Cleats,Caguas,Puerto Rico,Apparel,USCA,Overland Park,Estados Unidos,US Center ,Kansas,5/22/2016 14:10,5/26/2016 14:10,Second Class,119.9800034,2,46.0699997
PAYMENT,2,2,-184.7799988,263.9700012,Shipping on time,0,Cardio Equipment,Caguas,Puerto Rico,Footwear,Africa,Ugep,Nigeria,West Africa,Cross River,10/4/2016 22:55,10/6/2016 22:55,Second Class,299.9700012,3,-184.7799988
PAYMENT,5,2,38.75,113.9700012,Late delivery,1,Shop By Sport,Caguas,Puerto Rico,Golf,Africa,Kinshasa,República Democrática del Congo,Central Africa,Kinshasa,11/8/2016 12:32,11/13/2016 12:32,Second Class,119.9700012,3,38.75
PAYMENT,5,2,-3.650000095,63.99000168,Late delivery,1,Trade-In,Caguas,Puerto Rico,Outdoors,Africa,Dakar,Senegal,West Africa,Dakar,11/11/2016 5:21,11/16/2016 5:21,Second Class,65.97000122,3,-3.650000095
PAYMENT,5,2,38.22999954,79.66000366,Late delivery,1,Electronics,Caguas,Puerto Rico,Outdoors,Africa,Casablanca,Marruecos,North Africa,Gran Casablanca,12/8/2016 0:14,12/13/2016 0:14,Second Class,95.97000122,3,38.22999954
PAYMENT,3,2,129.3500061,293.9700012,Late delivery,1,Cardio Equipment,Caguas,Puerto Rico,Footwear,Europe,Dortmund,Alemania,Western Europe,Renania del Norte-Westfalia,7/7/2015 5:31,7/10/2015 5:31,Second Class,299.9700012,3,129.3500061
PAYMENT,2,2,132.2899933,269.9700012,Shipping on time,0,Cardio Equipment,Caguas,Puerto Rico,Footwear,Europe,Drancy,Francia,Western Europe,Isla de Francia,7/22/2017 7:16,7/24/2017 7:16,Second Class,299.9700012,3,132.2899933
PAYMENT,6,2,76.04000092,224.9799957,Late delivery,1,Cardio Equipment,Caguas,Puerto Rico,Footwear,Europe,Nantes,Francia,Western Europe,Países del Loira,8/7/2017 6:33,8/13/2017 6:33,Second Class,299.9700012,3,76.04000092
PAYMENT,4,2,81.12999725,176.3699951,Late delivery,1,Cleats,Caguas,Puerto Rico,Apparel,Europe,Groningen,Países Bajos,Western Europe,Groningen,9/22/2015 7:41,9/26/2015 7:41,Second Class,179.9700012,3,81.12999725
PAYMENT,2,2,43.52000046,167.3699951,Shipping on time,0,Cleats,Caguas,Puerto Rico,Apparel,Europe,Gateshead,Reino Unido,Northern Europe,Inglaterra,7/2/2017 9:03,7/4/2017 9:03,Second Class,179.9700012,3,43.52000046
PAYMENT,3,2,68.77999878,163.7700043,Late delivery,1,Cleats,Caguas,Puerto Rico,Apparel,Europe,Eastbourne,Reino Unido,Northern Europe,Inglaterra,9/8/2015 12:15,9/11/2015 12:15,Second Class,179.9700012,3,68.77999878
PAYMENT,3,2,40.49000168,161.9700012,Late delivery,1,Cleats,Caguas,Puerto Rico,Apparel,Europe,Hayange,Francia,Western Europe,Alsacia-Champaña-Ardenas-Lorena,8/20/2017 7:03,8/23/2017 7:03,Second Class,179.9700012,3,40.49000168
PAYMENT,2,2,20.93000031,139.5,Shipping on time,0,Women's Apparel,Caguas,Puerto Rico,Golf,Europe,Drancy,Francia,Western Europe,Isla de Francia,7/22/2017 7:16,7/24/2017 7:16,Second Class,150.0,3,20.93000031
PAYMENT,4,2,12.19999981,107.9700012,Late delivery,1,Shop By Sport,Caguas,Puerto Rico,Golf,Europe,Portsmouth,Reino Unido,Northern Europe,Inglaterra,8/4/2017 2:31,8/8/2017 2:31,Second Class,119.9700012,3,12.19999981
PAYMENT,3,2,12.71000004,112.5,Late delivery,1,Women's Apparel,Caguas,Puerto Rico,Golf,Europe,Gelsenkirchen,Alemania,Western Europe,Renania del Norte-Westfalia,9/18/2017 1:14,9/21/2017 1:14,Second Class,150.0,3,12.71000004
PAYMENT,6,2,7.760000229,55.40999985,Late delivery,1,Trade-In,Caguas,Puerto Rico,Outdoors,Europe,Nice,Francia,Western Europe,Provenza-Alpes-Costa Azul,7/2/2015 19:42,7/8/2015 19:42,Second Class,65.97000122,3,7.760000229
PAYMENT,6,2,101.3899994,299.9700012,Late delivery,1,Cardio Equipment,Caguas,Puerto Rico,Footwear,LATAM,Petapa,Guatemala,Central America,Guatemala,3/28/2015 0:55,4/3/2015 0:55,Second Class,299.9700012,3,101.3899994
PAYMENT,5,2,-285.0700073,178.1699982,Late delivery,1,Cleats,Caguas,Puerto Rico,Apparel,LATAM,Mejicanos,El Salvador,Central America,San Salvador,4/2/2017 16:43,4/7/2017 16:43,Second Class,179.9700012,3,-285.0700073
PAYMENT,4,2,42.74000168,170.9700012,Late delivery,1,Cleats,Caguas,Puerto Rico,Apparel,LATAM,David,Panamá,Central America,Chiriquí,5/5/2017 14:23,5/9/2017 14:23,Second Class,179.9700012,3,42.74000168
PAYMENT,5,2,49.3199997,170.0700073,Late delivery,1,Cleats,Caguas,Puerto Rico,Apparel,LATAM,Santo Domingo,República Dominicana,Caribbean,Santo Domingo,4/25/2015 4:44,4/30/2015 4:44,Second Class,179.9700012,3,49.3199997
PAYMENT,5,2,80.33999634,167.3699951,Late delivery,1,Cleats,Caguas,Puerto Rico,Apparel,LATAM,Cabimas,Venezuela,South America,Zulia,4/25/2015 1:14,4/30/2015 1:14,Second Class,179.9700012,3,80.33999634
PAYMENT,5,2,-26.69000053,163.7700043,Late delivery,1,Cleats,Caguas,Puerto Rico,Apparel,LATAM,Cabimas,Venezuela,South America,Zulia,4/25/2015 1:14,4/30/2015 1:14,Second Class,179.9700012,3,-26.69000053
PAYMENT,3,2,-117.3300018,152.9700012,Late delivery,1,Cleats,Caguas,Puerto Rico,Apparel,LATAM,Santo Domingo,República Dominicana,Caribbean,Santo Domingo,6/6/2017 15:03,6/9/2017 15:03,Second Class,179.9700012,3,-117.3300018
PAYMENT,4,2,47.88000107,152.9700012,Late delivery,1,Cleats,Caguas,Puerto Rico,Apparel,LATAM,Dos Quebradas,Colombia,South America,Risaralda,2/18/2017 16:36,2/22/2017 16:36,Second Class,179.9700012,3,47.88000107
PAYMENT,4,2,72.0,150.0,Late delivery,1,Women's Apparel,Caguas,Puerto Rico,Golf,LATAM,Ilopango,El Salvador,Central America,San Salvador,4/26/2015 3:10,4/30/2015 3:10,Second Class,150.0,3,72.0
PAYMENT,4,2,29.94000053,115.1699982,Late delivery,1,Shop By Sport,Caguas,Puerto Rico,Golf,LATAM,Tegucigalpa,Honduras,Central America,Francisco Morazán,4/10/2015 0:02,4/14/2015 0:02,Second Class,119.9700012,3,29.94000053
PAYMENT,4,2,23.46999931,144.0,Late delivery,1,Women's Apparel,Caguas,Puerto Rico,Golf,LATAM,Juazeiro,Brasil,South America,Bahía,4/11/2017 15:49,4/15/2017 15:49,Second Class,150.0,3,23.46999931
PAYMENT,5,2,68.40000153,142.5,Late delivery,1,Women's Apparel,Caguas,Puerto Rico,Golf,LATAM,Santo Domingo,República Dominicana,Caribbean,Santo Domingo,4/25/2015 4:44,4/30/2015 4:44,Second Class,150.0,3,68.40000153
PAYMENT,6,2,43.65999985,139.5,Late delivery,1,Women's Apparel,Caguas,Puerto Rico,Golf,LATAM,Mexico City,México,Central America,Distrito Federal,3/16/2017 2:54,3/22/2017 2:54,Second Class,150.0,3,43.65999985
PAYMENT,2,2,13.19999981,132.0,Shipping on time,0,Women's Apparel,Caguas,Puerto Rico,Golf,LATAM,Tlaquepaque,México,Central America,Jalisco,3/29/2015 10:33,3/31/2015 10:33,Second Class,150.0,3,13.19999981
PAYMENT,4,2,46.20000076,132.0,Late delivery,1,Women's Apparel,Caguas,Puerto Rico,Golf,LATAM,Puebla,México,Central America,Puebla,2/3/2015 0:28,2/7/2015 0:28,Second Class,150.0,3,46.20000076
PAYMENT,4,2,10.43999958,130.5,Late delivery,1,Women's Apparel,Caguas,Puerto Rico,Golf,LATAM,Puebla,México,Central America,Puebla,2/3/2015 0:28,2/7/2015 0:28,Second Class,150.0,3,10.43999958
PAYMENT,4,2,15.56000042,124.5,Late delivery,1,Women's Apparel,Caguas,Puerto Rico,Golf,LATAM,Mexico City,México,Central America,Distrito Federal,2/18/2017 13:05,2/22/2017 13:05,Second Class,150.0,3,15.56000042
PAYMENT,4,2,32.86000061,99.58000183,Late delivery,1,Shop By Sport,Caguas,Puerto Rico,Golf,LATAM,São Paulo,Brasil,South America,São Paulo,1/18/2017 19:37,1/22/2017 19:37,Second Class,119.9700012,3,32.86000061
TRANSFER,5,4,9.600000381,240.0,Late delivery,1,Women's Apparel,Caguas,Puerto Rico,Golf,LATAM,Montevideo,Uruguay,South America,Montevideo,3/13/2015 18:59,3/18/2015 18:59,Standard Class,250.0,5,9.600000381
TRANSFER,6,4,55.09000015,189.9499969,Late delivery,1,Shop By Sport,Caguas,Puerto Rico,Golf,LATAM,Buenos Aires,Argentina,South America,Buenos Aires,2/7/2017 9:47,2/13/2017 9:47,Standard Class,199.9499969,5,55.09000015
TRANSFER,4,4,68.58999634,188.9499969,Shipping on time,0,Shop By Sport,Caguas,Puerto Rico,Golf,LATAM,São Paulo,Brasil,South America,São Paulo,4/3/2015 19:08,4/7/2015 19:08,Standard Class,199.9499969,5,68.58999634
TRANSFER,2,4,51.97999954,236.25,Advance shipping,0,Women's Apparel,Caguas,Puerto Rico,Golf,LATAM,Barueri,Brasil,South America,São Paulo,4/13/2017 14:25,4/15/2017 14:25,Standard Class,250.0,5,51.97999954
TRANSFER,6,4,-23.62999916,236.25,Late delivery,1,Women's Apparel,Caguas,Puerto Rico,Golf,LATAM,Arapongas,Brasil,South America,Paraná,4/2/2015 3:33,4/8/2015 3:33,Standard Class,250.0,5,-23.62999916
TRANSFER,2,4,66.88999939,136.5,Advance shipping,0,Shop By Sport,Caguas,Puerto Rico,Golf,LATAM,Camagüey,Cuba,Caribbean,Camagüey,1/31/2017 11:43,2/2/2017 11:43,Standard Class,150.0,5,66.88999939
TRANSFER,3,4,11.46000004,181.9499969,Advance shipping,0,Shop By Sport,Caguas,Puerto Rico,Golf,LATAM,Las Tunas,Cuba,Caribbean,Las Tunas,3/30/2017 23:12,4/2/2017 23:12,Standard Class,199.9499969,5,11.46000004
TRANSFER,5,4,22.5,225.0,Late delivery,1,Women's Apparel,Caguas,Puerto Rico,Golf,LATAM,Santo Domingo,República Dominicana,Caribbean,Santo Domingo,3/25/2017 23:02,3/30/2017 23:02,Standard Class,250.0,5,22.5
TRANSFER,4,4,67.5,225.0,Shipping on time,0,Women's Apparel,Caguas,Puerto Rico,Golf,LATAM,Tepic,México,Central America,Nayarit,2/5/2017 1:01,2/9/2017 1:01,Standard Class,250.0,5,67.5
TRANSFER,3,4,78.27999878,173.9600067,Advance shipping,0,Shop By Sport,Guayama,Puerto Rico,Golf,LATAM,San Miguelito,Panamá,Central America,Panamá,4/15/2017 14:04,4/18/2017 14:04,Standard Class,199.9499969,5,78.27999878
TRANSFER,3,4,104.4000015,217.5,Advance shipping,0,Women's Apparel,Caguas,Puerto Rico,Golf,LATAM,Ixtapaluca,México,Central America,México,2/15/2015 18:40,2/18/2015 18:40,Standard Class,250.0,5,104.4000015
TRANSFER,3,4,47.84999847,217.5,Advance shipping,0,Women's Apparel,Caguas,Puerto Rico,Golf,LATAM,Maceió,Brasil,South America,Alagoas,5/27/2017 16:48,5/30/2017 16:48,Standard Class,250.0,5,47.84999847
TRANSFER,4,4,44.18999863,169.9600067,Shipping on time,0,Shop By Sport,Caguas,Puerto Rico,Golf,LATAM,David,Panamá,Central America,Chiriquí,2/25/2015 20:46,3/1/2015 20:46,Standard Class,199.9499969,5,44.18999863
TRANSFER,2,4,8.5,212.5,Advance shipping,0,Women's Apparel,Caguas,Puerto Rico,Golf,LATAM,Belo Horizonte,Brasil,South America,Minas Gerais,5/31/2017 11:33,6/2/2017 11:33,Standard Class,250.0,5,8.5
TRANSFER,4,4,83.98000336,167.9600067,Shipping on time,0,Shop By Sport,Caguas,Puerto Rico,Golf,LATAM,Santiago de Cuba,Cuba,Caribbean,Santiago de Cuba,1/15/2015 4:32,1/19/2015 4:32,Standard Class,199.9499969,5,83.98000336
TRANSFER,5,4,70.13999939,207.5,Late delivery,1,Women's Apparel,Caguas,Puerto Rico,Golf,LATAM,San Pedro Sula,Honduras,Central America,Cortés,4/26/2017 15:16,5/1/2017 15:16,Standard Class,250.0,5,70.13999939
TRANSFER,6,4,72.62999725,207.5,Late delivery,1,Women's Apparel,Caguas,Puerto Rico,Golf,LATAM,Lima,Perú,South America,Lima (ciudad),3/7/2017 19:12,3/13/2017 19:12,Standard Class,250.0,5,72.62999725
TRANSFER,4,4,-140.0,200.0,Shipping on time,0,Women's Apparel,Caguas,Puerto Rico,Golf,LATAM,Holguín,Cuba,Caribbean,Holguín,4/20/2017 18:47,4/24/2017 18:47,Standard Class,250.0,5,-140.0
TRANSFER,5,4,-32.59999847,200.0,Late delivery,1,Women's Apparel,Caguas,Puerto Rico,Golf,LATAM,Orizaba,México,Central America,Veracruz,3/3/2017 6:14,3/8/2017 6:14,Standard Class,250.0,5,-32.59999847
TRANSFER,4,4,68.98000336,149.9600067,Shipping on time,0,Shop By Sport,Caguas,Puerto Rico,Golf,LATAM,Managua,Nicaragua,Central America,Managua,6/4/2017 16:06,6/8/2017 16:06,Standard Class,199.9499969,5,68.98000336
TRANSFER,3,4,-11.81000042,187.5,Advance shipping,0,Women's Apparel,Juana Diaz,Puerto Rico,Golf,LATAM,Villahermosa,México,Central America,Tabasco,5/16/2017 21:33,5/19/2017 21:33,Standard Class,250.0,5,-11.81000042
TRANSFER,6,4,52.5,187.5,Late delivery,1,Women's Apparel,Caguas,Puerto Rico,Golf,LATAM,Buenos Aires,Argentina,South America,Buenos Aires,2/7/2017 9:47,2/13/2017 9:47,Standard Class,250.0,5,52.5
TRANSFER,3,4,91.87999725,187.5,Advance shipping,0,Women's Apparel,Caguas,Puerto Rico,Golf,LATAM,Quixadá,Brasil,South America,Ceará,5/27/2015 1:32,5/30/2015 1:32,Standard Class,250.0,5,91.87999725
TRANSFER,5,4,29.69000053,237.5500031,Late delivery,1,Electronics,Caguas,Puerto Rico,Outdoors,LATAM,Mejicanos,El Salvador,Central America,San Salvador,3/28/2017 5:20,4/2/2017 5:20,Standard Class,239.9499969,5,29.69000053
TRANSFER,4,4,73.69999695,153.5500031,Shipping on time,0,Electronics,Caguas,Puerto Rico,Outdoors,LATAM,Tepic,México,Central America,Nayarit,2/5/2017 1:01,2/9/2017 1:01,Standard Class,159.9499969,5,73.69999695
TRANSFER,6,4,-79.19000244,395.9599915,Late delivery,1,Kids' Golf Clubs,Guayama,Puerto Rico,Outdoors,LATAM,Mixco,Guatemala,Central America,Guatemala,5/2/2017 3:00,5/8/2017 3:00,Standard Class,449.9500122,5,-79.19000244
TRANSFER,4,4,34.84999847,124.4599991,Shipping on time,0,Hunting & Shooting,Caguas,Puerto Rico,Fan Shop,LATAM,Nueva Gerona,Cuba,Caribbean,Isla de la Juventud,4/3/2017 23:53,4/7/2017 23:53,Standard Class,149.9499969,5,34.84999847
TRANSFER,2,4,74.08999634,284.9500122,Advance shipping,0,Baseball & Softball,Caguas,Puerto Rico,Fitness,LATAM,Buenos Aires,Argentina,South America,Buenos Aires,4/30/2015 23:49,5/2/2015 23:49,Standard Class,299.9500122,5,74.08999634
TRANSFER,5,4,149.9900055,499.9500122,Late delivery,1,Cardio Equipment,Caguas,Puerto Rico,Footwear,LATAM,Chimaltenango,Guatemala,Central America,Chimaltenango,4/27/2017 3:32,5/2/2017 3:32,Standard Class,499.9500122,5,149.9900055
TRANSFER,4,4,-18.80999947,494.9500122,Shipping on time,0,Cardio Equipment,Caguas,Puerto Rico,Footwear,LATAM,Villa Nueva,Guatemala,Central America,Guatemala,2/2/2015 3:27,2/6/2015 3:27,Standard Class,499.9500122,5,-18.80999947
TRANSFER,5,4,140.6399994,484.9500122,Late delivery,1,Cardio Equipment,Caguas,Puerto Rico,Footwear,LATAM,Quito,Ecuador,South America,Pichincha,2/13/2017 16:05,2/18/2017 16:05,Standard Class,499.9500122,5,140.6399994
TRANSFER,2,4,36.0,479.9500122,Advance shipping,0,Cardio Equipment,Caguas,Puerto Rico,Footwear,LATAM,Managua,Nicaragua,Central America,Managua,5/27/2017 23:28,5/29/2017 23:28,Standard Class,499.9500122,5,36.0
TRANSFER,5,4,179.9799957,479.9500122,Late delivery,1,Cardio Equipment,Caguas,Puerto Rico,Footwear,LATAM,Valle de La Pascua,Venezuela,South America,Guárico,3/19/2017 19:53,3/24/2017 19:53,Standard Class,499.9500122,5,179.9799957
TRANSFER,4,4,-783.6699829,474.9500122,Shipping on time,0,Cardio Equipment,Caguas,Puerto Rico,Footwear,LATAM,San Miguelito,Panamá,Central America,Panamá,5/7/2015 15:56,5/11/2015 15:56,Standard Class,499.9500122,5,-783.6699829
TRANSFER,6,4,199.4799957,474.9500122,Late delivery,1,Cardio Equipment,Caguas,Puerto Rico,Footwear,LATAM,San Miguelito,Panamá,Central America,Panamá,4/27/2015 11:23,5/3/2015 11:23,Standard Class,499.9500122,5,199.4799957
TRANSFER,6,4,-269.9700012,449.9599915,Late delivery,1,Cardio Equipment,Caguas,Puerto Rico,Footwear,LATAM,Petapa,Guatemala,Central America,Guatemala,4/14/2017 18:06,4/20/2017 18:06,Standard Class,499.9500122,5,-269.9700012
TRANSFER,2,4,-22.5,449.9599915,Advance shipping,0,Cardio Equipment,Caguas,Puerto Rico,Footwear,LATAM,Cotia,Brasil,South America,São Paulo,5/7/2015 1:13,5/9/2015 1:13,Standard Class,499.9500122,5,-22.5
TRANSFER,3,4,59.06000137,337.4599915,Advance shipping,0,Boxing & MMA,Caguas,Puerto Rico,Footwear,LATAM,Itapecuru Mirim,Brasil,South America,Marañón,6/12/2017 5:55,6/15/2017 5:55,Standard Class,449.9500122,5,59.06000137
TRANSFER,2,4,140.9799957,299.9500122,Advance shipping,0,Cleats,Caguas,Puerto Rico,Apparel,LATAM,León,Nicaragua,Central America,León,3/26/2017 15:30,3/28/2017 15:30,Standard Class,299.9500122,5,140.9799957
TRANSFER,2,4,81.66000366,296.9500122,Advance shipping,0,Cleats,Caguas,Puerto Rico,Apparel,LATAM,Tlalpan,México,Central America,Distrito Federal,2/17/2017 11:52,2/19/2017 11:52,Standard Class,299.9500122,5,81.66000366
TRANSFER,6,4,18.40999985,296.9500122,Late delivery,1,Cleats,Caguas,Puerto Rico,Apparel,LATAM,Apopa,El Salvador,Central America,San Salvador,1/25/2017 1:13,1/31/2017 1:13,Standard Class,299.9500122,5,18.40999985
TRANSFER,3,4,33.22000122,293.9500122,Advance shipping,0,Cleats,Caguas,Puerto Rico,Apparel,LATAM,Cipolletti,Argentina,South America,Río Negro,2/6/2017 6:27,2/9/2017 6:27,Standard Class,299.9500122,5,33.22000122
TRANSFER,5,4,25.30999947,290.9500122,Late delivery,1,Cleats,Caguas,Puerto Rico,Apparel,LATAM,Mejicanos,El Salvador,Central America,San Salvador,5/22/2017 6:08,5/27/2017 6:08,Standard Class,299.9500122,5,25.30999947
TRANSFER,5,4,-239.8600006,287.9500122,Late delivery,1,Cleats,Caguas,Puerto Rico,Apparel,LATAM,La Ceiba,Honduras,Central America,Atlántida,2/21/2017 1:00,2/26/2017 1:00,Standard Class,299.9500122,5,-239.8600006
TRANSFER,5,4,-155.8999939,283.4500122,Late delivery,1,Cleats,Caguas,Puerto Rico,Apparel,LATAM,Córdoba,México,Central America,Veracruz,1/6/2015 19:26,1/11/2015 19:26,Standard Class,299.9500122,5,-155.8999939
DEBIT,6,2,40.02000046,86.98999786,Late delivery,1,Cardio Equipment,Caguas,Puerto Rico,Footwear,Africa,Kuito,Angola,Central Africa,Bié,1/15/2017 4:44,1/21/2017 4:44,Second Class,99.98999786,1,40.02000046
DEBIT,6,2,44.59000015,127.3899994,Late delivery,1,Men's Footwear,Caguas,Puerto Rico,Apparel,Africa,Jartum,Sudán,North Africa,Jartum,10/28/2016 19:23,11/3/2016 19:23,Second Class,129.9900055,1,44.59000015
DEBIT,3,2,57.95999908,118.2900009,Late delivery,1,Men's Footwear,Caguas,Puerto Rico,Apparel,Africa,Hargeysa,Somalia,East Africa,Gobolka Woqooyi Galbeed,9/19/2016 13:39,9/22/2016 13:39,Second Class,129.9900055,1,57.95999908
DEBIT,5,2,30.42000008,116.9899979,Late delivery,1,Men's Footwear,Caguas,Puerto Rico,Apparel,Africa,Kenitra,Marruecos,North Africa,Garb-Chrarda-Beni Hsen,8/25/2016 22:16,8/30/2016 22:16,Second Class,129.9900055,1,30.42000008
DEBIT,6,2,24.60000038,49.18999863,Late delivery,1,Cleats,Caguas,Puerto Rico,Apparel,Africa,Jartum,Sudán,North Africa,Jartum,10/28/2016 19:23,11/3/2016 19:23,Second Class,59.99000168,1,24.60000038
DEBIT,4,2,48.88000107,103.9899979,Late delivery,1,Men's Footwear,Caguas,Puerto Rico,Apparel,Africa,Abidjan,Costa de Marfil,West Africa,Lagunes,10/7/2016 23:26,10/11/2016 23:26,Second Class,129.9900055,1,48.88000107
DEBIT,4,2,0.0,296.980011,Late delivery,1,Camping & Hiking,Caguas,Puerto Rico,Fan Shop,Africa,Abu Kabir,Egipto,North Africa,Ash Sharqiyah,11/3/2016 21:49,11/7/2016 21:49,Second Class,299.980011,1,0.0
DEBIT,5,2,95.54000092,293.980011,Late delivery,1,Camping & Hiking,Caguas,Puerto Rico,Fan Shop,Africa,Kenitra,Marruecos,North Africa,Garb-Chrarda-Beni Hsen,8/25/2016 22:16,8/30/2016 22:16,Second Class,299.980011,1,95.54000092
DEBIT,3,2,-50.58000183,252.8800049,Late delivery,1,Consumer Electronics,Caguas,Puerto Rico,Technology,Europe,Perugia,Italia,Southern Europe,Umbría,11/3/2017 13:05,11/6/2017 13:05,Second Class,252.8800049,1,-50.58000183
DEBIT,4,2,120.8300018,447.519989,Late delivery,1,Cameras ,Caguas,Puerto Rico,Technology,Europe,Nuremberg,Alemania,Western Europe,Bavaria,10/14/2017 11:42,10/18/2017 11:42,Second Class,452.0400085,1,120.8300018
DEBIT,3,2,25.04000092,250.3500061,Late delivery,1,Consumer Electronics,Caguas,Puerto Rico,Technology,Europe,Reims,Francia,Western Europe,Alsacia-Champaña-Ardenas-Lorena,11/4/2017 1:21,11/7/2017 1:21,Second Class,252.8800049,1,25.04000092
DEBIT,6,2,212.6399994,443.0,Late delivery,1,Cameras ,Caguas,Puerto Rico,Technology,Europe,Halle,Alemania,Western Europe,Sajonia-Anhalt,10/16/2017 1:12,10/22/2017 1:12,Second Class,452.0400085,1,212.6399994
DEBIT,3,2,68.68000031,245.2899933,Late delivery,1,Consumer Electronics,Caguas,Puerto Rico,Technology,Europe,Bremerhaven,Alemania,Western Europe,Bremen,11/3/2017 18:20,11/6/2017 18:20,Second Class,252.8800049,1,68.68000031
DEBIT,6,2,135.8300018,433.9599915,Late delivery,1,Cameras ,Caguas,Puerto Rico,Technology,Europe,Portici,Italia,Southern Europe,Campania,10/13/2017 3:08,10/19/2017 3:08,Second Class,452.0400085,1,135.8300018
DEBIT,6,2,78.08000183,240.2400055,Late delivery,1,Consumer Electronics,Caguas,Puerto Rico,Technology,Europe,Bielefeld,Alemania,Western Europe,Renania del Norte-Westfalia,11/2/2017 10:06,11/8/2017 10:06,Second Class,252.8800049,1,78.08000183
DEBIT,5,2,595.3499756,1417.5,Late delivery,1,Computers,Caguas,Puerto Rico,Technology,Europe,London,Reino Unido,Northern Europe,Inglaterra,10/29/2017 12:55,11/3/2017 12:55,Second Class,1500.0,1,595.3499756
DEBIT,2,2,21.36000061,427.1799927,Shipping on time,0,Cameras ,Caguas,Puerto Rico,Technology,Europe,Drancy,Francia,Western Europe,Isla de Francia,10/13/2017 8:44,10/15/2017 8:44,Second Class,452.0400085,1,21.36000061
DEBIT,3,2,213.5899963,427.1799927,Late delivery,1,Cameras ,Caguas,Puerto Rico,Technology,Europe,Duisburg,Alemania,Western Europe,Renania del Norte-Westfalia,10/11/2017 6:17,10/14/2017 6:17,Second Class,452.0400085,1,213.5899963
DEBIT,5,2,55.79999924,1395.0,Late delivery,1,Computers,Caguas,Puerto Rico,Technology,Europe,Bradford,Reino Unido,Northern Europe,Inglaterra,10/30/2017 1:10,11/4/2017 1:10,Second Class,1500.0,1,55.79999924
DEBIT,4,2,126.1200027,420.3999939,Late delivery,1,Cameras ,Caguas,Puerto Rico,Technology,Europe,Agrigento,Italia,Southern Europe,Sicilia,10/13/2017 14:41,10/17/2017 14:41,Second Class,452.0400085,1,126.1200027
DEBIT,2,2,6.900000095,230.1199951,Shipping on time,0,Consumer Electronics,Caguas,Puerto Rico,Technology,Europe,Oldham,Reino Unido,Northern Europe,Inglaterra,11/3/2017 3:58,11/5/2017 3:58,Second Class,252.8800049,1,6.900000095
DEBIT,4,2,-277.6700134,411.3599854,Late delivery,1,Cameras ,Caguas,Puerto Rico,Technology,Europe,Palermo,Italia,Southern Europe,Sicilia,10/10/2017 4:21,10/14/2017 4:21,Second Class,452.0400085,1,-277.6700134
DEBIT,4,2,105.8600006,230.1199951,Late delivery,1,Consumer Electronics,Caguas,Puerto Rico,Technology,Europe,Madrid,España,Southern Europe,Madrid,11/4/2017 5:12,11/8/2017 5:12,Second Class,252.8800049,1,105.8600006
DEBIT,5,2,86.0,1365.0,Late delivery,1,Computers,Caguas,Puerto Rico,Technology,Europe,Nancy,Francia,Western Europe,Alsacia-Champaña-Ardenas-Lorena,10/26/2017 14:51,10/31/2017 14:51,Second Class,1500.0,1,86.0
DEBIT,2,2,195.2799988,406.8399963,Shipping on time,0,Cameras ,Caguas,Puerto Rico,Technology,Europe,Girona,España,Southern Europe,Cataluña,10/13/2017 13:59,10/15/2017 13:59,Second Class,452.0400085,1,195.2799988
DEBIT,6,2,22.76000023,227.5899963,Late delivery,1,Consumer Electronics,Caguas,Puerto Rico,Technology,Europe,Laon,Francia,Western Europe,Norte-Paso de Calais-Picardía,11/1/2017 20:05,11/7/2017 20:05,Second Class,252.8800049,1,22.76000023
DEBIT,4,2,180.5899963,384.230011,Late delivery,1,Cameras ,Caguas,Puerto Rico,Technology,Europe,Hartlepool,Reino Unido,Northern Europe,Inglaterra,10/17/2017 11:32,10/21/2017 11:32,Second Class,452.0400085,1,180.5899963
DEBIT,3,2,101.0299988,214.9499969,Late delivery,1,Consumer Electronics,Caguas,Puerto Rico,Technology,Europe,Pontault-Combault,Francia,Western Europe,Isla de Francia,11/1/2017 19:02,11/4/2017 19:02,Second Class,252.8800049,1,101.0299988
DEBIT,3,2,118.8499985,379.7099915,Late delivery,1,Cameras ,Caguas,Puerto Rico,Technology,Europe,La Rochelle,Francia,Western Europe,Aquitania-Lemosín-Poitou-Charentes,10/13/2017 12:35,10/16/2017 12:35,Second Class,452.0400085,1,118.8499985
DEBIT,6,2,60.86999893,209.8899994,Late delivery,1,Consumer Electronics,Caguas,Puerto Rico,Technology,Europe,Edinburgh,Reino Unido,Northern Europe,Escocia,11/1/2017 18:20,11/7/2017 18:20,Second Class,252.8800049,1,60.86999893
DEBIT,5,2,73.45999908,209.8899994,Late delivery,1,Consumer Electronics,Caguas,Puerto Rico,Technology,Europe,Acerra,Italia,Southern Europe,Campania,11/1/2017 5:44,11/6/2017 5:44,Second Class,252.8800049,1,73.45999908
DEBIT,5,2,39.88000107,209.8899994,Late delivery,1,Consumer Electronics,Caguas,Puerto Rico,Technology,Europe,Hanover,Alemania,Western Europe,Baja Sajonia,11/2/2017 13:15,11/7/2017 13:15,Second Class,252.8800049,1,39.88000107
DEBIT,4,2,177.9199982,370.6700134,Late delivery,1,Cameras ,Caguas,Puerto Rico,Technology,Europe,Manchester,Reino Unido,Northern Europe,Inglaterra,10/13/2017 18:11,10/17/2017 18:11,Second Class,452.0400085,1,177.9199982
DEBIT,3,2,129.7400055,370.6700134,Late delivery,1,Cameras ,Caguas,Puerto Rico,Technology,Europe,Messina,Italia,Southern Europe,Sicilia,10/11/2017 22:03,10/14/2017 22:03,Second Class,452.0400085,1,129.7400055
DEBIT,6,2,62.20999908,207.3600006,Late delivery,1,Consumer Electronics,Caguas,Puerto Rico,Technology,Europe,Wilhelmshaven,Alemania,Western Europe,Baja Sajonia,11/3/2017 14:08,11/9/2017 14:08,Second Class,252.8800049,1,62.20999908
DEBIT,5,2,90.0,1200.0,Late delivery,1,Computers,Caguas,Puerto Rico,Technology,Europe,Letchworth,Reino Unido,Northern Europe,Inglaterra,10/26/2017 18:21,10/31/2017 18:21,Second Class,1500.0,1,90.0
DEBIT,2,2,118.6600037,339.0299988,Shipping on time,0,Cameras ,Caguas,Puerto Rico,Technology,Europe,Kilwinning,Reino Unido,Northern Europe,Escocia,10/11/2017 2:26,10/13/2017 2:26,Second Class,452.0400085,1,118.6600037
DEBIT,5,2,415.7999878,989.9899902,Late delivery,1,Basketball,Caguas,Puerto Rico,Fitness,Europe,Villeneuve-le-Roi,Francia,Western Europe,Isla de Francia,10/2/2017 11:01,10/7/2017 11:01,Second Class,999.9899902,1,415.7999878
DEBIT,5,2,8.619999886,78.38999939,Late delivery,1,Soccer,Caguas,Puerto Rico,Fitness,Europe,Barakaldo,España,Southern Europe,País Vasco,9/8/2017 3:42,9/13/2017 3:42,Second Class,79.98999786,1,8.619999886
DEBIT,6,2,16.34000015,52.18999863,Late delivery,1,Baseball & Softball,Caguas,Puerto Rico,Fitness,Europe,Estocolmo,Suecia,Northern Europe,Estocolmo,9/17/2015 23:17,9/23/2015 23:17,Second Class,59.99000168,1,16.34000015
DEBIT,4,2,12.52999973,43.18999863,Late delivery,1,Electronics,Caguas,Puerto Rico,Footwear,Europe,Aylesbury,Reino Unido,Northern Europe,Inglaterra,10/2/2015 7:40,10/6/2015 7:40,Second Class,44.99000168,1,12.52999973
DEBIT,5,2,25.92000008,95.98999786,Late delivery,1,Cardio Equipment,Caguas,Puerto Rico,Footwear,Europe,Langenhagen,Alemania,Western Europe,Baja Sajonia,8/8/2017 10:13,8/13/2017 10:13,Second Class,99.98999786,1,25.92000008
DEBIT,4,2,-13.57999992,94.98999786,Late delivery,1,Cardio Equipment,Caguas,Puerto Rico,Footwear,Europe,Birmingham,Reino Unido,Northern Europe,Inglaterra,8/17/2015 18:35,8/21/2015 18:35,Second Class,99.98999786,1,-13.57999992
DEBIT,4,2,10.03999996,41.84000015,Late delivery,1,Electronics,Caguas,Puerto Rico,Footwear,Europe,Amsterdam,Países Bajos,Western Europe,Holanda Septentrional,9/23/2015 9:57,9/27/2015 9:57,Second Class,44.99000168,1,10.03999996
DEBIT,5,2,10.80000019,89.98999786,Late delivery,1,Cardio Equipment,Caguas,Puerto Rico,Footwear,Europe,Viena,Austria,Western Europe,Viena,10/23/2015 8:31,10/28/2015 8:31,Second Class,99.98999786,1,10.80000019
DEBIT,5,2,16.71999931,87.98999786,Late delivery,1,Cardio Equipment,Caguas,Puerto Rico,Footwear,Europe,Viena,Austria,Western Europe,Viena,7/11/2015 18:49,7/16/2015 18:49,Second Class,99.98999786,1,16.71999931
TRANSFER,5,4,28.85000038,128.2200012,Shipping canceled,0,Electronics,Freeport,EE. UU.,Footwear,USCA,Houston,Estados Unidos,US Center ,Texas,5/8/2016 17:42,5/13/2016 17:42,Standard Class,134.9700012,3,28.85000038
TRANSFER,5,4,133.9100037,278.9700012,Shipping canceled,0,Cardio Equipment,Fort Washington,EE. UU.,Footwear,USCA,Gilbert,Estados Unidos,West of USA ,Arizona,4/2/2016 19:51,4/7/2016 19:51,Standard Class,299.9700012,3,133.9100037
TRANSFER,6,4,79.16000366,272.9700012,Shipping canceled,0,Cardio Equipment,Bakersfield,EE. UU.,Footwear,USCA,San Jose,Estados Unidos,West of USA ,California,8/14/2016 2:51,8/20/2016 2:51,Standard Class,299.9700012,3,79.16000366
TRANSFER,5,4,19.11000061,272.9700012,Shipping canceled,0,Cardio Equipment,Fort Washington,EE. UU.,Footwear,USCA,Gilbert,Estados Unidos,West of USA ,Arizona,4/2/2016 19:51,4/7/2016 19:51,Standard Class,299.9700012,3,19.11000061
TRANSFER,2,4,10.77000046,170.9700012,Shipping canceled,0,Cleats,Corona,EE. UU.,Apparel,USCA,Fresno,Estados Unidos,West of USA ,California,5/18/2016 16:38,5/20/2016 16:38,Standard Class,179.9700012,3,10.77000046
TRANSFER,3,4,-284.5299988,167.3699951,Shipping canceled,0,Cleats,Cincinnati,EE. UU.,Apparel,USCA,Peoria,Estados Unidos,West of USA ,Arizona,5/5/2016 13:40,5/8/2016 13:40,Standard Class,179.9700012,3,-284.5299988
TRANSFER,3,4,69.68000031,158.3699951,Shipping canceled,0,Cleats,Germantown,EE. UU.,Apparel,USCA,Cincinnati,Estados Unidos,East of USA,Ohio,4/21/2016 2:50,4/24/2016 2:50,Standard Class,179.9700012,3,69.68000031
TRANSFER,2,4,7.480000019,118.7699966,Shipping canceled,0,Shop By Sport,Carrollton,EE. UU.,Golf,USCA,Columbus,Estados Unidos,US Center ,Indiana,7/1/2016 8:10,7/3/2016 8:10,Standard Class,119.9700012,3,7.480000019
TRANSFER,3,4,11.02999973,73.5,Shipping canceled,0,Girls' Apparel,Germantown,EE. UU.,Golf,USCA,Cincinnati,Estados Unidos,East of USA,Ohio,4/21/2016 2:50,4/24/2016 2:50,Standard Class,75.0,3,11.02999973
TRANSFER,6,4,-24.8199997,132.0,Shipping canceled,0,Women's Apparel,Houston,EE. UU.,Golf,USCA,Ottawa,Canada,Canada,Ontario,12/17/2016 8:48,12/23/2016 8:48,Standard Class,150.0,3,-24.8199997
TRANSFER,5,4,33.0,132.0,Shipping canceled,0,Women's Apparel,Freeport,EE. UU.,Golf,USCA,Houston,Estados Unidos,US Center ,Texas,5/8/2016 17:42,5/13/2016 17:42,Standard Class,150.0,3,33.0
TRANSFER,6,4,36.54000092,130.5,Shipping canceled,0,Women's Apparel,Houston,EE. UU.,Golf,USCA,Ottawa,Canada,Canada,Ontario,12/17/2016 8:48,12/23/2016 8:48,Standard Class,150.0,3,36.54000092
TRANSFER,4,4,-76.37000275,99.58000183,Shipping canceled,0,Shop By Sport,Carlisle,EE. UU.,Golf,USCA,Kitchener,Canada,Canada,Ontario,8/30/2016 14:02,9/3/2016 14:02,Standard Class,119.9700012,3,-76.37000275
TRANSFER,2,4,8.760000229,99.58000183,Shipping canceled,0,Shop By Sport,Los Angeles,EE. UU.,Golf,USCA,Philadelphia,Estados Unidos,East of USA,Pensilvania,7/27/2016 6:01,7/29/2016 6:01,Standard Class,119.9700012,3,8.760000229
TRANSFER,4,4,36.36999893,74.22000122,Shipping canceled,0,Accessories,Ewa Beach,EE. UU.,Outdoors,USCA,Des Plaines,Estados Unidos,US Center ,Illinois,7/17/2016 10:14,7/21/2016 10:14,Standard Class,74.97000122,3,36.36999893
TRANSFER,6,4,18.12999916,40.29000092,Shipping canceled,0,Trade-In,Lakewood,EE. UU.,Outdoors,USCA,Elmhurst,Estados Unidos,US Center ,Illinois,7/6/2016 10:26,7/12/2016 10:26,Standard Class,47.97000122,3,18.12999916
TRANSFER,2,4,-12.98999977,227.9600067,Shipping canceled,0,Cleats,Rome,EE. UU.,Apparel,Africa,Antananarivo,Madagascar,East Africa,Analamanga,9/9/2016 22:05,9/11/2016 22:05,Standard Class,239.9600067,4,-12.98999977
TRANSFER,6,4,74.04000092,203.9700012,Shipping canceled,0,Cleats,Vista,EE. UU.,Apparel,Africa,Algiers,Argelia,North Africa,Alger,8/26/2016 12:38,9/1/2016 12:38,Standard Class,239.9600067,4,74.04000092
TRANSFER,4,4,90.0,200.0,Shipping canceled,0,Women's Apparel,Fort Worth,EE. UU.,Golf,Africa,Monrovia,Liberia,West Africa,Montserrado,1/16/2017 22:04,1/20/2017 22:04,Standard Class,200.0,4,90.0
TRANSFER,4,4,-2.190000057,156.7599945,Shipping canceled,0,Shop By Sport,Fort Worth,EE. UU.,Golf,Africa,Monrovia,Liberia,West Africa,Montserrado,1/16/2017 22:04,1/20/2017 22:04,Standard Class,159.9600067,4,-2.190000057
TRANSFER,5,4,85.05000305,189.0,Shipping canceled,0,Women's Apparel,Fond Du Lac,EE. UU.,Golf,Africa,Jartum,Sudán,North Africa,Jartum,9/28/2016 10:19,10/3/2016 10:19,Standard Class,200.0,4,85.05000305
TRANSFER,2,4,3.039999962,79.97000122,Shipping canceled,0,Accessories,Philadelphia,EE. UU.,Outdoors,Africa,Gagnoa,Costa de Marfil,West Africa,Fromager,9/3/2016 15:26,9/5/2016 15:26,Standard Class,99.95999908,4,3.039999962
TRANSFER,2,4,-266.7900085,363.9599915,Advance shipping,0,Cardio Equipment,Ontario,EE. UU.,Footwear,Africa,Livingstone,Zambia,East Africa,Meridional,9/16/2016 1:13,9/18/2016 1:13,Standard Class,399.9599915,4,-266.7900085
TRANSFER,4,4,64.79000092,239.9600067,Shipping on time,0,Cleats,Oviedo,EE. UU.,Apparel,Africa,Fes,Marruecos,North Africa,Fez-Bulmán,10/20/2016 3:59,10/24/2016 3:59,Standard Class,239.9600067,4,64.79000092
TRANSFER,5,4,83.62000275,230.3600006,Late delivery,1,Cleats,Buffalo,EE. UU.,Apparel,Africa,Cairo,Egipto,North Africa,El Cairo,1/7/2017 0:11,1/12/2017 0:11,Standard Class,239.9600067,4,83.62000275
TRANSFER,5,4,74.08999634,227.9600067,Late delivery,1,Cleats,Honolulu,EE. UU.,Apparel,Africa,Dakar,Senegal,West Africa,Dakar,10/10/2016 6:06,10/15/2016 6:06,Standard Class,239.9600067,4,74.08999634
TRANSFER,2,4,92.97000122,226.7599945,Advance shipping,0,Cleats,Oceanside,EE. UU.,Apparel,Africa,Hurghada,Egipto,North Africa,Al Bahr al Ahmar,9/6/2016 13:30,9/8/2016 13:30,Standard Class,239.9600067,4,92.97000122
TRANSFER,5,4,70.55999756,208.7700043,Late delivery,1,Cleats,North Tonawanda,EE. UU.,Apparel,Africa,Kenitra,Marruecos,North Africa,Garb-Chrarda-Beni Hsen,1/6/2017 1:25,1/11/2017 1:25,Standard Class,239.9600067,4,70.55999756
TRANSFER,6,4,96.0,200.0,Late delivery,1,Women's Apparel,Clovis,EE. UU.,Golf,Africa,Abidjan,Costa de Marfil,West Africa,Lagunes,12/28/2016 7:33,1/3/2017 7:33,Standard Class,200.0,4,96.0
TRANSFER,5,4,-145.1300049,198.0,Late delivery,1,Women's Apparel,Jamaica,EE. UU.,Golf,Africa,Hurghada,Egipto,North Africa,Al Bahr al Ahmar,8/25/2016 18:46,8/30/2016 18:46,Standard Class,200.0,4,-145.1300049
TRANSFER,4,4,45.0,155.1600037,Shipping on time,0,Shop By Sport,Granite City,EE. UU.,Golf,Africa,Niamey,Níger,West Africa,Niamey,9/5/2016 10:10,9/9/2016 10:10,Standard Class,159.9600067,4,45.0
TRANSFER,5,4,51.09000015,151.1600037,Late delivery,1,Shop By Sport,Medford,EE. UU.,Golf,Africa,Sale,Marruecos,North Africa,Rabat-Salé-Zemur-Zaer,11/28/2016 9:00,12/3/2016 9:00,Standard Class,159.9600067,4,51.09000015
TRANSFER,3,4,31.25,111.5999985,Advance shipping,0,Girls' Apparel,Pomona,EE. UU.,Golf,Africa,Pretoria,SudAfrica,Southern Africa,Gauteng,9/2/2016 13:30,9/5/2016 13:30,Standard Class,120.0,4,31.25
TRANSFER,4,4,-459.0,170.0,Shipping on time,0,Women's Apparel,Tempe,EE. UU.,Golf,Africa,Marrakech,Marruecos,North Africa,Marrakech-Tensift-Al Hauz,11/19/2016 21:27,11/23/2016 21:27,Standard Class,200.0,4,-459.0
TRANSFER,2,4,-248.0,160.0,Advance shipping,0,Women's Apparel,Santa Ana,EE. UU.,Golf,Africa,Bur Sudan,Sudán,North Africa,Mar Rojo,9/14/2016 5:26,9/16/2016 5:26,Standard Class,200.0,4,-248.0
TRANSFER,5,4,13.19999981,150.0,Late delivery,1,Women's Apparel,York,EE. UU.,Golf,Africa,Lagos,Nigeria,West Africa,Lagos,11/5/2016 9:13,11/10/2016 9:13,Standard Class,200.0,4,13.19999981
TRANSFER,4,4,46.29000092,94.45999908,Shipping on time,0,Accessories,Aurora,EE. UU.,Outdoors,Africa,Lagos,Nigeria,West Africa,Lagos,12/8/2016 12:08,12/12/2016 12:08,Standard Class,99.95999908,4,46.29000092
TRANSFER,5,4,182.1399994,395.9599915,Late delivery,1,Cardio Equipment,Simi Valley,EE. UU.,Footwear,Africa,Quelimane,Mozambique,East Africa,Zambezia,1/14/2017 14:22,1/19/2017 14:22,Standard Class,399.9599915,4,182.1399994
TRANSFER,5,4,-261.4400024,391.9599915,Late delivery,1,Cardio Equipment,Silver Spring,EE. UU.,Footwear,Africa,Port Elizabeth,SudAfrica,Southern Africa,Cabo Oriental,11/5/2016 19:43,11/10/2016 19:43,Standard Class,399.9599915,4,-261.4400024
TRANSFER,3,4,178.5800018,379.9599915,Advance shipping,0,Cardio Equipment,Saint Paul,EE. UU.,Footwear,Africa,Shinyanga,Tanzania,East Africa,Shinyanga,9/17/2016 23:07,9/20/2016 23:07,Standard Class,399.9599915,4,178.5800018
TRANSFER,3,4,167.4199982,363.9599915,Advance shipping,0,Cardio Equipment,San Antonio,EE. UU.,Footwear,Africa,Kismaayo,Somalia,East Africa,Jubbada Hoose,11/14/2016 13:14,11/17/2016 13:14,Standard Class,399.9599915,4,167.4199982
TRANSFER,5,4,-76.66999817,359.9599915,Late delivery,1,Cardio Equipment,Philadelphia,EE. UU.,Footwear,Africa,Butare,Ruanda,East Africa,Meridional,12/11/2016 15:49,12/16/2016 15:49,Standard Class,399.9599915,4,-76.66999817
TRANSFER,5,4,165.4199982,351.9599915,Late delivery,1,Cardio Equipment,Philadelphia,EE. UU.,Footwear,Africa,Butare,Ruanda,East Africa,Meridional,12/11/2016 15:49,12/16/2016 15:49,Standard Class,399.9599915,4,165.4199982
TRANSFER,2,4,-82.01000214,351.9599915,Advance shipping,0,Cardio Equipment,Philadelphia,EE. UU.,Footwear,Africa,Cairo,Egipto,North Africa,El Cairo,11/8/2016 13:14,11/10/2016 13:14,Standard Class,399.9599915,4,-82.01000214
TRANSFER,4,4,91.79000092,339.9700012,Shipping on time,0,Cardio Equipment,Bronx,EE. UU.,Footwear,Africa,Newcastle,SudAfrica,Southern Africa,KwaZulu-Natal,11/22/2016 2:00,11/26/2016 2:00,Standard Class,399.9599915,4,91.79000092
DEBIT,2,4,40.56000137,124.7900009,Advance shipping,0,Men's Footwear,Greenville,EE. UU.,Apparel,Pacific Asia,Estambul,Turquía,West Asia,Estambul,8/31/2016 12:06,9/2/2016 12:06,Standard Class,129.9900055,1,40.56000137
DEBIT,2,4,41.18000031,124.7900009,Advance shipping,0,Men's Footwear,Morristown,EE. UU.,Apparel,Pacific Asia,Jerusalén,Israel,West Asia,Jerusalén,9/3/2016 13:41,9/5/2016 13:41,Standard Class,129.9900055,1,41.18000031
DEBIT,4,4,27.36000061,56.99000168,Shipping on time,0,Cleats,San Diego,EE. UU.,Apparel,Pacific Asia,Gold Coast,Australia,Oceania,Queensland,2/16/2016 4:09,2/20/2016 4:09,Standard Class,59.99000168,1,27.36000061
DEBIT,3,4,26.05999947,123.4899979,Advance shipping,0,Men's Footwear,Oxnard,EE. UU.,Apparel,Pacific Asia,Newcastle,Australia,Oceania,Nueva Gales del Sur,12/31/2015 19:27,1/3/2016 19:27,Standard Class,129.9900055,1,26.05999947
DEBIT,2,4,32.47999954,123.4899979,Advance shipping,0,Men's Footwear,Miami,EE. UU.,Apparel,Pacific Asia,Porirua,Nueva Zelanda,Oceania,Wellington,3/26/2016 8:07,3/28/2016 8:07,Standard Class,129.9900055,1,32.47999954
DEBIT,5,4,35.81000137,123.4899979,Late delivery,1,Men's Footwear,Albuquerque,EE. UU.,Apparel,Pacific Asia,Mildura,Australia,Oceania,Victoria,1/2/2016 0:11,1/7/2016 0:11,Standard Class,129.9900055,1,35.81000137
DEBIT,6,4,102.5100021,205.0299988,Late delivery,1,Women's Clothing,Amarillo,EE. UU.,Apparel,Pacific Asia,Brisbane,Australia,Oceania,Queensland,1/27/2018 2:38,2/2/2018 2:38,Standard Class,215.8200073,1,102.5100021
DEBIT,4,4,15.43999958,123.4899979,Shipping on time,0,Men's Footwear,Lutz,EE. UU.,Apparel,Pacific Asia,Daca,Bangladés,South Asia,Daca,1/3/2016 7:22,1/7/2016 7:22,Standard Class,129.9900055,1,15.43999958
DEBIT,2,4,4.570000172,123.4899979,Advance shipping,0,Men's Footwear,Bend,EE. UU.,Apparel,Pacific Asia,Kanpur,India,South Asia,Uttar Pradesh,2/14/2016 5:54,2/16/2016 5:54,Standard Class,129.9900055,1,4.570000172
DEBIT,5,4,61.75,123.4899979,Late delivery,1,Men's Footwear,East Brunswick,EE. UU.,Apparel,Pacific Asia,Bangkok,Tailandia,Southeast Asia,Bangkok,11/28/2015 1:06,12/3/2015 1:06,Standard Class,129.9900055,1,61.75
DEBIT,6,4,38.65000153,123.4899979,Late delivery,1,Men's Footwear,Lancaster,EE. UU.,Apparel,Pacific Asia,Bangkok,Tailandia,Southeast Asia,Bangkok,12/11/2015 15:17,12/17/2015 15:17,Standard Class,129.9900055,1,38.65000153
DEBIT,4,4,14.25,56.99000168,Shipping on time,0,Cleats,Ontario,EE. UU.,Apparel,Pacific Asia,Bagdad,Irak,West Asia,Bagdad,9/17/2016 4:12,9/21/2016 4:12,Standard Class,59.99000168,1,14.25
DEBIT,2,4,-6.170000076,123.4899979,Advance shipping,0,Men's Footwear,Morristown,EE. UU.,Apparel,Pacific Asia,Jerusalén,Israel,West Asia,Jerusalén,9/3/2016 13:41,9/5/2016 13:41,Standard Class,129.9900055,1,-6.170000076
DEBIT,4,4,20.12999916,123.4899979,Shipping on time,0,Men's Footwear,Houston,EE. UU.,Apparel,Pacific Asia,Adana,Turquía,West Asia,Adana,12/12/2016 1:59,12/16/2016 1:59,Standard Class,129.9900055,1,20.12999916
DEBIT,4,4,54.34000015,123.4899979,Shipping on time,0,Men's Footwear,Hampton,EE. UU.,Apparel,Pacific Asia,Riyadh,Arabia Saudí,West Asia,Riad,10/28/2016 15:11,11/1/2016 15:11,Standard Class,129.9900055,1,54.34000015
DEBIT,2,4,43.61000061,436.1000061,Advance shipping,0,Crafts,New York,EE. UU.,Apparel,Pacific Asia,Shenzhen,China,Eastern Asia,Guangdong,12/27/2017 20:01,12/29/2017 20:01,Standard Class,461.480011,1,43.61000061
DEBIT,4,4,42.99000168,122.8399963,Shipping on time,0,Men's Footwear,Porterville,EE. UU.,Apparel,Pacific Asia,Tianjin,China,Eastern Asia,Tianjin,2/12/2016 12:34,2/16/2016 12:34,Standard Class,129.9900055,1,42.99000168
DEBIT,3,4,19.84000015,56.68999863,Advance shipping,0,Cleats,Portland,EE. UU.,Apparel,Pacific Asia,Perth,Australia,Oceania,Australia Occidental,3/15/2016 7:58,3/18/2016 7:58,Standard Class,59.99000168,1,19.84000015
DEBIT,2,4,54.04999924,122.8399963,Advance shipping,0,Men's Footwear,Strongsville,EE. UU.,Apparel,Pacific Asia,Dunedin,Nueva Zelanda,Oceania,Otago,3/28/2016 0:25,3/30/2016 0:25,Standard Class,129.9900055,1,54.04999924
DEBIT,4,4,-184.2599945,122.8399963,Shipping on time,0,Men's Footwear,El Paso,EE. UU.,Apparel,Pacific Asia,Melbourne,Australia,Oceania,Victoria,3/14/2016 20:03,3/18/2016 20:03,Standard Class,129.9900055,1,-184.2599945
DEBIT,5,4,39.91999817,122.8399963,Late delivery,1,Men's Footwear,Del Rio,EE. UU.,Apparel,Pacific Asia,Ulhasnagar,India,South Asia,Maharashtra,11/18/2015 9:53,11/23/2015 9:53,Standard Class,129.9900055,1,39.91999817
DEBIT,6,4,41.52000046,122.8399963,Late delivery,1,Men's Footwear,Buffalo,EE. UU.,Apparel,Pacific Asia,Manila,Filipinas,Southeast Asia,Capital Nacional,12/20/2015 16:29,12/26/2015 16:29,Standard Class,129.9900055,1,41.52000046
DEBIT,4,4,9.210000038,122.8399963,Shipping on time,0,Men's Footwear,Houston,EE. UU.,Apparel,Pacific Asia,Adana,Turquía,West Asia,Adana,12/12/2016 1:59,12/16/2016 1:59,Standard Class,129.9900055,1,9.210000038
DEBIT,4,4,12.27999973,122.8399963,Shipping on time,0,Men's Footwear,Bountiful,EE. UU.,Apparel,Pacific Asia,Mersin,Turquía,West Asia,Mersin,9/10/2016 5:47,9/14/2016 5:47,Standard Class,129.9900055,1,12.27999973
DEBIT,4,4,36.84999847,122.8399963,Shipping on time,0,Men's Footwear,Hampton,EE. UU.,Apparel,Pacific Asia,Riyadh,Arabia Saudí,West Asia,Riad,10/28/2016 15:11,11/1/2016 15:11,Standard Class,129.9900055,1,36.84999847
DEBIT,5,4,60.45000076,120.8899994,Late delivery,1,Men's Footwear,Kent,EE. UU.,Apparel,Pacific Asia,Temirtau,Kazajistán,Central Asia,Karagandá,9/7/2016 1:04,9/12/2016 1:04,Standard Class,129.9900055,1,60.45000076
DEBIT,3,4,-29.37999916,120.8899994,Advance shipping,0,Men's Footwear,Chicago,EE. UU.,Apparel,Pacific Asia,Tengzhou,China,Eastern Asia,Shandong,11/11/2015 3:45,11/14/2015 3:45,Standard Class,129.9900055,1,-29.37999916
DEBIT,3,4,15.10999966,120.8899994,Advance shipping,0,Men's Footwear,Plymouth,EE. UU.,Apparel,Pacific Asia,Nantong,China,Eastern Asia,Jiangsu,12/13/2015 22:17,12/16/2015 22:17,Standard Class,129.9900055,1,15.10999966
DEBIT,4,4,-105.7799988,120.8899994,Shipping on time,0,Men's Footwear,Far Rockaway,EE. UU.,Apparel,Pacific Asia,Dalian,China,Eastern Asia,Liaoning,1/7/2016 5:57,1/11/2016 5:57,Standard Class,129.9900055,1,-105.7799988
DEBIT,4,4,72.86000061,200.7100067,Shipping on time,0,Women's Clothing,Houston,EE. UU.,Apparel,Pacific Asia,Lianyuan,China,Eastern Asia,Hunan,12/14/2017 15:39,12/18/2017 15:39,Standard Class,215.8200073,1,72.86000061
DEBIT,6,4,26.78000069,55.79000092,Late delivery,1,Cleats,Philadelphia,EE. UU.,Apparel,Pacific Asia,Caloundra,Australia,Oceania,Queensland,3/15/2016 3:45,3/21/2016 3:45,Standard Class,59.99000168,1,26.78000069
DEBIT,3,4,31.79000092,120.8899994,Advance shipping,0,Men's Footwear,Simi Valley,EE. UU.,Apparel,Pacific Asia,Melbourne,Australia,Oceania,Victoria,3/16/2016 10:14,3/19/2016 10:14,Standard Class,129.9900055,1,31.79000092
DEBIT,4,4,7.619999886,120.8899994,Shipping on time,0,Men's Footwear,Detroit,EE. UU.,Apparel,Pacific Asia,Bendigo,Australia,Oceania,Victoria,2/6/2016 2:25,2/10/2016 2:25,Standard Class,129.9900055,1,7.619999886
DEBIT,2,4,62.8199997,200.7100067,Advance shipping,0,Women's Clothing,Garden Grove,EE. UU.,Apparel,Pacific Asia,Adelaide,Australia,Oceania,Australia del Sur,1/28/2018 15:46,1/30/2018 15:46,Standard Class,215.8200073,1,62.8199997
DEBIT,4,4,-187.3800049,120.8899994,Shipping on time,0,Men's Footwear,San Diego,EE. UU.,Apparel,Pacific Asia,Ajmer,India,South Asia,Rajastán,12/18/2015 5:59,12/22/2015 5:59,Standard Class,129.9900055,1,-187.3800049
DEBIT,5,4,31.43000031,120.8899994,Late delivery,1,Men's Footwear,Chicago,EE. UU.,Apparel,Pacific Asia,Kerman,Irán,South Asia,Kerman,1/17/2017 12:26,1/22/2017 12:26,Standard Class,129.9900055,1,31.43000031
DEBIT,5,4,-140.5,200.7100067,Late delivery,1,Women's Clothing,Placentia,EE. UU.,Apparel,Pacific Asia,Vadodara,India,South Asia,Guyarat,12/13/2017 20:44,12/18/2017 20:44,Standard Class,215.8200073,1,-140.5
DEBIT,4,4,37.77000046,429.1799927,Shipping on time,0,Crafts,San Jose,EE. UU.,Apparel,Pacific Asia,Semarang,Indonesia,Southeast Asia,Java Central,12/26/2017 18:26,12/30/2017 18:26,Standard Class,461.480011,1,37.77000046
DEBIT,2,4,-193.4299927,120.8899994,Advance shipping,0,Men's Footwear,Honolulu,EE. UU.,Apparel,Pacific Asia,Cirebon,Indonesia,Southeast Asia,Java Occidental,1/27/2016 12:14,1/29/2016 12:14,Standard Class,129.9900055,1,-193.4299927
DEBIT,3,4,76.26999664,200.7100067,Advance shipping,0,Women's Clothing,Mentor,EE. UU.,Apparel,Pacific Asia,Rangún,Myanmar (Birmania),Southeast Asia,Rangún,1/30/2018 11:54,2/2/2018 11:54,Standard Class,215.8200073,1,76.26999664
DEBIT,4,4,12.09000015,120.8899994,Shipping on time,0,Men's Footwear,Santa Clara,EE. UU.,Apparel,Pacific Asia,Kütahya,Turquía,West Asia,Kütahya,8/30/2016 8:47,9/3/2016 8:47,Standard Class,129.9900055,1,12.09000015
DEBIT,5,4,32.63999939,120.8899994,Late delivery,1,Men's Footwear,Union,EE. UU.,Apparel,Pacific Asia,Bagdad,Irak,West Asia,Bagdad,11/17/2016 4:59,11/22/2016 4:59,Standard Class,129.9900055,1,32.63999939
DEBIT,2,4,24.84000015,118.2900009,Advance shipping,0,Men's Footwear,Long Beach,EE. UU.,Apparel,Pacific Asia,Namangán,Uzbekistán,Central Asia,Namangán,12/29/2016 15:26,12/31/2016 15:26,Standard Class,129.9900055,1,24.84000015
DEBIT,2,4,6.170000076,54.59000015,Advance shipping,0,Cleats,Westminster,EE. UU.,Apparel,Pacific Asia,Xinzhou,China,Eastern Asia,Hubei,3/10/2016 4:59,3/12/2016 4:59,Standard Class,59.99000168,1,6.170000076
DEBIT,4,4,94.01999664,191.8699951,Shipping on time,0,Men's Clothing,Pompano Beach,EE. UU.,Apparel,Pacific Asia,Mudanjiang,China,Eastern Asia,Heilongjiang,11/24/2017 19:11,11/28/2017 19:11,Standard Class,210.8500061,1,94.01999664
DEBIT,4,4,22.5,225.0,Shipping on time,0,Women's Apparel,Azusa,EE. UU.,Golf,Africa,Lokossa,Benín,West Africa,Mono,12/10/2016 13:11,12/14/2016 13:11,Standard Class,250.0,5,22.5
DEBIT,2,4,15.39999962,220.0,Advance shipping,0,Women's Apparel,Fort Lauderdale,EE. UU.,Golf,Africa,Ikot Ekpene,Nigeria,West Africa,Akwa Ibom,10/26/2016 6:25,10/28/2016 6:25,Standard Class,250.0,5,15.39999962
DEBIT,3,4,52.18999863,173.9600067,Advance shipping,0,Shop By Sport,San Antonio,EE. UU.,Golf,Africa,Warri,Nigeria,West Africa,Delta,10/19/2016 6:36,10/22/2016 6:36,Standard Class,199.9499969,5,52.18999863
DEBIT,4,4,84.98000336,169.9600067,Shipping on time,0,Shop By Sport,Princeton,EE. UU.,Golf,Africa,Bandundu,República Democrática del Congo,Central Africa,Bandundu,11/6/2016 23:24,11/10/2016 23:24,Standard Class,199.9499969,5,84.98000336
DEBIT,6,4,65.73000336,210.0,Late delivery,1,Women's Apparel,Perth Amboy,EE. UU.,Golf,Africa,Lagos,Nigeria,West Africa,Lagos,9/29/2016 16:27,10/5/2016 16:27,Standard Class,250.0,5,65.73000336
DEBIT,4,4,70.13999939,207.5,Shipping on time,0,Women's Apparel,Miami,EE. UU.,Golf,Africa,Foumban,Camerún,Central Africa,Ouest,9/3/2016 12:38,9/7/2016 12:38,Standard Class,250.0,5,70.13999939
DEBIT,5,4,56.02999878,207.5,Late delivery,1,Women's Apparel,Loveland,EE. UU.,Golf,Africa,Luanda,Angola,Central Africa,Luanda,11/7/2016 10:15,11/12/2016 10:15,Standard Class,250.0,5,56.02999878
DEBIT,3,4,12.86999989,207.5,Advance shipping,0,Women's Apparel,Virginia Beach,EE. UU.,Golf,Africa,Maiduguri,Nigeria,West Africa,Borno,11/12/2016 5:10,11/15/2016 5:10,Standard Class,250.0,5,12.86999989
DEBIT,3,4,64.16999817,205.0,Advance shipping,0,Women's Apparel,Louisville,EE. UU.,Golf,Africa,Nairobi,Kenia,East Africa,Nairobi,11/26/2016 12:30,11/29/2016 12:30,Standard Class,250.0,5,64.16999817
DEBIT,6,4,100.4499969,205.0,Late delivery,1,Women's Apparel,Lockport,EE. UU.,Golf,Africa,Kitwe,Zambia,East Africa,Copperbelt,12/9/2016 22:07,12/15/2016 22:07,Standard Class,250.0,5,100.4499969
DEBIT,5,4,71.75,205.0,Late delivery,1,Women's Apparel,Chicago,EE. UU.,Golf,Africa,Lagos,Nigeria,West Africa,Lagos,10/2/2016 15:55,10/7/2016 15:55,Standard Class,250.0,5,71.75
DEBIT,4,4,72.59999847,200.0,Shipping on time,0,Women's Apparel,Staten Island,EE. UU.,Golf,Africa,Nkongsamba,Camerún,Central Africa,Littoral,10/20/2016 21:30,10/24/2016 21:30,Standard Class,250.0,5,72.59999847
DEBIT,6,4,67.48000336,149.9600067,Late delivery,1,Shop By Sport,Tucson,EE. UU.,Golf,Africa,Mbuji-mayi,República Democrática del Congo,Central Africa,Kasai Oriental,10/6/2016 14:51,10/12/2016 14:51,Standard Class,199.9499969,5,67.48000336
DEBIT,5,4,21.19000053,187.5,Late delivery,1,Women's Apparel,Plymouth,EE. UU.,Golf,Africa,Lome,Togo,West Africa,Marítima,12/19/2016 9:30,12/24/2016 9:30,Standard Class,250.0,5,21.19000053
DEBIT,6,4,59.97999954,124.9499969,Late delivery,1,Accessories,Cleveland,EE. UU.,Outdoors,Africa,Pretoria,SudAfrica,Southern Africa,Gauteng,9/2/2016 12:48,9/8/2016 12:48,Standard Class,124.9499969,5,59.97999954
DEBIT,5,4,35.61000061,118.6999969,Late delivery,1,Accessories,Bronx,EE. UU.,Outdoors,Africa,Dakar,Senegal,West Africa,Dakar,10/11/2016 15:22,10/16/2016 15:22,Standard Class,124.9499969,5,35.61000061
DEBIT,2,4,39.90999985,118.0800018,Advance shipping,0,Accessories,Webster,EE. UU.,Outdoors,Africa,Mahajanga,Madagascar,East Africa,Boeny,10/11/2016 12:34,10/13/2016 12:34,Standard Class,124.9499969,5,39.90999985
DEBIT,5,4,23.27000046,74.34999847,Late delivery,1,Trade-In,Stockton,EE. UU.,Outdoors,Africa,Lome,Togo,West Africa,Marítima,10/27/2016 0:59,11/1/2016 0:59,Standard Class,79.94999695,5,23.27000046
DEBIT,5,4,30.88999939,67.16000366,Late delivery,1,Trade-In,Amarillo,EE. UU.,Outdoors,Africa,Kano,Nigeria,West Africa,Kano,10/5/2016 8:44,10/10/2016 8:44,Standard Class,79.94999695,5,30.88999939
DEBIT,3,4,11.40999985,131.1600037,Advance shipping,0,Electronics,Martinsburg,EE. UU.,Outdoors,Africa,Annaba,Argelia,North Africa,Annaba,12/28/2016 18:46,12/31/2016 18:46,Standard Class,159.9499969,5,11.40999985
DEBIT,2,4,53.97999954,119.9599991,Advance shipping,0,Hunting & Shooting,Cumberland,EE. UU.,Fan Shop,Africa,Casablanca,Marruecos,North Africa,Gran Casablanca,9/1/2016 23:08,9/3/2016 23:08,Standard Class,149.9499969,5,53.97999954
DEBIT,3,4,82.15000153,186.7100067,Advance shipping,0,Tennis & Racquet,Pekin,EE. UU.,Fitness,Africa,Cotonou,Benín,West Africa,Littoral,12/2/2016 6:54,12/5/2016 6:54,Standard Class,224.9499969,5,82.15000153
DEBIT,2,4,66.48999786,474.9500122,Advance shipping,0,Cardio Equipment,Tallahassee,EE. UU.,Footwear,Africa,Jartum,Sudán,North Africa,Jartum,10/8/2016 16:15,10/10/2016 16:15,Standard Class,499.9500122,5,66.48999786
DEBIT,2,4,80.98999786,299.9500122,Advance shipping,0,Cleats,Jacksonville,EE. UU.,Apparel,Africa,Dar es Salaam,Tanzania,East Africa,Dar es Salaam,8/30/2016 2:49,9/1/2016 2:49,Standard Class,299.9500122,5,80.98999786
DEBIT,2,4,54.77000046,165.9600067,Advance shipping,0,Shop By Sport,Woonsocket,EE. UU.,Golf,Africa,Cairo,Egipto,North Africa,El Cairo,10/18/2016 14:29,10/20/2016 14:29,Standard Class,199.9499969,5,54.77000046
DEBIT,6,4,-265.0,200.0,Late delivery,1,Women's Apparel,Stockton,EE. UU.,Golf,Africa,Cape Town,SudAfrica,Southern Africa,Cabo Occidental,8/29/2016 10:42,9/4/2016 10:42,Standard Class,250.0,5,-265.0
DEBIT,6,4,51.15999985,196.7599945,Late delivery,1,Electronics,Lithonia,EE. UU.,Outdoors,Africa,Cape Town,SudAfrica,Southern Africa,Cabo Occidental,12/29/2016 13:20,1/4/2017 13:20,Standard Class,239.9499969,5,51.15999985
DEBIT,6,4,85.48999786,284.9500122,Late delivery,1,Baseball & Softball,Oak Lawn,EE. UU.,Fitness,Europe,Montpellier,Francia,Western Europe,Languedoc-Rosellón-Mediodía-Pirineos,10/13/2015 22:53,10/19/2015 22:53,Standard Class,299.9500122,5,85.48999786
DEBIT,6,4,59.13000107,174.9499969,Late delivery,1,Fitness Accessories,Detroit,EE. UU.,Footwear,Europe,Khmelnytskyi,Ucrania,Eastern Europe,Khmelnytskyi,9/29/2016 4:11,10/5/2016 4:11,Standard Class,174.9499969,5,59.13000107
DEBIT,3,4,84.13999939,494.9500122,Advance shipping,0,Cardio Equipment,Alhambra,EE. UU.,Footwear,Europe,Vannes,Francia,Western Europe,Bretaña,8/10/2015 21:35,8/13/2015 21:35,Standard Class,499.9500122,5,84.13999939
DEBIT,3,4,65.83000183,137.1499939,Advance shipping,0,Electronics,New Haven,EE. UU.,Footwear,Europe,Fuenlabrada,España,Southern Europe,Madrid,8/14/2015 16:40,8/17/2015 16:40,Standard Class,139.9499969,5,65.83000183
DEBIT,6,4,43.11999893,489.9500122,Late delivery,1,Cardio Equipment,North Tonawanda,EE. UU.,Footwear,Europe,Villemomble,Francia,Western Europe,Isla de Francia,8/10/2015 5:07,8/16/2015 5:07,Standard Class,499.9500122,5,43.11999893
DEBIT,2,4,242.4799957,484.9500122,Advance shipping,0,Cardio Equipment,Phoenix,EE. UU.,Footwear,Europe,Montpellier,Francia,Western Europe,Languedoc-Rosellón-Mediodía-Pirineos,7/29/2017 19:42,7/31/2017 19:42,Standard Class,499.9500122,5,242.4799957
DEBIT,4,4,-115.4199982,484.9500122,Shipping on time,0,Cardio Equipment,Kenner,EE. UU.,Footwear,Europe,Gien,Francia,Western Europe,Centro-Valle de Loira,9/5/2017 10:32,9/9/2017 10:32,Standard Class,499.9500122,5,-115.4199982
DEBIT,2,4,109.1100006,484.9500122,Advance shipping,0,Cardio Equipment,Washington,EE. UU.,Footwear,Europe,Neuilly-sur-Seine,Francia,Western Europe,Isla de Francia,6/28/2017 22:43,6/30/2017 22:43,Standard Class,499.9500122,5,109.1100006
DEBIT,5,4,52.43999863,155.1499939,Late delivery,1,Electronics,Holland,EE. UU.,Footwear,Europe,Viersen,Alemania,Western Europe,Renania del Norte-Westfalia,6/15/2015 10:27,6/20/2015 10:27,Standard Class,159.9499969,5,52.43999863
DEBIT,6,4,9.600000381,479.9500122,Late delivery,1,Cardio Equipment,Morrisville,EE. UU.,Footwear,Europe,Verona,Italia,Southern Europe,Véneto,7/6/2017 23:03,7/12/2017 23:03,Standard Class,499.9500122,5,9.600000381
DEBIT,4,4,230.3800049,479.9500122,Shipping on time,0,Cardio Equipment,Memphis,EE. UU.,Footwear,Europe,Fano,Italia,Southern Europe,Marche,9/5/2017 0:02,9/9/2017 0:02,Standard Class,499.9500122,5,230.3800049
DEBIT,3,4,41.79999924,474.9500122,Advance shipping,0,Cardio Equipment,Federal Way,EE. UU.,Footwear,Europe,Gdynia,Polonia,Eastern Europe,Pomerania,11/17/2016 2:32,11/20/2016 2:32,Standard Class,499.9500122,5,41.79999924
DEBIT,6,4,47.5,474.9500122,Late delivery,1,Cardio Equipment,San Diego,EE. UU.,Footwear,Europe,Talavera de la Reina,España,Southern Europe,Castilla-La Mancha,7/15/2017 3:15,7/21/2017 3:15,Standard Class,499.9500122,5,47.5
DEBIT,2,4,218.4799957,474.9500122,Advance shipping,0,Cardio Equipment,Chicago,EE. UU.,Footwear,Europe,Montreuil,Francia,Western Europe,Isla de Francia,9/13/2017 7:01,9/15/2017 7:01,Standard Class,499.9500122,5,218.4799957
DEBIT,5,4,-9.81000042,166.1999969,Late delivery,1,Fitness Accessories,Los Angeles,EE. UU.,Footwear,Europe,Marseille,Francia,Western Europe,Provenza-Alpes-Costa Azul,10/3/2015 15:33,10/8/2015 15:33,Standard Class,174.9499969,5,-9.81000042
DEBIT,6,4,82.66000366,165.3300018,Late delivery,1,Fitness Accessories,Bronx,EE. UU.,Footwear,Europe,Lisbon,Portugal,Southern Europe,Lisboa,10/3/2015 1:53,10/9/2015 1:53,Standard Class,174.9499969,5,82.66000366
DEBIT,5,4,174.3600006,464.9500122,Late delivery,1,As Seen on  TV!,Long Beach,EE. UU.,Footwear,Europe,Wolverhampton,Reino Unido,Northern Europe,Inglaterra,9/2/2017 21:35,9/7/2017 21:35,Standard Class,499.9500122,5,174.3600006
DEBIT,6,4,159.2299957,454.9500122,Late delivery,1,Cardio Equipment,Chicago,EE. UU.,Footwear,Europe,Satu Mare,Rumania,Eastern Europe,Satu Mare,11/16/2016 10:04,11/22/2016 10:04,Standard Class,499.9500122,5,159.2299957
TRANSFER,3,4,49.97000122,101.9800034,Advance shipping,0,Cleats,West Covina,EE. UU.,Apparel,LATAM,Guadalajara,México,Central America,Jalisco,3/13/2017 21:18,3/16/2017 21:18,Standard Class,119.9800034,2,49.97000122
TRANSFER,6,4,46.90999985,101.9800034,Late delivery,1,Cleats,Ventura,EE. UU.,Apparel,LATAM,Cúcuta,Colombia,South America,Norte de Santander,6/1/2017 8:13,6/7/2017 8:13,Standard Class,119.9800034,2,46.90999985
TRANSFER,2,4,32.36000061,99.58000183,Advance shipping,0,Cleats,Washington,EE. UU.,Apparel,LATAM,Zacatecas,México,Central America,Zacatecas,2/21/2017 5:12,2/23/2017 5:12,Standard Class,119.9800034,2,32.36000061
TRANSFER,4,4,36.84999847,99.58000183,Shipping on time,0,Cleats,Valrico,EE. UU.,Apparel,LATAM,Chihuahua,México,Central America,Chihuahua,4/6/2017 11:27,4/10/2017 11:27,Standard Class,119.9800034,2,36.84999847
TRANSFER,6,4,49.79000092,99.58000183,Late delivery,1,Cleats,Kaneohe,EE. UU.,Apparel,LATAM,Brasília,Brasil,South America,Distrito Federal,1/27/2017 2:16,2/2/2017 2:16,Standard Class,119.9800034,2,49.79000092
TRANSFER,3,4,35.0,100.0,Advance shipping,0,Women's Apparel,Ventura,EE. UU.,Golf,LATAM,Santarém,Brasil,South America,Pará,2/12/2015 20:36,2/15/2015 20:36,Standard Class,100.0,2,35.0
TRANSFER,2,4,43.0,100.0,Advance shipping,0,Women's Apparel,Brooklyn,EE. UU.,Golf,LATAM,Joinville,Brasil,South America,Santa Catarina,3/5/2017 18:30,3/7/2017 18:30,Standard Class,100.0,2,43.0
TRANSFER,4,4,0.0,99.0,Shipping on time,0,Women's Apparel,Oceanside,EE. UU.,Golf,LATAM,Monterrey,México,Central America,Nuevo León,5/5/2017 17:53,5/9/2017 17:53,Standard Class,100.0,2,0.0
TRANSFER,2,4,21.77000046,79.18000031,Advance shipping,0,Shop By Sport,Fort Worth,EE. UU.,Golf,LATAM,Pitalito,Colombia,South America,Huila,4/19/2015 4:03,4/21/2015 4:03,Standard Class,79.98000336,2,21.77000046
TRANSFER,4,4,10.96000004,97.0,Shipping on time,0,Women's Apparel,Plymouth,EE. UU.,Golf,LATAM,Puebla,México,Central America,Puebla,3/20/2015 1:17,3/24/2015 1:17,Standard Class,100.0,2,10.96000004
TRANSFER,3,4,41.27999878,96.0,Advance shipping,0,Women's Apparel,Brooklyn,EE. UU.,Golf,LATAM,Santo Domingo,República Dominicana,Caribbean,Santo Domingo,5/22/2017 1:56,5/25/2017 1:56,Standard Class,100.0,2,41.27999878
TRANSFER,4,4,26.87000084,76.77999878,Shipping on time,0,Shop By Sport,Cleveland,EE. UU.,Golf,LATAM,Querétaro,México,Central America,Querétaro,5/18/2017 12:26,5/22/2017 12:26,Standard Class,79.98000336,2,26.87000084
TRANSFER,5,4,34.18999863,75.98000336,Late delivery,1,Shop By Sport,Philadelphia,EE. UU.,Golf,LATAM,Chaguanas,Trinidad y Tobago,Caribbean,Chaguanas,2/20/2015 11:29,2/25/2015 11:29,Standard Class,79.98000336,2,34.18999863
TRANSFER,6,4,35.70999908,75.98000336,Late delivery,1,Shop By Sport,Lodi,EE. UU.,Golf,LATAM,Chimaltenango,Guatemala,Central America,Chimaltenango,5/4/2015 15:04,5/10/2015 15:04,Standard Class,79.98000336,2,35.70999908
TRANSFER,6,4,11.88000011,95.0,Late delivery,1,Women's Apparel,Bakersfield,EE. UU.,Golf,LATAM,Belo Horizonte,Brasil,South America,Minas Gerais,2/19/2017 7:19,2/25/2017 7:19,Standard Class,100.0,2,11.88000011
TRANSFER,5,4,18.52000046,132.3000031,Late delivery,1,Girls' Apparel,Philadelphia,EE. UU.,Golf,LATAM,Tlaquepaque,México,Central America,Jalisco,1/30/2015 9:14,2/4/2015 9:14,Standard Class,140.0,2,18.52000046
TRANSFER,5,4,17.44000053,46.5,Late delivery,1,Girls' Apparel,Long Beach,EE. UU.,Golf,LATAM,San Miguelito,Panamá,Central America,Panamá,3/26/2017 23:33,3/31/2017 23:33,Standard Class,50.0,2,17.44000053
TRANSFER,3,4,30.22999954,93.0,Advance shipping,0,Women's Apparel,San Jose,EE. UU.,Golf,LATAM,Hermosillo,México,Central America,Sonora,2/6/2017 13:27,2/9/2017 13:27,Standard Class,100.0,2,30.22999954
TRANSFER,3,4,-162.75,93.0,Advance shipping,0,Women's Apparel,Murfreesboro,EE. UU.,Golf,LATAM,Coacalco,México,Central America,México,3/31/2017 16:43,4/3/2017 16:43,Standard Class,100.0,2,-162.75
TRANSFER,5,4,24.60000038,72.77999878,Late delivery,1,Shop By Sport,Carlsbad,EE. UU.,Golf,LATAM,Balneário Camboriú,Brasil,South America,Santa Catarina,4/24/2017 3:43,4/29/2017 3:43,Standard Class,79.98000336,2,24.60000038
TRANSFER,3,4,35.99000168,71.98000336,Advance shipping,0,Shop By Sport,Hamilton,EE. UU.,Golf,LATAM,Tegucigalpa,Honduras,Central America,Francisco Morazán,3/31/2017 14:58,4/3/2017 14:58,Standard Class,79.98000336,2,35.99000168
TRANSFER,4,4,17.12999916,71.98000336,Shipping on time,0,Shop By Sport,Houston,EE. UU.,Golf,LATAM,Petapa,Guatemala,Central America,Guatemala,3/28/2015 0:13,4/1/2015 0:13,Standard Class,79.98000336,2,17.12999916
TRANSFER,4,4,41.40000153,90.0,Shipping on time,0,Women's Apparel,New York,EE. UU.,Golf,LATAM,La Ceiba,Honduras,Central America,Atlántida,3/22/2015 16:21,3/26/2015 16:21,Standard Class,100.0,2,41.40000153
TRANSFER,3,4,23.38999939,71.98000336,Advance shipping,0,Shop By Sport,Hayward,EE. UU.,Golf,LATAM,Maturín,Venezuela,South America,Monagas,1/6/2015 8:13,1/9/2015 8:13,Standard Class,79.98000336,2,23.38999939
TRANSFER,4,4,21.42000008,90.0,Shipping on time,0,Women's Apparel,Bridgeton,EE. UU.,Golf,LATAM,Parintins,Brasil,South America,Amazonas,2/3/2017 5:14,2/7/2017 5:14,Standard Class,100.0,2,21.42000008
TRANSFER,5,4,28.17000008,90.0,Late delivery,1,Women's Apparel,Martinsburg,EE. UU.,Golf,LATAM,São Paulo,Brasil,South America,São Paulo,1/27/2015 0:39,2/1/2015 0:39,Standard Class,100.0,2,28.17000008
TRANSFER,3,4,-11.47000027,70.37999725,Advance shipping,0,Shop By Sport,Bay Shore,EE. UU.,Golf,LATAM,Santiago de Cuba,Cuba,Caribbean,Santiago de Cuba,5/30/2017 11:22,6/2/2017 11:22,Standard Class,79.98000336,2,-11.47000027
TRANSFER,2,4,29.04000092,88.0,Advance shipping,0,Women's Apparel,Palatine,EE. UU.,Golf,LATAM,Puebla,México,Central America,Puebla,4/9/2015 21:35,4/11/2015 21:35,Standard Class,100.0,2,29.04000092
TRANSFER,3,4,23.48999977,87.0,Advance shipping,0,Women's Apparel,Smyrna,EE. UU.,Golf,LATAM,Mixco,Guatemala,Central America,Guatemala,3/7/2015 11:38,3/10/2015 11:38,Standard Class,100.0,2,23.48999977
TRANSFER,2,4,19.12999916,85.0,Advance shipping,0,Women's Apparel,Van Nuys,EE. UU.,Golf,LATAM,Huehuetenango,Guatemala,Central America,Huehuetenango,5/22/2015 7:20,5/24/2015 7:20,Standard Class,100.0,2,19.12999916
TRANSFER,4,4,5.96999979,66.37999725,Shipping on time,0,Shop By Sport,Opa Locka,EE. UU.,Golf,LATAM,Chinautla,Guatemala,Central America,Guatemala,6/7/2017 12:25,6/11/2017 12:25,Standard Class,79.98000336,2,5.96999979
TRANSFER,2,4,7.210000038,65.58000183,Advance shipping,0,Girls' Apparel,Los Angeles,EE. UU.,Golf,LATAM,Apopa,El Salvador,Central America,San Salvador,2/16/2017 0:50,2/18/2017 0:50,Standard Class,79.98000336,2,7.210000038
TRANSFER,2,4,21.63999939,65.58000183,Advance shipping,0,Shop By Sport,Saint Paul,EE. UU.,Golf,LATAM,Sorocaba,Brasil,South America,São Paulo,2/6/2017 20:07,2/8/2017 20:07,Standard Class,79.98000336,2,21.63999939
TRANSFER,6,4,-9.050000191,65.58000183,Late delivery,1,Shop By Sport,Edison,EE. UU.,Golf,LATAM,San Justo,Argentina,South America,Santa Fe,3/10/2015 0:15,3/16/2015 0:15,Standard Class,79.98000336,2,-9.050000191
TRANSFER,5,4,7.21999979,82.0,Late delivery,1,Women's Apparel,Baytown,EE. UU.,Golf,LATAM,Colombo,Brasil,South America,Paraná,2/21/2015 15:31,2/26/2015 15:31,Standard Class,100.0,2,7.21999979
TRANSFER,2,4,37.59999847,80.0,Advance shipping,0,Women's Apparel,Los Angeles,EE. UU.,Golf,LATAM,Apopa,El Salvador,Central America,San Salvador,2/16/2017 0:50,2/18/2017 0:50,Standard Class,100.0,2,37.59999847
TRANSFER,4,4,36.79999924,80.0,Shipping on time,0,Women's Apparel,Sylmar,EE. UU.,Golf,LATAM,Itu,Brasil,South America,São Paulo,3/6/2017 9:13,3/10/2017 9:13,Standard Class,100.0,2,36.79999924
TRANSFER,2,4,16.20000076,59.99000168,Advance shipping,0,Shop By Sport,Palatine,EE. UU.,Golf,LATAM,Puebla,México,Central America,Puebla,4/9/2015 21:35,4/11/2015 21:35,Standard Class,79.98000336,2,16.20000076
TRANSFER,5,4,27.59000015,59.99000168,Late delivery,1,Shop By Sport,Bend,EE. UU.,Golf,LATAM,Cuernavaca,México,Central America,Morelos,2/6/2017 1:54,2/11/2017 1:54,Standard Class,79.98000336,2,27.59000015
TRANSFER,2,4,12.75,75.0,Advance shipping,0,Women's Apparel,Baytown,EE. UU.,Golf,LATAM,Villa Nueva,Guatemala,Central America,Guatemala,5/31/2017 2:47,6/2/2017 2:47,Standard Class,100.0,2,12.75
TRANSFER,6,4,19.0,63.34000015,Late delivery,1,Electronics,Lodi,EE. UU.,Outdoors,LATAM,Chimaltenango,Guatemala,Central America,Chimaltenango,5/4/2015 15:04,5/10/2015 15:04,Standard Class,63.97999954,2,19.0
TRANSFER,3,4,13.69999981,47.22999954,Advance shipping,0,Accessories,Opa Locka,EE. UU.,Outdoors,LATAM,Águas Lindas de Goiás,Brasil,South America,Goiás,3/25/2015 8:49,3/28/2015 8:49,Standard Class,49.97999954,2,13.69999981
TRANSFER,5,4,15.82999992,35.97999954,Late delivery,1,Golf Balls,Burnsville,EE. UU.,Outdoors,LATAM,Vespasiano,Brasil,South America,Minas Gerais,5/16/2015 21:00,5/21/2015 21:00,Standard Class,39.97999954,2,15.82999992
TRANSFER,6,4,26.44000053,84.45999908,Late delivery,1,Electronics,Huntington Station,EE. UU.,Outdoors,LATAM,Bogotá,Colombia,South America,Bogotá,4/29/2015 3:41,5/5/2015 3:41,Standard Class,95.98000336,2,26.44000053
TRANSFER,3,4,-45.88999939,262.2000122,Advance shipping,0,Sporting Goods,Caguas,Puerto Rico,Fitness,Pacific Asia,Bhilai,India,South Asia,Chhattisgarh,1/12/2018 19:59,1/15/2018 19:59,Standard Class,327.75,1,-45.88999939
DEBIT,2,4,103.2399979,245.8099976,Advance shipping,0,Sporting Goods,Sunnyvale,EE. UU.,Fitness,Pacific Asia,Qingdao,China,Eastern Asia,Shandong,1/12/2018 19:38,1/14/2018 19:38,Standard Class,327.75,1,103.2399979
DEBIT,6,2,81.94000244,327.75,Late delivery,1,Sporting Goods,Sugar Land,EE. UU.,Fitness,Pacific Asia,Qingdao,China,Eastern Asia,Shandong,1/12/2018 19:17,1/18/2018 19:17,Second Class,327.75,1,81.94000244
DEBIT,5,4,24.34000015,324.4700012,Late delivery,1,Sporting Goods,Caguas,Puerto Rico,Fitness,Pacific Asia,Herat,Afganistán,South Asia,Herat,1/12/2018 18:56,1/17/2018 18:56,Standard Class,327.75,1,24.34000015
PAYMENT,4,4,-36.29999924,321.2000122,Shipping on time,0,Sporting Goods,Brighton,EE. UU.,Fitness,Pacific Asia,Herat,Afganistán,South Asia,Herat,1/12/2018 18:35,1/16/2018 18:35,Standard Class,327.75,1,-36.29999924
DEBIT,3,4,111.2699966,317.9200134,Advance shipping,0,Sporting Goods,Caguas,Puerto Rico,Fitness,Pacific Asia,Herat,Afganistán,South Asia,Herat,1/12/2018 18:14,1/15/2018 18:14,Standard Class,327.75,1,111.2699966
TRANSFER,2,4,114.2099991,314.6400146,Shipping canceled,0,Sporting Goods,Garden Grove,EE. UU.,Fitness,Pacific Asia,Sydney,Australia,Oceania,Nueva Gales del Sur,1/12/2018 17:53,1/14/2018 17:53,Standard Class,327.75,1,114.2099991
PAYMENT,6,2,-71.30000305,311.3599854,Late delivery,1,Sporting Goods,Caguas,Puerto Rico,Fitness,Pacific Asia,Bandung,Indonesia,Southeast Asia,Java Occidental,1/12/2018 17:32,1/18/2018 17:32,Second Class,327.75,1,-71.30000305
TRANSFER,5,4,37.16999817,309.7200012,Late delivery,1,Sporting Goods,Bismarck,EE. UU.,Fitness,Pacific Asia,Newcastle,Australia,Oceania,Nueva Gales del Sur,1/12/2018 17:11,1/17/2018 17:11,Standard Class,327.75,1,37.16999817
DEBIT,2,1,146.3099976,304.8099976,Late delivery,1,Sporting Goods,Caguas,Puerto Rico,Fitness,Pacific Asia,Tongchuan,China,Eastern Asia,Shaanxi,1/12/2018 16:50,1/14/2018 16:50,First Class,327.75,1,146.3099976
TRANSFER,3,4,74.55999756,298.25,Advance shipping,0,Sporting Goods,Gaithersburg,EE. UU.,Fitness,Pacific Asia,Tongchuan,China,Eastern Asia,Shaanxi,1/12/2018 16:29,1/15/2018 16:29,Standard Class,327.75,1,74.55999756
DEBIT,2,4,59.0,294.980011,Advance shipping,0,Sporting Goods,Caguas,Puerto Rico,Fitness,Pacific Asia,Tongchuan,China,Eastern Asia,Shaanxi,1/12/2018 16:08,1/14/2018 16:08,Standard Class,327.75,1,59.0
DEBIT,6,4,83.63999939,288.4200134,Late delivery,1,Sporting Goods,Bismarck,EE. UU.,Fitness,Pacific Asia,Tongchuan,China,Eastern Asia,Shaanxi,1/12/2018 15:47,1/18/2018 15:47,Standard Class,327.75,1,83.63999939
TRANSFER,5,4,136.8699951,285.1400146,Late delivery,1,Sporting Goods,Honolulu,EE. UU.,Fitness,Pacific Asia,Ujjain,India,South Asia,Madhya Pradesh,1/12/2018 15:26,1/17/2018 15:26,Standard Class,327.75,1,136.8699951
DEBIT,4,4,20.88999939,278.5899963,Shipping on time,0,Sporting Goods,Lilburn,EE. UU.,Fitness,Pacific Asia,Ujjain,India,South Asia,Madhya Pradesh,1/12/2018 15:05,1/16/2018 15:05,Standard Class,327.75,1,20.88999939
TRANSFER,3,4,-55.06000137,275.3099976,Advance shipping,0,Sporting Goods,Caguas,Puerto Rico,Fitness,Pacific Asia,Balikpapan,Indonesia,Southeast Asia,Kalimantan Oriental,1/12/2018 14:44,1/15/2018 14:44,Standard Class,327.75,1,-55.06000137
TRANSFER,2,4,36.18000031,272.0299988,Advance shipping,0,Sporting Goods,Virginia Beach,EE. UU.,Fitness,Pacific Asia,Balikpapan,Indonesia,Southeast Asia,Kalimantan Oriental,1/12/2018 14:23,1/14/2018 14:23,Standard Class,327.75,1,36.18000031
PAYMENT,6,2,131.6900024,268.7600098,Late delivery,1,Sporting Goods,Azusa,EE. UU.,Fitness,Pacific Asia,Balikpapan,Indonesia,Southeast Asia,Kalimantan Oriental,1/12/2018 14:02,1/18/2018 14:02,Second Class,327.75,1,131.6900024
PAYMENT,5,4,91.76999664,262.2000122,Late delivery,1,Sporting Goods,Long Beach,EE. UU.,Fitness,Pacific Asia,Balikpapan,Indonesia,Southeast Asia,Kalimantan Oriental,1/12/2018 13:41,1/17/2018 13:41,Standard Class,327.75,1,91.76999664
TRANSFER,4,4,-163.9600067,245.8099976,Shipping on time,0,Sporting Goods,Bronx,EE. UU.,Fitness,Pacific Asia,Pune,India,South Asia,Maharashtra,1/12/2018 13:20,1/16/2018 13:20,Standard Class,327.75,1,-163.9600067
TRANSFER,3,4,144.2100067,327.75,Advance shipping,0,Sporting Goods,Caguas,Puerto Rico,Fitness,Pacific Asia,Pune,India,South Asia,Maharashtra,1/12/2018 12:59,1/15/2018 12:59,Standard Class,327.75,1,144.2100067
DEBIT,2,1,32.45000076,324.4700012,Late delivery,1,Sporting Goods,Provo,EE. UU.,Fitness,Pacific Asia,Pune,India,South Asia,Maharashtra,1/12/2018 12:38,1/14/2018 12:38,First Class,327.75,1,32.45000076
DEBIT,2,1,93.15000153,321.2000122,Late delivery,1,Sporting Goods,Columbia,EE. UU.,Fitness,Pacific Asia,Pune,India,South Asia,Maharashtra,1/12/2018 12:17,1/14/2018 12:17,First Class,327.75,1,93.15000153
DEBIT,2,1,79.48000336,317.9200134,Late delivery,1,Sporting Goods,Caguas,Puerto Rico,Fitness,Pacific Asia,Pune,India,South Asia,Maharashtra,1/12/2018 11:56,1/14/2018 11:56,First Class,327.75,1,79.48000336
TRANSFER,2,1,100.6800003,314.6400146,Late delivery,1,Sporting Goods,Stockton,EE. UU.,Fitness,Pacific Asia,Weifang,China,Eastern Asia,Shandong,1/12/2018 11:35,1/14/2018 11:35,First Class,327.75,1,100.6800003
TRANSFER,0,0,149.4499969,311.3599854,Shipping on time,0,Sporting Goods,Marietta,EE. UU.,Fitness,Pacific Asia,Yogyakarta,Indonesia,Southeast Asia,Yogyakarta,1/12/2018 11:14,1/12/2018 23:14,Same Day,327.75,1,149.4499969
PAYMENT,0,0,80.52999878,309.7200012,Shipping on time,0,Sporting Goods,Caguas,Puerto Rico,Fitness,Pacific Asia,Yogyakarta,Indonesia,Southeast Asia,Yogyakarta,1/12/2018 10:53,1/12/2018 22:53,Same Day,327.75,1,80.52999878
CASH,0,0,-34.75,304.8099976,Shipping on time,0,Sporting Goods,Holland,EE. UU.,Fitness,Pacific Asia,Toowoomba,Australia,Oceania,Queensland,1/12/2018 10:32,1/12/2018 22:32,Same Day,327.75,1,-34.75
TRANSFER,5,4,146.1399994,298.25,Late delivery,1,Sporting Goods,Rio Grande,Puerto Rico,Fitness,Pacific Asia,Toowoomba,Australia,Oceania,Queensland,1/12/2018 10:11,1/17/2018 10:11,Standard Class,327.75,1,146.1399994
PAYMENT,4,4,22.12000084,294.980011,Shipping on time,0,Sporting Goods,Brooklyn,EE. UU.,Fitness,Pacific Asia,Toowoomba,Australia,Oceania,Queensland,1/12/2018 9:50,1/16/2018 9:50,Standard Class,327.75,1,22.12000084
TRANSFER,3,4,-447.0499878,288.4200134,Advance shipping,0,Sporting Goods,Caguas,Puerto Rico,Fitness,Pacific Asia,Rockhampton,Australia,Oceania,Queensland,1/12/2018 9:29,1/15/2018 9:29,Standard Class,327.75,1,-447.0499878
DEBIT,2,4,106.9300003,285.1400146,Advance shipping,0,Sporting Goods,Denver,EE. UU.,Fitness,Pacific Asia,Rockhampton,Australia,Oceania,Queensland,1/12/2018 9:08,1/14/2018 9:08,Standard Class,327.75,1,106.9300003
DEBIT,6,4,-459.6700134,278.5899963,Late delivery,1,Sporting Goods,Taylor,EE. UU.,Fitness,Pacific Asia,Rockhampton,Australia,Oceania,Queensland,1/12/2018 8:47,1/18/2018 8:47,Standard Class,327.75,1,-459.6700134
TRANSFER,5,4,-61.93999863,275.3099976,Shipping canceled,0,Sporting Goods,Caguas,Puerto Rico,Fitness,Pacific Asia,Siping,China,Eastern Asia,Jilin,1/12/2018 8:26,1/17/2018 8:26,Standard Class,327.75,1,-61.93999863
DEBIT,4,2,111.5299988,272.0299988,Late delivery,1,Sporting Goods,Chicago,EE. UU.,Fitness,Pacific Asia,Perth,Australia,Oceania,Australia Occidental,1/12/2018 8:05,1/16/2018 8:05,Second Class,327.75,1,111.5299988
DEBIT,3,4,131.6900024,268.7600098,Advance shipping,0,Sporting Goods,Caguas,Puerto Rico,Fitness,Pacific Asia,Perth,Australia,Oceania,Australia Occidental,1/12/2018 7:44,1/15/2018 7:44,Standard Class,327.75,1,131.6900024
DEBIT,2,2,85.22000122,262.2000122,Shipping on time,0,Sporting Goods,Detroit,EE. UU.,Fitness,Pacific Asia,Shanghái,China,Eastern Asia,Shanghái,1/12/2018 7:23,1/14/2018 7:23,Second Class,327.75,1,85.22000122
PAYMENT,2,1,63.90999985,245.8099976,Late delivery,1,Sporting Goods,Caguas,Puerto Rico,Fitness,Pacific Asia,Depok,Indonesia,Southeast Asia,Yogyakarta,1/12/2018 7:02,1/14/2018 7:02,First Class,327.75,1,63.90999985
DEBIT,5,2,-273.019989,327.75,Late delivery,1,Sporting Goods,Murfreesboro,EE. UU.,Fitness,Pacific Asia,Depok,Indonesia,Southeast Asia,Yogyakarta,1/12/2018 6:41,1/17/2018 6:41,Second Class,327.75,1,-273.019989
PAYMENT,4,2,-259.5799866,324.4700012,Late delivery,1,Sporting Goods,Caguas,Puerto Rico,Fitness,Pacific Asia,Kawasaki,Japón,Eastern Asia,Kanagawa,1/12/2018 6:20,1/16/2018 6:20,Second Class,327.75,1,-259.5799866
DEBIT,3,4,20.23999977,321.2000122,Advance shipping,0,Sporting Goods,Cleveland,EE. UU.,Fitness,Pacific Asia,Lahore,Pakistán,South Asia,Punyab,1/12/2018 5:59,1/15/2018 5:59,Standard Class,327.75,1,20.23999977
TRANSFER,2,4,111.2699966,317.9200134,Advance shipping,0,Sporting Goods,Caguas,Puerto Rico,Fitness,Pacific Asia,Shanghái,China,Eastern Asia,Shanghái,1/12/2018 5:38,1/14/2018 5:38,Standard Class,327.75,1,111.2699966
DEBIT,6,4,0.0,314.6400146,Late delivery,1,Sporting Goods,Lockport,EE. UU.,Fitness,Pacific Asia,Bangalore,India,South Asia,Karnataka,1/12/2018 5:16,1/18/2018 5:16,Standard Class,327.75,1,0.0
PAYMENT,5,4,97.45999908,311.3599854,Late delivery,1,Sporting Goods,Caguas,Puerto Rico,Fitness,Pacific Asia,Bangalore,India,South Asia,Karnataka,1/12/2018 4:55,1/17/2018 4:55,Standard Class,327.75,1,97.45999908
PAYMENT,4,2,89.8199997,309.7200012,Late delivery,1,Sporting Goods,Saint Charles,EE. UU.,Fitness,Pacific Asia,Bangalore,India,South Asia,Karnataka,1/12/2018 4:34,1/16/2018 4:34,Second Class,327.75,1,89.8199997
TRANSFER,3,2,85.34999847,304.8099976,Shipping canceled,0,Sporting Goods,Los Angeles,EE. UU.,Fitness,Pacific Asia,Bangalore,India,South Asia,Karnataka,1/12/2018 4:13,1/15/2018 4:13,Second Class,327.75,1,85.34999847
TRANSFER,2,4,125.2699966,298.25,Advance shipping,0,Sporting Goods,Cupertino,EE. UU.,Fitness,Pacific Asia,Bangalore,India,South Asia,Karnataka,1/12/2018 3:52,1/14/2018 3:52,Standard Class,327.75,1,125.2699966
PAYMENT,6,4,91.44000244,294.980011,Late delivery,1,Sporting Goods,Caguas,Puerto Rico,Fitness,Pacific Asia,Malang,Indonesia,Southeast Asia,Java Oriental,1/12/2018 3:31,1/18/2018 3:31,Standard Class,327.75,1,91.44000244
TRANSFER,5,4,77.87000275,288.4200134,Late delivery,1,Sporting Goods,Springfield,EE. UU.,Fitness,Pacific Asia,Ho Chi Minh City,Vietnam,Southeast Asia,Ciudad Ho Chi Minh,1/12/2018 3:10,1/17/2018 3:10,Standard Class,327.75,1,77.87000275
PAYMENT,4,2,82.69000244,285.1400146,Late delivery,1,Sporting Goods,Caguas,Puerto Rico,Fitness,Pacific Asia,Ho Chi Minh City,Vietnam,Southeast Asia,Ciudad Ho Chi Minh,1/12/2018 2:49,1/16/2018 2:49,Second Class,327.75,1,82.69000244
TRANSFER,3,4,69.65000153,278.5899963,Advance shipping,0,Sporting Goods,Mission Viejo,EE. UU.,Fitness,Pacific Asia,Ho Chi Minh City,Vietnam,Southeast Asia,Ciudad Ho Chi Minh,1/12/2018 2:28,1/15/2018 2:28,Standard Class,327.75,1,69.65000153
DEBIT,2,4,134.8999939,275.3099976,Advance shipping,0,Sporting Goods,Los Angeles,EE. UU.,Fitness,Pacific Asia,Ho Chi Minh City,Vietnam,Southeast Asia,Ciudad Ho Chi Minh,1/12/2018 2:07,1/14/2018 2:07,Standard Class,327.75,1,134.8999939
CASH,6,2,-199.3999939,272.0299988,Late delivery,1,Sporting Goods,Caguas,Puerto Rico,Fitness,Pacific Asia,Shenyang,China,Eastern Asia,Liaoning,1/12/2018 1:46,1/18/2018 1:46,Second Class,327.75,1,-199.3999939
TRANSFER,5,2,-215.0,268.7600098,Late delivery,1,Sporting Goods,Roswell,EE. UU.,Fitness,Pacific Asia,Shenyang,China,Eastern Asia,Liaoning,1/12/2018 1:25,1/17/2018 1:25,Second Class,327.75,1,-215.0
PAYMENT,2,1,82.0699997,262.2000122,Late delivery,1,Sporting Goods,Caguas,Puerto Rico,Fitness,Pacific Asia,Daegu,Corea del Sur,Eastern Asia,Daegu,1/12/2018 1:04,1/14/2018 1:04,First Class,327.75,1,82.0699997
CASH,2,1,76.94000244,245.8099976,Late delivery,1,Sporting Goods,Ypsilanti,EE. UU.,Fitness,Pacific Asia,Manila,Filipinas,Southeast Asia,Capital Nacional,1/12/2018 0:43,1/14/2018 0:43,First Class,327.75,1,76.94000244
CASH,2,2,-540.789978,327.75,Shipping on time,0,Sporting Goods,Brooklyn,EE. UU.,Fitness,Pacific Asia,Manila,Filipinas,Southeast Asia,Capital Nacional,1/12/2018 0:22,1/14/2018 0:22,Second Class,327.75,1,-540.789978
DEBIT,6,2,-146.0099945,324.4700012,Late delivery,1,Sporting Goods,Caguas,Puerto Rico,Fitness,Pacific Asia,Rajkot,India,South Asia,Guyarat,1/12/2018 0:01,1/18/2018 0:01,Second Class,327.75,1,-146.0099945
PAYMENT,5,2,93.15000153,321.2000122,Late delivery,1,Sporting Goods,Peoria,EE. UU.,Fitness,Pacific Asia,Rajkot,India,South Asia,Guyarat,1/11/2018 23:40,1/16/2018 23:40,Second Class,327.75,1,93.15000153
DEBIT,2,1,149.4199982,317.9200134,Late delivery,1,Sporting Goods,Caguas,Puerto Rico,Fitness,Pacific Asia,Rajkot,India,South Asia,Guyarat,1/11/2018 23:19,1/13/2018 23:19,First Class,327.75,1,149.4199982
CASH,2,1,31.45999908,314.6400146,Late delivery,1,Sporting Goods,Garden Grove,EE. UU.,Fitness,Pacific Asia,Rajkot,India,South Asia,Guyarat,1/11/2018 22:58,1/13/2018 22:58,First Class,327.75,1,31.45999908
PAYMENT,2,1,0.0,311.3599854,Late delivery,1,Sporting Goods,Caguas,Puerto Rico,Fitness,Pacific Asia,Gorakhpur,India,South Asia,Haryana,1/11/2018 22:37,1/13/2018 22:37,First Class,327.75,1,0.0
PAYMENT,6,4,151.7599945,309.7200012,Late delivery,1,Sporting Goods,Clementon,EE. UU.,Fitness,Pacific Asia,Surabaya,Indonesia,Southeast Asia,Java Oriental,1/11/2018 22:16,1/17/2018 22:16,Standard Class,327.75,1,151.7599945
PAYMENT,5,4,146.3099976,304.8099976,Late delivery,1,Sporting Goods,Memphis,EE. UU.,Fitness,Pacific Asia,Surabaya,Indonesia,Southeast Asia,Java Oriental,1/11/2018 21:55,1/16/2018 21:55,Standard Class,327.75,1,146.3099976
DEBIT,4,4,20.87999916,298.25,Shipping on time,0,Sporting Goods,Antioch,EE. UU.,Fitness,Pacific Asia,Surabaya,Indonesia,Southeast Asia,Java Oriental,1/11/2018 21:34,1/15/2018 21:34,Standard Class,327.75,1,20.87999916
DEBIT,3,4,95.87000275,294.980011,Advance shipping,0,Sporting Goods,Caguas,Puerto Rico,Fitness,Pacific Asia,Brisbane,Australia,Oceania,Queensland,1/11/2018 21:13,1/14/2018 21:13,Standard Class,327.75,1,95.87000275
CASH,2,4,135.5599976,288.4200134,Advance shipping,0,Sporting Goods,Salt Lake City,EE. UU.,Fitness,Pacific Asia,Bangkok,Tailandia,Southeast Asia,Bangkok,1/11/2018 20:52,1/13/2018 20:52,Standard Class,327.75,1,135.5599976
DEBIT,6,4,74.13999939,285.1400146,Late delivery,1,Sporting Goods,Caguas,Puerto Rico,Fitness,Pacific Asia,Bangkok,Tailandia,Southeast Asia,Bangkok,1/11/2018 20:31,1/17/2018 20:31,Standard Class,327.75,1,74.13999939
CASH,5,4,78.0,278.5899963,Late delivery,1,Sporting Goods,Bakersfield,EE. UU.,Fitness,Pacific Asia,Daca,Bangladés,South Asia,Daca,1/11/2018 20:10,1/16/2018 20:10,Standard Class,327.75,1,78.0
TRANSFER,4,4,-183.6300049,275.3099976,Shipping on time,0,Sporting Goods,Caguas,Puerto Rico,Fitness,Pacific Asia,Daca,Bangladés,South Asia,Daca,1/11/2018 19:49,1/15/2018 19:49,Standard Class,327.75,1,-183.6300049
DEBIT,3,4,98.75,272.0299988,Advance shipping,0,Sporting Goods,Granada Hills,EE. UU.,Fitness,Pacific Asia,Nagpur,India,South Asia,Maharashtra,1/11/2018 19:28,1/14/2018 19:28,Standard Class,327.75,1,98.75
DEBIT,2,4,26.87999916,268.7600098,Advance shipping,0,Sporting Goods,Caguas,Puerto Rico,Fitness,Pacific Asia,Nagpur,India,South Asia,Maharashtra,1/11/2018 19:07,1/13/2018 19:07,Standard Class,327.75,1,26.87999916
DEBIT,6,4,91.76999664,262.2000122,Late delivery,1,Sporting Goods,Tallahassee,EE. UU.,Fitness,Pacific Asia,Bangkok,Tailandia,Southeast Asia,Bangkok,1/11/2018 18:46,1/17/2018 18:46,Standard Class,327.75,1,91.76999664
DEBIT,5,4,-180.1799927,245.8099976,Late delivery,1,Sporting Goods,Caguas,Puerto Rico,Fitness,Pacific Asia,Nakhon Ratchasima,Tailandia,Southeast Asia,Nakhon Ratchasima,1/11/2018 18:25,1/16/2018 18:25,Standard Class,327.75,1,-180.1799927
TRANSFER,4,4,-251.3800049,327.75,Shipping on time,0,Sporting Goods,Hempstead,EE. UU.,Fitness,Pacific Asia,Sydney,Australia,Oceania,Nueva Gales del Sur,1/11/2018 18:04,1/15/2018 18:04,Standard Class,327.75,1,-251.3800049
CASH,3,4,-237.8399963,324.4700012,Advance shipping,0,Sporting Goods,Caguas,Puerto Rico,Fitness,Pacific Asia,Sydney,Australia,Oceania,Nueva Gales del Sur,1/11/2018 17:43,1/14/2018 17:43,Standard Class,327.75,1,-237.8399963
TRANSFER,2,4,28.27000046,321.2000122,Advance shipping,0,Sporting Goods,Astoria,EE. UU.,Fitness,Pacific Asia,Kota Kinabalu,Malasia,Southeast Asia,Sabah,1/11/2018 17:22,1/13/2018 17:22,Standard Class,327.75,1,28.27000046
DEBIT,6,4,87.43000031,317.9200134,Late delivery,1,Sporting Goods,Gilroy,EE. UU.,Fitness,Pacific Asia,Jiutai,China,Eastern Asia,Jilin,1/11/2018 17:01,1/17/2018 17:01,Standard Class,327.75,1,87.43000031
PAYMENT,5,4,82.75,314.6400146,Late delivery,1,Sporting Goods,Caguas,Puerto Rico,Fitness,Pacific Asia,Jiutai,China,Eastern Asia,Jilin,1/11/2018 16:40,1/16/2018 16:40,Standard Class,327.75,1,82.75
PAYMENT,4,2,116.7600021,311.3599854,Late delivery,1,Sporting Goods,Azusa,EE. UU.,Fitness,Pacific Asia,Singapur,Singapur,Southeast Asia,Singapur,1/11/2018 16:19,1/15/2018 16:19,Second Class,327.75,1,116.7600021
PAYMENT,3,2,148.6699982,309.7200012,Late delivery,1,Sporting Goods,Caguas,Puerto Rico,Fitness,Pacific Asia,Brisbane,Australia,Oceania,Queensland,1/11/2018 15:58,1/14/2018 15:58,Second Class,327.75,1,148.6699982
PAYMENT,2,1,-72.54000092,304.8099976,Late delivery,1,Sporting Goods,Lenoir,EE. UU.,Fitness,Pacific Asia,Shantou,China,Eastern Asia,Guangdong,1/11/2018 15:37,1/13/2018 15:37,First Class,327.75,1,-72.54000092
DEBIT,6,2,146.1399994,298.25,Late delivery,1,Sporting Goods,Columbus,EE. UU.,Fitness,Pacific Asia,Shantou,China,Eastern Asia,Guangdong,1/11/2018 15:16,1/17/2018 15:16,Second Class,327.75,1,146.1399994
DEBIT,5,2,129.7899933,294.980011,Late delivery,1,Sporting Goods,Albany,EE. UU.,Fitness,Pacific Asia,Shantou,China,Eastern Asia,Guangdong,1/11/2018 14:55,1/16/2018 14:55,Second Class,327.75,1,129.7899933
DEBIT,4,2,112.4800034,288.4200134,Late delivery,1,Sporting Goods,Humacao,Puerto Rico,Fitness,Pacific Asia,Shantou,China,Eastern Asia,Guangdong,1/11/2018 14:34,1/15/2018 14:34,Second Class,327.75,1,112.4800034
PAYMENT,1,0,76.98999786,285.1400146,Late delivery,1,Sporting Goods,Caguas,Puerto Rico,Fitness,Pacific Asia,Shantou,China,Eastern Asia,Guangdong,1/11/2018 14:13,1/12/2018 2:13,Same Day,327.75,1,76.98999786
DEBIT,1,0,75.22000122,278.5899963,Late delivery,1,Sporting Goods,Lindenhurst,EE. UU.,Fitness,Pacific Asia,Shantou,China,Eastern Asia,Guangdong,1/11/2018 13:52,1/12/2018 1:52,Same Day,327.75,1,75.22000122
DEBIT,1,0,123.8899994,275.3099976,Late delivery,1,Sporting Goods,Elyria,EE. UU.,Fitness,Pacific Asia,Cairns,Australia,Oceania,Queensland,1/11/2018 13:31,1/12/2018 1:31,Same Day,327.75,1,123.8899994
DEBIT,1,0,133.3000031,272.0299988,Late delivery,1,Sporting Goods,Caguas,Puerto Rico,Fitness,Pacific Asia,Cairns,Australia,Oceania,Queensland,1/11/2018 13:10,1/12/2018 1:10,Same Day,327.75,1,133.3000031
CASH,1,0,90.83999634,268.7600098,Late delivery,1,Sporting Goods,Riverside,EE. UU.,Fitness,Pacific Asia,Brisbane,Australia,Oceania,Queensland,1/11/2018 12:49,1/12/2018 0:49,Same Day,327.75,1,90.83999634
TRANSFER,1,0,-43.79000092,262.2000122,Shipping canceled,0,Sporting Goods,Caguas,Puerto Rico,Fitness,Pacific Asia,Brisbane,Australia,Oceania,Queensland,1/11/2018 12:28,1/12/2018 0:28,Same Day,327.75,1,-43.79000092
DEBIT,1,0,92.18000031,245.8099976,Late delivery,1,Sporting Goods,Carson,EE. UU.,Fitness,Pacific Asia,Jaipur,India,South Asia,Rajastán,1/11/2018 12:06,1/12/2018 0:06,Same Day,327.75,1,92.18000031
DEBIT,6,4,40.97000122,327.75,Late delivery,1,Sporting Goods,Mesa,EE. UU.,Fitness,Pacific Asia,Jaipur,India,South Asia,Rajastán,1/11/2018 11:45,1/17/2018 11:45,Standard Class,327.75,1,40.97000122
DEBIT,5,4,45.43000031,324.4700012,Late delivery,1,Sporting Goods,Caguas,Puerto Rico,Fitness,Pacific Asia,Ho Chi Minh City,Vietnam,Southeast Asia,Ciudad Ho Chi Minh,1/11/2018 11:24,1/16/2018 11:24,Standard Class,327.75,1,45.43000031
TRANSFER,4,4,144.5399933,321.2000122,Shipping on time,0,Sporting Goods,Honolulu,EE. UU.,Fitness,Pacific Asia,Raipur,India,South Asia,Chhattisgarh,1/11/2018 11:03,1/15/2018 11:03,Standard Class,327.75,1,144.5399933
TRANSFER,3,4,31.79000092,317.9200134,Advance shipping,0,Sporting Goods,Caguas,Puerto Rico,Fitness,Pacific Asia,Loudi,China,Eastern Asia,Hunan,1/11/2018 10:42,1/14/2018 10:42,Standard Class,327.75,1,31.79000092
PAYMENT,6,2,57.59999847,120.0,Late delivery,1,Women's Apparel,Caguas,Puerto Rico,Golf,LATAM,Petapa,Guatemala,Central America,Guatemala,3/28/2015 0:55,4/3/2015 0:55,Second Class,150.0,3,57.59999847
PAYMENT,6,2,12.71000004,112.5,Late delivery,1,Women's Apparel,Caguas,Puerto Rico,Golf,LATAM,Tipitapa,Nicaragua,Central America,Managua,2/15/2015 16:13,2/21/2015 16:13,Second Class,150.0,3,12.71000004
PAYMENT,2,2,95.62000275,254.9700012,Shipping on time,0,Cardio Equipment,Caguas,Puerto Rico,Footwear,Pacific Asia,Tabuk,Arabia Saudí,West Asia,Tabuk,12/23/2016 21:03,12/25/2016 21:03,Second Class,299.9700012,3,95.62000275
PAYMENT,6,2,35.33000183,113.9700012,Late delivery,1,Shop By Sport,Caguas,Puerto Rico,Golf,Pacific Asia,Manukau City,Nueva Zelanda,Oceania,Auckland,3/18/2016 8:50,3/24/2016 8:50,Second Class,119.9700012,3,35.33000183
PAYMENT,5,2,-19.12000084,254.9700012,Late delivery,1,Cardio Equipment,Caguas,Puerto Rico,Footwear,Pacific Asia,Estambul,Turquía,West Asia,Estambul,12/31/2016 15:47,1/5/2017 15:47,Second Class,299.9700012,3,-19.12000084
PAYMENT,3,2,28.51000023,178.1699982,Late delivery,1,Cleats,Caguas,Puerto Rico,Apparel,Pacific Asia,Yakarta,Indonesia,Southeast Asia,Yakarta,2/10/2016 9:25,2/13/2016 9:25,Second Class,179.9700012,3,28.51000023
PAYMENT,3,2,12.96000004,172.7700043,Late delivery,1,Cleats,Caguas,Puerto Rico,Apparel,Pacific Asia,Ulan Bator,Mongolia,Eastern Asia,Ulán Bator,11/28/2016 1:18,12/1/2016 1:18,Second Class,179.9700012,3,12.96000004
PAYMENT,2,2,36.22999954,170.0700073,Shipping on time,0,Cleats,Caguas,Puerto Rico,Apparel,Pacific Asia,Tangerang,Indonesia,Southeast Asia,Java Occidental,4/1/2016 20:01,4/3/2016 20:01,Second Class,179.9700012,3,36.22999954
PAYMENT,2,2,6.21999979,163.7700043,Shipping on time,0,Cleats,Caguas,Puerto Rico,Apparel,Pacific Asia,Shenzhen,China,Eastern Asia,Guangdong,11/19/2015 5:51,11/21/2015 5:51,Second Class,179.9700012,3,6.21999979
PAYMENT,6,2,-102.0299988,152.9700012,Late delivery,1,Cleats,Caguas,Puerto Rico,Apparel,Pacific Asia,Brisbane,Australia,Oceania,Queensland,1/10/2016 15:14,1/16/2016 15:14,Second Class,179.9700012,3,-102.0299988
PAYMENT,2,2,64.5,150.0,Shipping on time,0,Women's Apparel,Caguas,Puerto Rico,Golf,Pacific Asia,Tangerang,Indonesia,Southeast Asia,Java Occidental,4/1/2016 20:01,4/3/2016 20:01,Second Class,150.0,3,64.5
PAYMENT,5,2,44.15000153,95.98000336,Late delivery,1,Shop By Sport,Caguas,Puerto Rico,Golf,Pacific Asia,Sydney,Australia,Oceania,Nueva Gales del Sur,11/30/2015 2:09,12/5/2015 2:09,Second Class,119.9700012,3,44.15000153
PAYMENT,5,2,-4.110000134,65.30999756,Late delivery,1,Trade-In,Caguas,Puerto Rico,Outdoors,Pacific Asia,Newcastle,Australia,Oceania,Nueva Gales del Sur,1/31/2016 13:38,2/5/2016 13:38,Second Class,65.97000122,3,-4.110000134
PAYMENT,3,2,-57.56000137,35.97999954,Late delivery,1,Trade-In,Caguas,Puerto Rico,Outdoors,Pacific Asia,Aurangabad,India,South Asia,Bihar,2/17/2016 23:35,2/20/2016 23:35,Second Class,47.97000122,3,-57.56000137
PAYMENT,5,2,28.18000031,156.5700073,Late delivery,1,Cleats,Caguas,Puerto Rico,Apparel,USCA,Seattle,Estados Unidos,West of USA ,Washington,7/25/2016 14:47,7/30/2016 14:47,Second Class,179.9700012,3,28.18000031
PAYMENT,6,2,34.41999817,114.7200012,Late delivery,1,Tennis & Racquet,Caguas,Puerto Rico,Fitness,USCA,San Francisco,Estados Unidos,West of USA ,California,4/13/2016 10:12,4/19/2016 10:12,Second Class,134.9700012,3,34.41999817
PAYMENT,2,2,-215.4799957,293.9700012,Shipping on time,0,Cardio Equipment,Caguas,Puerto Rico,Footwear,USCA,Oakland,Estados Unidos,West of USA ,California,5/20/2016 12:25,5/22/2016 12:25,Second Class,299.9700012,3,-215.4799957
PAYMENT,5,2,72.52999878,278.9700012,Late delivery,1,Cardio Equipment,Caguas,Puerto Rico,Footwear,USCA,New York City,Estados Unidos,East of USA,Nueva York,7/3/2016 20:46,7/8/2016 20:46,Second Class,299.9700012,3,72.52999878
PAYMENT,5,2,53.54000092,152.9700012,Late delivery,1,Cleats,Caguas,Puerto Rico,Apparel,USCA,New York City,Estados Unidos,East of USA,Nueva York,7/3/2016 20:46,7/8/2016 20:46,Second Class,179.9700012,3,53.54000092
PAYMENT,4,2,66.93000031,145.5,Late delivery,1,Women's Apparel,Caguas,Puerto Rico,Golf,USCA,Overland Park,Estados Unidos,US Center ,Kansas,5/22/2016 14:10,5/26/2016 14:10,Second Class,150.0,3,66.93000031
PAYMENT,6,2,13.94999981,139.5,Late delivery,1,Women's Apparel,Caguas,Puerto Rico,Golf,USCA,Monroe,Estados Unidos,South of  USA ,Carolina del Norte,8/8/2016 3:12,8/14/2016 3:12,Second Class,150.0,3,13.94999981
PAYMENT,3,2,59.13000107,335.9700012,Late delivery,1,Cardio Equipment,Caguas,Puerto Rico,Footwear,Africa,Potchefstroom,SudAfrica,Southern Africa,Noroeste,11/20/2016 21:38,11/23/2016 21:38,Second Class,399.9599915,4,59.13000107
PAYMENT,2,2,42.99000168,122.8399963,Shipping on time,0,Electronics,Caguas,Puerto Rico,Outdoors,Africa,Cape Town,SudAfrica,Southern Africa,Cabo Occidental,10/15/2016 12:55,10/17/2016 12:55,Second Class,127.9599991,4,42.99000168
PAYMENT,6,2,138.5899963,395.9599915,Late delivery,1,Cardio Equipment,Caguas,Puerto Rico,Footwear,Europe,Wiesbaden,Alemania,Western Europe,Hesse,7/22/2015 17:56,7/28/2015 17:56,Second Class,399.9599915,4,138.5899963
PAYMENT,2,2,0.0,126.6800003,Shipping on time,0,Electronics,Caguas,Puerto Rico,Footwear,Europe,Montpellier,Francia,Western Europe,Languedoc-Rosellón-Mediodía-Pirineos,9/7/2015 4:22,9/9/2015 4:22,Second Class,127.9599991,4,0.0
PAYMENT,2,2,141.1100006,391.9599915,Shipping on time,0,Cardio Equipment,Caguas,Puerto Rico,Footwear,Europe,Munich,Alemania,Western Europe,Bavaria,6/15/2015 5:54,6/17/2015 5:54,Second Class,399.9599915,4,141.1100006
PAYMENT,4,2,77.05000305,227.9600067,Late delivery,1,Cleats,Caguas,Puerto Rico,Apparel,Europe,Portsmouth,Reino Unido,Northern Europe,Inglaterra,8/4/2017 2:31,8/8/2017 2:31,Second Class,239.9600067,4,77.05000305
PAYMENT,3,2,58.45000076,201.5700073,Late delivery,1,Cleats,Caguas,Puerto Rico,Apparel,Europe,Eastbourne,Reino Unido,Northern Europe,Inglaterra,9/8/2015 12:15,9/11/2015 12:15,Second Class,239.9600067,4,58.45000076
PAYMENT,3,2,17.73999977,201.5700073,Late delivery,1,Cleats,Caguas,Puerto Rico,Apparel,Europe,Dortmund,Alemania,Western Europe,Renania del Norte-Westfalia,7/7/2015 5:31,7/10/2015 5:31,Second Class,239.9600067,4,17.73999977
PAYMENT,2,2,-146.6000061,200.0,Shipping on time,0,Women's Apparel,Caguas,Puerto Rico,Golf,Europe,Bobigny,Francia,Western Europe,Isla de Francia,6/24/2015 5:21,6/26/2015 5:21,Second Class,200.0,4,-146.6000061
PAYMENT,3,2,54.86999893,156.7599945,Late delivery,1,Shop By Sport,Caguas,Puerto Rico,Golf,Europe,Lille,Francia,Western Europe,Norte-Paso de Calais-Picardía,9/24/2017 13:08,9/27/2017 13:08,Second Class,159.9600067,4,54.86999893
PAYMENT,2,2,83.59999847,190.0,Shipping on time,0,Women's Apparel,Caguas,Puerto Rico,Golf,Europe,Giurgiu,Rumania,Eastern Europe,Giurgiu,10/29/2016 18:30,10/31/2016 18:30,Second Class,200.0,4,83.59999847
PAYMENT,4,2,85.05000305,189.0,Late delivery,1,Women's Apparel,Caguas,Puerto Rico,Golf,Europe,Portsmouth,Reino Unido,Northern Europe,Inglaterra,8/4/2017 2:31,8/8/2017 2:31,Second Class,200.0,4,85.05000305
PAYMENT,2,2,-148.8000031,186.0,Shipping on time,0,Women's Apparel,Caguas,Puerto Rico,Golf,Europe,Tamworth,Reino Unido,Northern Europe,Inglaterra,7/20/2015 11:58,7/22/2015 11:58,Second Class,200.0,4,-148.8000031
PAYMENT,3,2,-33.91999817,145.5599976,Late delivery,1,Shop By Sport,Caguas,Puerto Rico,Golf,Europe,Lviv,Ucrania,Eastern Europe,Lviv,12/25/2016 8:26,12/28/2016 8:26,Second Class,159.9600067,4,-33.91999817
PAYMENT,5,2,68.40000153,180.0,Late delivery,1,Women's Apparel,Caguas,Puerto Rico,Golf,Europe,London,Reino Unido,Northern Europe,Inglaterra,10/11/2015 19:44,10/16/2015 19:44,Second Class,200.0,4,68.40000153
PAYMENT,2,2,37.11000061,127.9700012,Shipping on time,0,Shop By Sport,Caguas,Puerto Rico,Golf,Europe,Drancy,Francia,Western Europe,Isla de Francia,7/22/2017 7:16,7/24/2017 7:16,Second Class,159.9600067,4,37.11000061
PAYMENT,3,2,-25.48999977,84.97000122,Late delivery,1,Accessories,Caguas,Puerto Rico,Outdoors,Europe,Lviv,Ucrania,Eastern Europe,Lviv,12/25/2016 8:26,12/28/2016 8:26,Second Class,99.95999908,4,-25.48999977
PAYMENT,2,2,186.1000061,395.9599915,Shipping on time,0,Cardio Equipment,Caguas,Puerto Rico,Footwear,LATAM,Villa Nueva,Guatemala,Central America,Guatemala,1/27/2017 18:23,1/29/2017 18:23,Second Class,399.9599915,4,186.1000061
PAYMENT,5,2,38.41999817,339.9700012,Late delivery,1,Cardio Equipment,Caguas,Puerto Rico,Footwear,LATAM,Santo Domingo,República Dominicana,Caribbean,Santo Domingo,4/30/2017 3:21,5/5/2017 3:21,Second Class,399.9599915,4,38.41999817
PAYMENT,4,2,131.0299988,335.9700012,Late delivery,1,Cardio Equipment,Caguas,Puerto Rico,Footwear,LATAM,Hidalgo,México,Central America,Michoacán,4/7/2017 8:28,4/11/2017 8:28,Second Class,399.9599915,4,131.0299988
PAYMENT,3,2,93.58000183,239.9600067,Late delivery,1,Cleats,Caguas,Puerto Rico,Apparel,LATAM,Irapuato,México,Central America,Guanajuato,2/15/2017 14:40,2/18/2017 14:40,Second Class,239.9600067,4,93.58000183
PAYMENT,4,2,-25.5,203.9700012,Late delivery,1,Cleats,Caguas,Puerto Rico,Apparel,LATAM,Ixtapaluca,México,Central America,México,5/7/2017 10:11,5/11/2017 10:11,Second Class,239.9600067,4,-25.5
PAYMENT,6,2,98.76999664,201.5700073,Late delivery,1,Cleats,Caguas,Puerto Rico,Apparel,LATAM,Zapopan,México,Central America,Jalisco,4/1/2017 6:02,4/7/2017 6:02,Second Class,239.9600067,4,98.76999664
PAYMENT,3,2,90.72000122,189.0,Late delivery,1,Women's Apparel,Caguas,Puerto Rico,Golf,LATAM,São Paulo,Brasil,South America,São Paulo,3/15/2015 14:05,3/18/2015 14:05,Second Class,200.0,4,90.72000122
PAYMENT,3,2,61.18000031,135.9700012,Late delivery,1,Shop By Sport,Caguas,Puerto Rico,Golf,LATAM,Irapuato,México,Central America,Guanajuato,2/15/2017 14:40,2/18/2017 14:40,Second Class,159.9600067,4,61.18000031
PAYMENT,2,2,-115.5999985,170.0,Shipping on time,0,Women's Apparel,Caguas,Puerto Rico,Golf,LATAM,Tegucigalpa,Honduras,Central America,Francisco Morazán,3/21/2017 7:37,3/23/2017 7:37,Second Class,200.0,4,-115.5999985
PAYMENT,4,2,50.95000076,203.8000031,Late delivery,1,Electronics,Caguas,Puerto Rico,Outdoors,LATAM,Mauá,Brasil,South America,São Paulo,3/1/2017 3:05,3/5/2017 3:05,Second Class,207.9600067,4,50.95000076
PAYMENT,5,2,-69.90000153,94.45999908,Late delivery,1,Accessories,Caguas,Puerto Rico,Outdoors,Pacific Asia,Mudanjiang,China,Eastern Asia,Heilongjiang,11/7/2015 2:22,11/12/2015 2:22,Second Class,99.95999908,4,-69.90000153
PAYMENT,3,2,14.13000011,227.9600067,Late delivery,1,Cleats,Caguas,Puerto Rico,Apparel,Pacific Asia,Ulan Bator,Mongolia,Eastern Asia,Ulán Bator,11/28/2016 1:18,12/1/2016 1:18,Second Class,239.9600067,4,14.13000011
PAYMENT,5,2,84.23000336,215.9600067,Late delivery,1,Cleats,Caguas,Puerto Rico,Apparel,Pacific Asia,Manukau City,Nueva Zelanda,Oceania,Auckland,4/1/2016 0:03,4/6/2016 0:03,Second Class,239.9600067,4,84.23000336
PAYMENT,3,2,51.15999985,196.7700043,Late delivery,1,Cleats,Caguas,Puerto Rico,Apparel,Pacific Asia,Qom,Irán,South Asia,Qom,10/30/2016 3:37,11/2/2016 3:37,Second Class,239.9600067,4,51.15999985
PAYMENT,2,2,51.90000153,153.5599976,Shipping on time,0,Shop By Sport,Caguas,Puerto Rico,Golf,Pacific Asia,Melbourne,Australia,Oceania,Victoria,12/26/2015 23:29,12/28/2015 23:29,Second Class,159.9600067,4,51.90000153
PAYMENT,5,2,62.40000153,192.0,Late delivery,1,Women's Apparel,Caguas,Puerto Rico,Golf,Pacific Asia,Estambul,Turquía,West Asia,Estambul,12/31/2016 15:47,1/5/2017 15:47,Second Class,200.0,4,62.40000153
PAYMENT,5,2,3.799999952,151.9600067,Late delivery,1,Shop By Sport,Caguas,Puerto Rico,Golf,Pacific Asia,Ho Chi Minh City,Vietnam,Southeast Asia,Ciudad Ho Chi Minh,12/1/2015 14:56,12/6/2015 14:56,Second Class,159.9600067,4,3.799999952
PAYMENT,3,2,90.72000122,189.0,Late delivery,1,Women's Apparel,Caguas,Puerto Rico,Golf,Pacific Asia,Rangún,Myanmar (Birmania),Southeast Asia,Rangún,11/16/2015 16:53,11/19/2015 16:53,Second Class,200.0,4,90.72000122
PAYMENT,5,2,13.11999989,131.1699982,Late delivery,1,Shop By Sport,Caguas,Puerto Rico,Golf,Pacific Asia,Tokio,Japón,Eastern Asia,Tokio,11/11/2015 7:58,11/16/2015 7:58,Second Class,159.9600067,4,13.11999989
PAYMENT,2,2,50.84000015,164.0,Shipping on time,0,Women's Apparel,Caguas,Puerto Rico,Golf,Pacific Asia,Bursa,Turquía,West Asia,Bursa,10/25/2016 14:39,10/27/2016 14:39,Second Class,200.0,4,50.84000015
PAYMENT,6,2,-76.76999664,95.95999908,Late delivery,1,Accessories,Caguas,Puerto Rico,Outdoors,Pacific Asia,Perth,Australia,Oceania,Australia Occidental,12/19/2015 15:58,12/25/2015 15:58,Second Class,99.95999908,4,-76.76999664
PAYMENT,5,2,76.36000061,166.0,Late delivery,1,Women's Apparel,Caguas,Puerto Rico,Golf,USCA,Seattle,Estados Unidos,West of USA ,Washington,7/25/2016 14:47,7/30/2016 14:47,Second Class,200.0,4,76.36000061
PAYMENT,3,2,36.74000168,126.6800003,Late delivery,1,Electronics,Caguas,Puerto Rico,Footwear,USCA,Denver,Estados Unidos,West of USA ,Colorado,4/13/2016 14:24,4/16/2016 14:24,Second Class,127.9599991,4,36.74000168
PAYMENT,4,2,102.2900009,208.7700043,Late delivery,1,Cleats,Caguas,Puerto Rico,Apparel,USCA,Los Angeles,Estados Unidos,West of USA ,California,7/5/2016 5:42,7/9/2016 5:42,Second Class,239.9600067,4,102.2900009
PAYMENT,3,2,95.98000336,191.9700012,Late delivery,1,Cleats,Caguas,Puerto Rico,Apparel,USCA,Houston,Estados Unidos,US Center ,Texas,7/6/2016 18:08,7/9/2016 18:08,Second Class,239.9600067,4,95.98000336
PAYMENT,6,2,67.48999786,179.9700012,Late delivery,1,Cleats,Caguas,Puerto Rico,Apparel,USCA,Philadelphia,Estados Unidos,East of USA,Pensilvania,4/10/2016 17:23,4/16/2016 17:23,Second Class,239.9600067,4,67.48999786
PAYMENT,5,2,-53.99000168,179.9700012,Late delivery,1,Cleats,Caguas,Puerto Rico,Apparel,USCA,Jacksonville,Estados Unidos,South of  USA ,Florida,6/13/2016 10:17,6/18/2016 10:17,Second Class,239.9600067,4,-53.99000168
PAYMENT,3,2,56.33000183,179.9700012,Late delivery,1,Cleats,Caguas,Puerto Rico,Apparel,USCA,Houston,Estados Unidos,US Center ,Texas,7/6/2016 18:08,7/9/2016 18:08,Second Class,239.9600067,4,56.33000183
PAYMENT,6,2,48.04000092,145.5599976,Late delivery,1,Shop By Sport,Caguas,Puerto Rico,Golf,USCA,Monroe,Estados Unidos,South of  USA ,Carolina del Norte,8/8/2016 3:12,8/14/2016 3:12,Second Class,159.9600067,4,48.04000092
PAYMENT,6,2,52.70000076,170.0,Late delivery,1,Women's Apparel,Caguas,Puerto Rico,Golf,USCA,Monroe,Estados Unidos,South of  USA ,Carolina del Norte,8/8/2016 3:12,8/14/2016 3:12,Second Class,200.0,4,52.70000076
PAYMENT,5,2,-652.4299927,434.9599915,Late delivery,1,Cardio Equipment,Caguas,Puerto Rico,Footwear,Africa,Kinshasa,República Democrática del Congo,Central Africa,Kinshasa,12/7/2016 3:12,12/12/2016 3:12,Second Class,499.9500122,5,-652.4299927
PAYMENT,5,2,76.90000153,227.5,Late delivery,1,Women's Apparel,Caguas,Puerto Rico,Golf,Africa,Casablanca,Marruecos,North Africa,Gran Casablanca,12/8/2016 0:14,12/13/2016 0:14,Second Class,250.0,5,76.90000153
PAYMENT,5,2,174.9799957,499.9500122,Late delivery,1,Cardio Equipment,Caguas,Puerto Rico,Footwear,Europe,Messina,Italia,Southern Europe,Sicilia,9/16/2015 15:24,9/21/2015 15:24,Second Class,499.9500122,5,174.9799957
PAYMENT,2,2,114.3899994,439.9599915,Shipping on time,0,Cardio Equipment,Caguas,Puerto Rico,Footwear,Europe,Brindisi,Italia,Southern Europe,Apulia,8/19/2015 3:10,8/21/2015 3:10,Second Class,499.9500122,5,114.3899994
PAYMENT,5,2,136.75,290.9500122,Late delivery,1,Cleats,Caguas,Puerto Rico,Apparel,Europe,Hamburgo,Alemania,Western Europe,Hamburgo,6/27/2015 18:29,7/2/2015 18:29,Second Class,299.9500122,5,136.75
PAYMENT,6,2,18.67000008,248.9600067,Late delivery,1,Cleats,Caguas,Puerto Rico,Apparel,Europe,The Hague,Países Bajos,Western Europe,Holanda Meridional,8/25/2017 10:44,8/31/2017 10:44,Second Class,299.9500122,5,18.67000008
PAYMENT,6,2,84.15000153,248.9600067,Late delivery,1,Cleats,Caguas,Puerto Rico,Apparel,Europe,Viena,Austria,Western Europe,Viena,7/11/2015 19:10,7/17/2015 19:10,Second Class,299.9500122,5,84.15000153
PAYMENT,5,2,-67.63999939,245.9600067,Late delivery,1,Cleats,Caguas,Puerto Rico,Apparel,Europe,Duisburg,Alemania,Western Europe,Renania del Norte-Westfalia,8/29/2015 0:42,9/3/2015 0:42,Second Class,299.9500122,5,-67.63999939
PAYMENT,2,2,50.95000076,195.9499969,Shipping on time,0,Girls' Apparel,Caguas,Puerto Rico,Golf,Europe,Brindisi,Italia,Southern Europe,Apulia,8/19/2015 3:10,8/21/2015 3:10,Second Class,199.9499969,5,50.95000076
PAYMENT,6,2,102.3799973,227.5,Late delivery,1,Women's Apparel,Caguas,Puerto Rico,Golf,Europe,Nantes,Francia,Western Europe,Países del Loira,8/7/2017 6:33,8/13/2017 6:33,Second Class,250.0,5,102.3799973
PAYMENT,5,2,29.25,225.0,Late delivery,1,Women's Apparel,Caguas,Puerto Rico,Golf,Europe,Halifax,Reino Unido,Northern Europe,Inglaterra,7/30/2015 23:31,8/4/2015 23:31,Second Class,250.0,5,29.25
PAYMENT,2,2,58.5,225.0,Shipping on time,0,Women's Apparel,Caguas,Puerto Rico,Golf,Europe,Tamworth,Reino Unido,Northern Europe,Inglaterra,7/20/2015 11:58,7/22/2015 11:58,Second Class,250.0,5,58.5
PAYMENT,5,2,-33.83000183,179.9600067,Late delivery,1,Shop By Sport,Caguas,Puerto Rico,Golf,Europe,La Rochelle,Francia,Western Europe,Aquitania-Lemosín-Poitou-Charentes,9/19/2017 7:43,9/24/2017 7:43,Second Class,199.9499969,5,-33.83000183
PAYMENT,6,2,84.37999725,225.0,Late delivery,1,Women's Apparel,Caguas,Puerto Rico,Golf,Europe,Nantes,Francia,Western Europe,Países del Loira,8/7/2017 6:33,8/13/2017 6:33,Second Class,250.0,5,84.37999725
PAYMENT,6,2,-170.0,212.5,Late delivery,1,Women's Apparel,Caguas,Puerto Rico,Golf,Europe,The Hague,Países Bajos,Western Europe,Holanda Meridional,8/25/2017 10:44,8/31/2017 10:44,Second Class,250.0,5,-170.0
PAYMENT,5,2,78.62999725,212.5,Late delivery,1,Women's Apparel,Caguas,Puerto Rico,Golf,Europe,Ratingen,Alemania,Western Europe,Renania del Norte-Westfalia,8/10/2017 16:32,8/15/2017 16:32,Second Class,250.0,5,78.62999725
PAYMENT,2,2,-72.62999725,290.5,Shipping on time,0,Girls' Apparel,Caguas,Puerto Rico,Golf,Europe,Bobigny,Francia,Western Europe,Isla de Francia,6/24/2015 5:21,6/26/2015 5:21,Second Class,350.0,5,-72.62999725
PAYMENT,6,2,-5.130000114,205.0,Late delivery,1,Women's Apparel,Caguas,Puerto Rico,Golf,Europe,Wiesbaden,Alemania,Western Europe,Hesse,7/22/2015 17:56,7/28/2015 17:56,Second Class,250.0,5,-5.130000114
PAYMENT,2,2,25.20999908,96.94999695,Shipping on time,0,Golf Balls,Caguas,Puerto Rico,Outdoors,Europe,Galati,Rumania,Eastern Europe,Galati,1/17/2017 18:23,1/19/2017 18:23,Second Class,99.94999695,5,25.20999908
PAYMENT,2,2,112.8000031,240.0,Shipping on time,0,Women's Apparel,Caguas,Puerto Rico,Golf,LATAM,Lázaro Cárdenas,México,Central America,Michoacán,2/6/2017 11:21,2/8/2017 11:21,Second Class,250.0,5,112.8000031
PAYMENT,3,2,6.809999943,158.3500061,Late delivery,1,Electronics,Caguas,Puerto Rico,Footwear,LATAM,Irapuato,México,Central America,Guanajuato,2/15/2017 14:40,2/18/2017 14:40,Second Class,159.9499969,5,6.809999943
DEBIT,4,2,105.5999985,351.9899902,Late delivery,1,Strength Training,Caguas,Puerto Rico,Footwear,Europe,Arnhem,Países Bajos,Western Europe,Güeldres,9/16/2017 0:32,9/20/2017 0:32,Second Class,399.9899902,1,105.5999985
DEBIT,2,2,40.88999939,86.98999786,Shipping on time,0,Cardio Equipment,Caguas,Puerto Rico,Footwear,Europe,Parma,Italia,Southern Europe,Emilia-Romaña,8/14/2015 2:18,8/16/2015 2:18,Second Class,99.98999786,1,40.88999939
DEBIT,6,2,-1.389999986,23.51000023,Late delivery,1,Electronics,Caguas,Puerto Rico,Footwear,Europe,Vantaa,Finlandia,Northern Europe,Uusimaa,7/13/2015 0:57,7/19/2015 0:57,Second Class,27.98999977,1,-1.389999986
DEBIT,3,2,144.4400024,461.480011,Late delivery,1,Crafts,Caguas,Puerto Rico,Apparel,Europe,Rome,Italia,Southern Europe,Lacio,11/7/2017 16:56,11/10/2017 16:56,Second Class,461.480011,1,144.4400024
DEBIT,3,2,48.09999847,129.9900055,Late delivery,1,Men's Footwear,Caguas,Puerto Rico,Apparel,Europe,Vicenza,Italia,Southern Europe,Véneto,7/13/2015 3:24,7/16/2015 3:24,Second Class,129.9900055,1,48.09999847
DEBIT,4,2,144.0,299.9899902,Late delivery,1,Cleats,Caguas,Puerto Rico,Apparel,Europe,Arnhem,Países Bajos,Western Europe,Güeldres,9/16/2017 0:32,9/20/2017 0:32,Second Class,299.9899902,1,144.0
DEBIT,5,2,11.18000031,129.9900055,Late delivery,1,Men's Footwear,Caguas,Puerto Rico,Apparel,Europe,Villeneuve-le-Roi,Francia,Western Europe,Isla de Francia,10/2/2017 11:01,10/7/2017 11:01,Second Class,129.9900055,1,11.18000031
DEBIT,3,2,-9.75,129.9900055,Late delivery,1,Men's Footwear,Caguas,Puerto Rico,Apparel,Europe,Wattrelos,Francia,Western Europe,Norte-Paso de Calais-Picardía,8/13/2017 22:39,8/16/2017 22:39,Second Class,129.9900055,1,-9.75
DEBIT,6,2,-23.79000092,129.9900055,Late delivery,1,Men's Footwear,Caguas,Puerto Rico,Apparel,Europe,Duisburg,Alemania,Western Europe,Renania del Norte-Westfalia,8/8/2017 8:49,8/14/2017 8:49,Second Class,129.9900055,1,-23.79000092
DEBIT,3,2,24.44000053,129.9900055,Late delivery,1,Men's Footwear,Caguas,Puerto Rico,Apparel,Europe,Hamburgo,Alemania,Western Europe,Hamburgo,8/5/2015 13:42,8/8/2015 13:42,Second Class,129.9900055,1,24.44000053
DEBIT,5,2,29.70000076,59.38999939,Late delivery,1,Cleats,Caguas,Puerto Rico,Apparel,Europe,Yaroslavl,Rusia,Eastern Europe,Yaroslavl,11/5/2016 17:58,11/10/2016 17:58,Second Class,59.99000168,1,29.70000076
DEBIT,3,2,114.2200012,456.8699951,Late delivery,1,Crafts,Caguas,Puerto Rico,Apparel,Europe,London,Reino Unido,Northern Europe,Inglaterra,11/5/2017 14:08,11/8/2017 14:08,Second Class,461.480011,1,114.2200012
DEBIT,3,2,61.77000046,128.6900024,Late delivery,1,Men's Footwear,Caguas,Puerto Rico,Apparel,Europe,Hastings,Reino Unido,Northern Europe,Inglaterra,7/22/2017 19:53,7/25/2017 19:53,Second Class,129.9900055,1,61.77000046
DEBIT,6,2,16.72999954,128.6900024,Late delivery,1,Men's Footwear,Caguas,Puerto Rico,Apparel,Europe,Sheffield,Reino Unido,Northern Europe,Inglaterra,10/8/2015 6:15,10/14/2015 6:15,Second Class,129.9900055,1,16.72999954
DEBIT,5,2,16.72999954,128.6900024,Late delivery,1,Men's Footwear,Caguas,Puerto Rico,Apparel,Europe,Lowestoft,Reino Unido,Northern Europe,Inglaterra,9/20/2015 21:00,9/25/2015 21:00,Second Class,129.9900055,1,16.72999954
DEBIT,2,2,-11.0699997,128.6900024,Shipping on time,0,Men's Footwear,Caguas,Puerto Rico,Apparel,Europe,Turku,Finlandia,Northern Europe,Finlandia del Sudoeste,6/8/2015 2:13,6/10/2015 2:13,Second Class,129.9900055,1,-11.0699997
DEBIT,3,2,-90.08000183,128.6900024,Late delivery,1,Men's Footwear,Caguas,Puerto Rico,Apparel,Europe,San Sebastian,España,Southern Europe,País Vasco,9/21/2017 4:33,9/24/2017 4:33,Second Class,129.9900055,1,-90.08000183
DEBIT,2,2,46.70999908,128.6900024,Shipping on time,0,Men's Footwear,Caguas,Puerto Rico,Apparel,Europe,Parma,Italia,Southern Europe,Emilia-Romaña,8/14/2015 2:18,8/16/2015 2:18,Second Class,129.9900055,1,46.70999908
DEBIT,2,2,22.84000015,456.8699951,Shipping on time,0,Crafts,Caguas,Puerto Rico,Apparel,Europe,Montreuil,Francia,Western Europe,Isla de Francia,11/6/2017 9:03,11/8/2017 9:03,Second Class,461.480011,1,22.84000015
DEBIT,5,2,34.75,128.6900024,Late delivery,1,Men's Footwear,Caguas,Puerto Rico,Apparel,Europe,Villeneuve-le-Roi,Francia,Western Europe,Isla de Francia,10/2/2017 11:01,10/7/2017 11:01,Second Class,129.9900055,1,34.75
DEBIT,3,2,41.8199997,128.6900024,Late delivery,1,Men's Footwear,Caguas,Puerto Rico,Apparel,Europe,Wattrelos,Francia,Western Europe,Norte-Paso de Calais-Picardía,8/13/2017 22:39,8/16/2017 22:39,Second Class,129.9900055,1,41.8199997
DEBIT,4,2,34.75,128.6900024,Late delivery,1,Men's Footwear,San Juan,Puerto Rico,Apparel,Europe,Remscheid,Alemania,Western Europe,Renania del Norte-Westfalia,9/5/2015 11:02,9/9/2015 11:02,Second Class,129.9900055,1,34.75
DEBIT,5,2,-103.8799973,58.79000092,Late delivery,1,Cleats,Caguas,Puerto Rico,Apparel,Europe,Sterlitamak,Rusia,Eastern Europe,Bashkortostán,12/25/2016 23:09,12/30/2016 23:09,Second Class,59.99000168,1,-103.8799973
DEBIT,2,2,53.5,127.3899994,Shipping on time,0,Men's Footwear,Caguas,Puerto Rico,Apparel,Europe,Exeter,Reino Unido,Northern Europe,Inglaterra,8/29/2015 1:24,8/31/2015 1:24,Second Class,129.9900055,1,53.5
DEBIT,2,2,12.73999977,127.3899994,Shipping on time,0,Men's Footwear,Caguas,Puerto Rico,Apparel,Europe,Turku,Finlandia,Northern Europe,Finlandia del Sudoeste,6/8/2015 2:13,6/10/2015 2:13,Second Class,129.9900055,1,12.73999977
DEBIT,6,2,-45.09000015,58.79000092,Late delivery,1,Cleats,Caguas,Puerto Rico,Apparel,Europe,Nice,Francia,Western Europe,Provenza-Alpes-Costa Azul,8/7/2015 8:48,8/13/2015 8:48,Second Class,59.99000168,1,-45.09000015
DEBIT,6,2,63.04999924,126.0899963,Late delivery,1,Men's Footwear,Caguas,Puerto Rico,Apparel,Europe,Lowestoft,Reino Unido,Northern Europe,Inglaterra,9/20/2015 19:36,9/26/2015 19:36,Second Class,129.9900055,1,63.04999924
DEBIT,2,2,-79.8199997,126.0899963,Shipping on time,0,Men's Footwear,Caguas,Puerto Rico,Apparel,Europe,Turku,Finlandia,Northern Europe,Finlandia del Sudoeste,6/8/2015 2:13,6/10/2015 2:13,Second Class,129.9900055,1,-79.8199997
DEBIT,5,2,15.13000011,58.18999863,Late delivery,1,Cleats,Caguas,Puerto Rico,Apparel,Europe,Parma,Italia,Southern Europe,Emilia-Romaña,7/6/2015 21:27,7/11/2015 21:27,Second Class,59.99000168,1,15.13000011
DEBIT,2,2,32.77999878,126.0899963,Shipping on time,0,Men's Footwear,Caguas,Puerto Rico,Apparel,Europe,Pamiers,Francia,Western Europe,Languedoc-Rosellón-Mediodía-Pirineos,8/2/2015 20:32,8/4/2015 20:32,Second Class,129.9900055,1,32.77999878
DEBIT,6,2,37.83000183,126.0899963,Late delivery,1,Men's Footwear,Caguas,Puerto Rico,Apparel,Europe,Hamburgo,Alemania,Western Europe,Hamburgo,6/10/2015 9:56,6/16/2015 9:56,Second Class,129.9900055,1,37.83000183
DEBIT,5,2,52.40999985,124.7900009,Late delivery,1,Men's Footwear,Caguas,Puerto Rico,Apparel,Europe,Dordrecht,Países Bajos,Western Europe,Holanda Meridional,8/15/2017 17:24,8/20/2017 17:24,Second Class,129.9900055,1,52.40999985
DEBIT,4,2,12.47999954,124.7900009,Late delivery,1,Men's Footwear,Caguas,Puerto Rico,Apparel,Europe,Marseille,Francia,Western Europe,Provenza-Alpes-Costa Azul,9/18/2015 23:06,9/22/2015 23:06,Second Class,129.9900055,1,12.47999954
DEBIT,4,2,-90.47000122,124.7900009,Late delivery,1,Men's Footwear,Caguas,Puerto Rico,Apparel,Europe,Amsterdam,Países Bajos,Western Europe,Holanda Septentrional,9/6/2015 2:48,9/10/2015 2:48,Second Class,129.9900055,1,-90.47000122
DEBIT,6,2,54.90999985,124.7900009,Late delivery,1,Men's Footwear,Caguas,Puerto Rico,Apparel,Europe,Strasbourg,Francia,Western Europe,Alsacia-Champaña-Ardenas-Lorena,7/23/2015 21:57,7/29/2015 21:57,Second Class,129.9900055,1,54.90999985
DEBIT,6,2,-28.07999992,124.7900009,Late delivery,1,Men's Footwear,Caguas,Puerto Rico,Apparel,Europe,Hamburgo,Alemania,Western Europe,Hamburgo,6/10/2015 9:56,6/16/2015 9:56,Second Class,129.9900055,1,-28.07999992
DEBIT,5,2,21.37000084,56.99000168,Late delivery,1,Cleats,Caguas,Puerto Rico,Apparel,Europe,Alphen aan den Rijn,Países Bajos,Western Europe,Holanda Meridional,7/18/2015 17:14,7/23/2015 17:14,Second Class,59.99000168,1,21.37000084
DEBIT,4,2,56.50999832,122.8399963,Late delivery,1,Men's Footwear,Caguas,Puerto Rico,Apparel,Europe,Lublin,Polonia,Eastern Europe,Lublin,10/9/2016 22:44,10/13/2016 22:44,Second Class,129.9900055,1,56.50999832
DEBIT,6,2,28.35000038,56.68999863,Late delivery,1,Cleats,Caguas,Puerto Rico,Apparel,Europe,Estocolmo,Suecia,Northern Europe,Estocolmo,7/10/2015 11:38,7/16/2015 11:38,Second Class,59.99000168,1,28.35000038
DEBIT,4,2,-24.5699997,122.8399963,Late delivery,1,Men's Footwear,Caguas,Puerto Rico,Apparel,Europe,Dublín,Irlanda,Northern Europe,Dublín,7/4/2015 2:32,7/8/2015 2:32,Second Class,129.9900055,1,-24.5699997
DEBIT,3,2,58.95999908,122.8399963,Late delivery,1,Men's Footwear,Caguas,Puerto Rico,Apparel,Europe,Madrid,España,Southern Europe,Madrid,8/30/2017 0:02,9/2/2017 0:02,Second Class,129.9900055,1,58.95999908
DEBIT,6,2,7.739999771,122.8399963,Late delivery,1,Men's Footwear,Caguas,Puerto Rico,Apparel,Europe,Six-Fours-les-Plages,Francia,Western Europe,Provenza-Alpes-Costa Azul,7/5/2017 15:32,7/11/2017 15:32,Second Class,129.9900055,1,7.739999771
DEBIT,6,2,55.27999878,122.8399963,Late delivery,1,Men's Footwear,Caguas,Puerto Rico,Apparel,Europe,Rennes,Francia,Western Europe,Bretaña,10/4/2015 14:40,10/10/2015 14:40,Second Class,129.9900055,1,55.27999878
DEBIT,6,2,42.31000137,120.8899994,Late delivery,1,Men's Footwear,Caguas,Puerto Rico,Apparel,Europe,Capannori,Italia,Southern Europe,Toscana,10/14/2015 5:54,10/20/2015 5:54,Second Class,129.9900055,1,42.31000137
DEBIT,2,2,42.31000137,120.8899994,Shipping on time,0,Men's Footwear,Caguas,Puerto Rico,Apparel,Europe,Reutlingen,Alemania,Western Europe,Baden-Wurtemberg,8/6/2017 23:53,8/8/2017 23:53,Second Class,129.9900055,1,42.31000137
DEBIT,6,2,36.27000046,120.8899994,Late delivery,1,Men's Footwear,Caguas,Puerto Rico,Apparel,Europe,Palaiseau,Francia,Western Europe,Isla de Francia,10/10/2015 21:19,10/16/2015 21:19,Second Class,129.9900055,1,36.27000046
DEBIT,6,2,28.38999939,118.2900009,Late delivery,1,Men's Footwear,Caguas,Puerto Rico,Apparel,Europe,Redditch,Reino Unido,Northern Europe,Inglaterra,8/6/2017 21:47,8/12/2017 21:47,Second Class,129.9900055,1,28.38999939
DEBIT,6,2,-90.73000336,118.2900009,Late delivery,1,Men's Footwear,Caguas,Puerto Rico,Apparel,Europe,Leeds,Reino Unido,Northern Europe,Inglaterra,10/21/2015 4:19,10/27/2015 4:19,Second Class,129.9900055,1,-90.73000336
DEBIT,6,2,36.66999817,118.2900009,Late delivery,1,Men's Footwear,Caguas,Puerto Rico,Apparel,Europe,Plymouth,Reino Unido,Northern Europe,Inglaterra,9/24/2015 7:41,9/30/2015 7:41,Second Class,129.9900055,1,36.66999817
DEBIT,6,2,8.869999886,118.2900009,Late delivery,1,Men's Footwear,Caguas,Puerto Rico,Apparel,Europe,Estocolmo,Suecia,Northern Europe,Estocolmo,9/17/2015 23:17,9/23/2015 23:17,Second Class,129.9900055,1,8.869999886
DEBIT,3,2,54.40999985,118.2900009,Late delivery,1,Men's Footwear,Caguas,Puerto Rico,Apparel,Europe,Barcelona,España,Southern Europe,Cataluña,10/17/2015 6:25,10/20/2015 6:25,Second Class,129.9900055,1,54.40999985
DEBIT,5,2,33.11999893,118.2900009,Late delivery,1,Men's Footwear,Caguas,Puerto Rico,Apparel,Europe,Castelldefels,España,Southern Europe,Cataluña,6/2/2015 10:38,6/7/2015 10:38,Second Class,129.9900055,1,33.11999893
DEBIT,3,2,56.15999985,116.9899979,Late delivery,1,Men's Footwear,Caguas,Puerto Rico,Apparel,Europe,London,Reino Unido,Northern Europe,Inglaterra,8/1/2017 12:52,8/4/2017 12:52,Second Class,129.9900055,1,56.15999985
DEBIT,5,2,32.75999832,116.9899979,Late delivery,1,Men's Footwear,Vega Baja,Puerto Rico,Apparel,Europe,Oslo,Noruega,Northern Europe,Oslo,8/11/2015 21:03,8/16/2015 21:03,Second Class,129.9900055,1,32.75999832
DEBIT,5,2,16.37999916,116.9899979,Late delivery,1,Men's Footwear,Caguas,Puerto Rico,Apparel,Europe,Birmingham,Reino Unido,Northern Europe,Inglaterra,7/25/2015 6:53,7/30/2015 6:53,Second Class,129.9900055,1,16.37999916
DEBIT,2,2,17.8199997,53.99000168,Shipping on time,0,Cleats,Caguas,Puerto Rico,Apparel,Europe,Amsterdam,Países Bajos,Western Europe,Holanda Septentrional,8/1/2015 9:30,8/3/2015 9:30,Second Class,59.99000168,1,17.8199997
DEBIT,4,2,-80.98999786,53.99000168,Late delivery,1,Cleats,Caguas,Puerto Rico,Apparel,Europe,Hautmont,Francia,Western Europe,Norte-Paso de Calais-Picardía,7/5/2015 8:19,7/9/2015 8:19,Second Class,59.99000168,1,-80.98999786
DEBIT,4,2,29.73999977,114.3899994,Late delivery,1,Men's Footwear,Caguas,Puerto Rico,Apparel,Europe,Banska Bystrica,Eslovaquia,Eastern Europe,Banská Bystrica,11/28/2016 3:24,12/2/2016 3:24,Second Class,129.9900055,1,29.73999977
DEBIT,6,2,7.210000038,114.3899994,Late delivery,1,Men's Footwear,Caguas,Puerto Rico,Apparel,Europe,Nacka,Suecia,Northern Europe,Estocolmo,9/22/2017 20:09,9/28/2017 20:09,Second Class,129.9900055,1,7.210000038
DEBIT,6,2,33.16999817,114.3899994,Late delivery,1,Men's Footwear,Caguas,Puerto Rico,Apparel,Europe,West Bromwich,Reino Unido,Northern Europe,Inglaterra,8/4/2015 0:13,8/10/2015 0:13,Second Class,129.9900055,1,33.16999817
DEBIT,2,2,56.04999924,114.3899994,Shipping on time,0,Men's Footwear,Caguas,Puerto Rico,Apparel,Europe,Milan,Italia,Southern Europe,Lombardía,8/27/2017 10:22,8/29/2017 10:22,Second Class,129.9900055,1,56.04999924
DEBIT,6,2,-34.3199997,114.3899994,Late delivery,1,Men's Footwear,Caguas,Puerto Rico,Apparel,Europe,Rome,Italia,Southern Europe,Lacio,7/2/2015 23:13,7/8/2015 23:13,Second Class,129.9900055,1,-34.3199997
DEBIT,3,2,53.75999832,114.3899994,Late delivery,1,Men's Footwear,Caguas,Puerto Rico,Apparel,Europe,Lille,Francia,Western Europe,Norte-Paso de Calais-Picardía,9/15/2017 10:10,9/18/2017 10:10,Second Class,129.9900055,1,53.75999832
DEBIT,4,2,36.75,113.0899963,Late delivery,1,Men's Footwear,Caguas,Puerto Rico,Apparel,Europe,Basingstoke,Reino Unido,Northern Europe,Inglaterra,9/29/2015 9:36,10/3/2015 9:36,Second Class,129.9900055,1,36.75
DEBIT,5,2,30.53000069,113.0899963,Late delivery,1,Men's Footwear,Caguas,Puerto Rico,Apparel,Europe,London,Reino Unido,Northern Europe,Inglaterra,9/19/2015 9:58,9/24/2015 9:58,Second Class,129.9900055,1,30.53000069
DEBIT,3,2,-33.93000031,113.0899963,Late delivery,1,Men's Footwear,Caguas,Puerto Rico,Apparel,Europe,Littlehampton,Reino Unido,Northern Europe,Inglaterra,8/26/2015 22:57,8/29/2015 22:57,Second Class,129.9900055,1,-33.93000031
DEBIT,6,2,42.40999985,113.0899963,Late delivery,1,Men's Footwear,Caguas,Puerto Rico,Apparel,Europe,West Bromwich,Reino Unido,Northern Europe,Inglaterra,8/4/2015 0:13,8/10/2015 0:13,Second Class,129.9900055,1,42.40999985
DEBIT,4,2,33.93000031,113.0899963,Late delivery,1,Men's Footwear,Caguas,Puerto Rico,Apparel,Europe,London,Reino Unido,Northern Europe,Inglaterra,7/14/2015 18:17,7/18/2015 18:17,Second Class,129.9900055,1,33.93000031
DEBIT,3,2,-8.720000267,52.18999863,Late delivery,1,Cleats,Caguas,Puerto Rico,Apparel,Europe,Seville,España,Southern Europe,Andalucía,6/25/2017 18:00,6/28/2017 18:00,Second Class,59.99000168,1,-8.720000267
DEBIT,3,2,52.02000046,113.0899963,Late delivery,1,Men's Footwear,Caguas,Puerto Rico,Apparel,Europe,Moncalieri,Italia,Southern Europe,Piamonte,7/3/2017 8:10,7/6/2017 8:10,Second Class,129.9900055,1,52.02000046
DEBIT,6,2,-33.93000031,113.0899963,Late delivery,1,Men's Footwear,Caguas,Puerto Rico,Apparel,Europe,Reims,Francia,Western Europe,Alsacia-Champaña-Ardenas-Lorena,9/17/2017 8:46,9/23/2017 8:46,Second Class,129.9900055,1,-33.93000031
DEBIT,3,2,36.75,113.0899963,Late delivery,1,Men's Footwear,Caguas,Puerto Rico,Apparel,Europe,Lille,Francia,Western Europe,Norte-Paso de Calais-Picardía,9/15/2017 10:10,9/18/2017 10:10,Second Class,129.9900055,1,36.75
DEBIT,5,2,35.40000153,113.0899963,Late delivery,1,Men's Footwear,Caguas,Puerto Rico,Apparel,Europe,Seraing,Bélgica,Western Europe,Lieja,6/13/2015 14:39,6/18/2015 14:39,Second Class,129.9900055,1,35.40000153
DEBIT,5,2,14.27999973,50.99000168,Late delivery,1,Cleats,Caguas,Puerto Rico,Apparel,Europe,Kramators'k,Ucrania,Eastern Europe,Donetsk,8/28/2016 16:50,9/2/2016 16:50,Second Class,59.99000168,1,14.27999973
DEBIT,4,2,28.72999954,110.4899979,Late delivery,1,Men's Footwear,Caguas,Puerto Rico,Apparel,Europe,Basingstoke,Reino Unido,Northern Europe,Inglaterra,9/29/2015 9:36,10/3/2015 9:36,Second Class,129.9900055,1,28.72999954
DEBIT,4,2,27.62000084,110.4899979,Late delivery,1,Men's Footwear,Caguas,Puerto Rico,Apparel,Europe,London,Reino Unido,Northern Europe,Inglaterra,7/14/2015 18:17,7/18/2015 18:17,Second Class,129.9900055,1,27.62000084
DEBIT,3,2,13.26000023,110.4899979,Late delivery,1,Men's Footwear,Caguas,Puerto Rico,Apparel,Europe,Moncalieri,Italia,Southern Europe,Piamonte,7/3/2017 8:10,7/6/2017 8:10,Second Class,129.9900055,1,13.26000023
DEBIT,5,2,145.6999969,303.5400085,Late delivery,1,Children's Clothing,Caguas,Puerto Rico,Apparel,Europe,Kiel,Alemania,Western Europe,Schleswig-Holstein,10/19/2017 11:10,10/24/2017 11:10,Second Class,357.1000061,1,145.6999969
DEBIT,4,2,37.34999847,110.4899979,Late delivery,1,Men's Footwear,Caguas,Puerto Rico,Apparel,Europe,Arnhem,Países Bajos,Western Europe,Güeldres,9/16/2017 0:32,9/20/2017 0:32,Second Class,129.9900055,1,37.34999847
DEBIT,3,2,35.90999985,110.4899979,Late delivery,1,Men's Footwear,Caguas,Puerto Rico,Apparel,Europe,Montreuil,Francia,Western Europe,Isla de Francia,8/31/2015 13:19,9/3/2015 13:19,Second Class,129.9900055,1,35.90999985
DEBIT,5,2,50.83000183,110.4899979,Late delivery,1,Men's Footwear,Caguas,Puerto Rico,Apparel,Europe,Dortmund,Alemania,Western Europe,Renania del Norte-Westfalia,8/1/2015 17:34,8/6/2015 17:34,Second Class,129.9900055,1,50.83000183
DEBIT,4,2,30.94000053,110.4899979,Late delivery,1,Men's Footwear,Caguas,Puerto Rico,Apparel,Europe,Hautmont,Francia,Western Europe,Norte-Paso de Calais-Picardía,7/5/2015 8:19,7/9/2015 8:19,Second Class,129.9900055,1,30.94000053
DEBIT,5,2,34.18000031,109.1900024,Late delivery,1,Men's Footwear,Caguas,Puerto Rico,Apparel,Europe,Sunderland,Reino Unido,Northern Europe,Inglaterra,8/16/2015 16:40,8/21/2015 16:40,Second Class,129.9900055,1,34.18000031
DEBIT,4,2,49.13999939,109.1900024,Late delivery,1,Men's Footwear,Caguas,Puerto Rico,Apparel,Europe,London,Reino Unido,Northern Europe,Inglaterra,7/14/2015 18:17,7/18/2015 18:17,Second Class,129.9900055,1,49.13999939
DEBIT,3,2,29.47999954,109.1900024,Late delivery,1,Men's Footwear,Caguas,Puerto Rico,Apparel,Europe,Rome,Italia,Southern Europe,Lacio,10/20/2015 23:45,10/23/2015 23:45,Second Class,129.9900055,1,29.47999954
DEBIT,4,2,13.60999966,50.38999939,Late delivery,1,Cleats,Caguas,Puerto Rico,Apparel,Europe,Augsburg,Alemania,Western Europe,Bavaria,6/29/2015 20:56,7/3/2015 20:56,Second Class,59.99000168,1,13.60999966
DEBIT,6,2,145.3699951,387.6400146,Late delivery,1,Crafts,Caguas,Puerto Rico,Apparel,Europe,Cognac,Francia,Western Europe,Aquitania-Lemosín-Poitou-Charentes,11/6/2017 17:27,11/12/2017 17:27,Second Class,461.480011,1,145.3699951
DEBIT,2,2,32.75999832,109.1900024,Shipping on time,0,Men's Footwear,Caguas,Puerto Rico,Apparel,Europe,Castrop-Rauxel,Alemania,Western Europe,Renania del Norte-Westfalia,8/26/2017 13:21,8/28/2017 13:21,Second Class,129.9900055,1,32.75999832
DEBIT,4,2,0.0,109.1900024,Late delivery,1,Men's Footwear,Caguas,Puerto Rico,Apparel,Europe,Hautmont,Francia,Western Europe,Norte-Paso de Calais-Picardía,7/5/2015 8:19,7/9/2015 8:19,Second Class,129.9900055,1,0.0
DEBIT,4,2,32.36999893,107.8899994,Late delivery,1,Men's Footwear,Caguas,Puerto Rico,Apparel,Europe,Bytom,Polonia,Eastern Europe,Silesia,10/6/2016 10:39,10/10/2016 10:39,Second Class,129.9900055,1,32.36999893
TRANSFER,6,4,127.5500031,283.4500122,Late delivery,1,Cleats,Caguas,Puerto Rico,Apparel,LATAM,Durango,México,Central America,Durango,2/20/2017 13:05,2/26/2017 13:05,Standard Class,299.9500122,5,127.5500031
TRANSFER,5,4,5.460000038,272.9500122,Late delivery,1,Cleats,Caguas,Puerto Rico,Apparel,LATAM,Quito,Ecuador,South America,Pichincha,2/13/2017 16:05,2/18/2017 16:05,Standard Class,299.9500122,5,5.460000038
TRANSFER,6,4,2.700000048,269.9599915,Late delivery,1,Cleats,Caguas,Puerto Rico,Apparel,LATAM,Santo Domingo,República Dominicana,Caribbean,Santo Domingo,4/20/2017 8:59,4/26/2017 8:59,Standard Class,299.9500122,5,2.700000048
TRANSFER,5,4,108.2200012,263.9599915,Late delivery,1,Cleats,Caguas,Puerto Rico,Apparel,LATAM,Tegucigalpa,Honduras,Central America,Francisco Morazán,3/17/2015 5:19,3/22/2015 5:19,Standard Class,299.9500122,5,108.2200012
TRANSFER,3,4,95.01999664,263.9599915,Advance shipping,0,Cleats,Caguas,Puerto Rico,Apparel,LATAM,Serra,Brasil,South America,Espíritu Santo,5/14/2015 3:29,5/17/2015 3:29,Standard Class,299.9500122,5,95.01999664
TRANSFER,3,4,49.06000137,260.9599915,Advance shipping,0,Cleats,Caguas,Puerto Rico,Apparel,LATAM,Tegucigalpa,Honduras,Central America,Francisco Morazán,3/6/2015 14:37,3/9/2015 14:37,Standard Class,299.9500122,5,49.06000137
TRANSFER,6,4,71.38999939,254.9600067,Late delivery,1,Cleats,Caguas,Puerto Rico,Apparel,LATAM,Managua,Nicaragua,Central America,Managua,5/17/2015 7:52,5/23/2015 7:52,Standard Class,299.9500122,5,71.38999939
TRANSFER,2,4,47.86999893,251.9600067,Advance shipping,0,Cleats,Caguas,Puerto Rico,Apparel,LATAM,Santiago de los Caballeros,República Dominicana,Caribbean,Santiago de Chile,5/17/2015 4:42,5/19/2015 4:42,Standard Class,299.9500122,5,47.86999893
TRANSFER,6,4,28.12999916,248.9600067,Late delivery,1,Cleats,Caguas,Puerto Rico,Apparel,LATAM,Villa Nueva,Guatemala,Central America,Guatemala,5/1/2017 5:59,5/7/2017 5:59,Standard Class,299.9500122,5,28.12999916
TRANSFER,3,4,62.99000168,224.9600067,Advance shipping,0,Cleats,Mayaguez,Puerto Rico,Apparel,LATAM,San Salvador,El Salvador,Central America,San Salvador,3/7/2017 14:39,3/10/2017 14:39,Standard Class,299.9500122,5,62.99000168
TRANSFER,2,4,59.99000168,199.9499969,Advance shipping,0,Shop By Sport,Caguas,Puerto Rico,Golf,LATAM,Pinar del Río,Cuba,Caribbean,Pinar del Río,1/25/2017 8:34,1/27/2017 8:34,Standard Class,199.9499969,5,59.99000168
TRANSFER,5,4,90.75,250.0,Late delivery,1,Women's Apparel,Caguas,Puerto Rico,Golf,LATAM,Tegucigalpa,Honduras,Central America,Francisco Morazán,3/4/2015 7:16,3/9/2015 7:16,Standard Class,250.0,5,90.75
TRANSFER,2,4,34.99000168,199.9499969,Advance shipping,0,Shop By Sport,Caguas,Puerto Rico,Golf,LATAM,Araranguá,Brasil,South America,Santa Catarina,6/14/2017 11:53,6/16/2017 11:53,Standard Class,199.9499969,5,34.99000168
TRANSFER,5,4,24.75,247.5,Late delivery,1,Women's Apparel,Caguas,Puerto Rico,Golf,LATAM,Santiago de los Caballeros,República Dominicana,Caribbean,Santiago de Chile,1/30/2015 3:59,2/4/2015 3:59,Standard Class,250.0,5,24.75
TRANSFER,2,4,39.15000153,346.5,Advance shipping,0,Girls' Apparel,Caguas,Puerto Rico,Golf,LATAM,Juárez,México,Central America,Chihuahua,2/21/2017 1:42,2/23/2017 1:42,Standard Class,350.0,5,39.15000153
TRANSFER,3,4,-58.31000137,245.0,Advance shipping,0,Women's Apparel,Caguas,Puerto Rico,Golf,LATAM,Monterrey,México,Central America,Nuevo León,4/14/2017 6:32,4/17/2017 6:32,Standard Class,250.0,5,-58.31000137
TRANSFER,5,4,42.88000107,122.5,Late delivery,1,Girls' Apparel,Caguas,Puerto Rico,Golf,LATAM,Puno,Perú,South America,Puno,1/24/2017 7:21,1/29/2017 7:21,Standard Class,125.0,5,42.88000107
TRANSFER,2,4,-36.84000015,195.9499969,Advance shipping,0,Shop By Sport,Caguas,Puerto Rico,Golf,LATAM,São Paulo,Brasil,South America,São Paulo,3/18/2017 18:18,3/20/2017 18:18,Standard Class,199.9499969,5,-36.84000015
TRANSFER,6,4,7.449999809,195.9499969,Late delivery,1,Shop By Sport,Caguas,Puerto Rico,Golf,LATAM,Navegantes,Brasil,South America,Santa Catarina,2/24/2017 11:41,3/2/2017 11:41,Standard Class,199.9499969,5,7.449999809
TRANSFER,2,4,48.0,240.0,Advance shipping,0,Women's Apparel,Caguas,Puerto Rico,Golf,LATAM,Mexico City,México,Central America,Distrito Federal,5/15/2017 15:25,5/17/2017 15:25,Standard Class,250.0,5,48.0
TRANSFER,6,4,-52.08000183,240.0,Late delivery,1,Women's Apparel,Caguas,Puerto Rico,Golf,LATAM,Tegucigalpa,Honduras,Central America,Francisco Morazán,5/3/2015 18:02,5/9/2015 18:02,Standard Class,250.0,5,-52.08000183
TRANSFER,4,4,78.0,240.0,Shipping on time,0,Women's Apparel,Caguas,Puerto Rico,Golf,LATAM,Tampico,México,Central America,Tamaulipas,4/29/2015 13:29,5/3/2015 13:29,Standard Class,250.0,5,78.0
TRANSFER,3,4,116.3799973,237.5,Advance shipping,0,Women's Apparel,Humacao,Puerto Rico,Golf,LATAM,La Paz,Bolivia,South America,La Paz,6/3/2017 2:58,6/6/2017 2:58,Standard Class,250.0,5,116.3799973
TRANSFER,4,4,42.52999878,236.25,Shipping on time,0,Women's Apparel,Caguas,Puerto Rico,Golf,LATAM,Villa Nueva,Guatemala,Central America,Guatemala,2/2/2015 3:27,2/6/2015 3:27,Standard Class,250.0,5,42.52999878
TRANSFER,3,4,62.97999954,179.9600067,Advance shipping,0,Girls' Apparel,Caguas,Puerto Rico,Golf,LATAM,Matagalpa,Nicaragua,Central America,Matagalpa,2/21/2015 11:18,2/24/2015 11:18,Standard Class,199.9499969,5,62.97999954
TRANSFER,4,4,58.79999924,173.9600067,Shipping on time,0,Shop By Sport,Caguas,Puerto Rico,Golf,LATAM,Cuscatancingo,El Salvador,Central America,San Salvador,2/5/2015 10:17,2/9/2015 10:17,Standard Class,199.9499969,5,58.79999924
TRANSFER,5,4,-40.45999908,217.5,Late delivery,1,Women's Apparel,Caguas,Puerto Rico,Golf,LATAM,Mixco,Guatemala,Central America,Guatemala,3/16/2017 9:33,3/21/2017 9:33,Standard Class,250.0,5,-40.45999908
TRANSFER,3,4,38.27999878,217.5,Advance shipping,0,Women's Apparel,Caguas,Puerto Rico,Golf,LATAM,Americana,Brasil,South America,São Paulo,4/12/2017 12:29,4/15/2017 12:29,Standard Class,250.0,5,38.27999878
TRANSFER,4,4,27.19000053,217.5,Shipping on time,0,Women's Apparel,Caguas,Puerto Rico,Golf,LATAM,Indaial,Brasil,South America,Santa Catarina,5/28/2015 14:41,6/1/2015 14:41,Standard Class,250.0,5,27.19000053
TRANSFER,6,4,-31.87999916,212.5,Late delivery,1,Women's Apparel,Caguas,Puerto Rico,Golf,LATAM,Tijuana,México,Central America,Baja California,2/1/2017 17:09,2/7/2017 17:09,Standard Class,250.0,5,-31.87999916
TRANSFER,2,4,59.5,212.5,Advance shipping,0,Women's Apparel,Caguas,Puerto Rico,Golf,LATAM,Ciudad del Carmen,México,Central America,Campeche,5/10/2015 23:49,5/12/2015 23:49,Standard Class,250.0,5,59.5
TRANSFER,2,4,13.26000023,169.9600067,Advance shipping,0,Shop By Sport,Caguas,Puerto Rico,Golf,LATAM,Santana de Parnaíba,Brasil,South America,São Paulo,1/21/2015 5:13,1/23/2015 5:13,Standard Class,199.9499969,5,13.26000023
TRANSFER,2,4,33.59000015,167.9600067,Advance shipping,0,Shop By Sport,Caguas,Puerto Rico,Golf,LATAM,Limeira,Brasil,South America,São Paulo,5/14/2017 13:09,5/16/2017 13:09,Standard Class,199.9499969,5,33.59000015
TRANSFER,3,4,60.90000153,210.0,Advance shipping,0,Women's Apparel,Caguas,Puerto Rico,Golf,LATAM,Valencia,Venezuela,South America,Carabobo,5/10/2015 3:08,5/13/2015 3:08,Standard Class,250.0,5,60.90000153
TRANSFER,5,4,-245.9400024,163.9600067,Late delivery,1,Shop By Sport,Caguas,Puerto Rico,Golf,LATAM,Brasília,Brasil,South America,Distrito Federal,4/25/2017 14:45,4/30/2017 14:45,Standard Class,199.9499969,5,-245.9400024
TRANSFER,6,4,58.0,200.0,Late delivery,1,Women's Apparel,Caguas,Puerto Rico,Golf,LATAM,Querétaro,México,Central America,Querétaro,2/20/2017 0:50,2/26/2017 0:50,Standard Class,250.0,5,58.0
TRANSFER,2,4,30.79999924,280.0,Advance shipping,0,Girls' Apparel,Caguas,Puerto Rico,Golf,LATAM,Santiago de Chile,Chile,South America,Santiago de Chile,3/23/2017 3:25,3/25/2017 3:25,Standard Class,350.0,5,30.79999924
TRANSFER,4,4,18.0,239.9499969,Shipping on time,0,Electronics,Caguas,Puerto Rico,Outdoors,LATAM,Tegucigalpa,Honduras,Central America,Francisco Morazán,4/13/2017 22:07,4/17/2017 22:07,Standard Class,239.9499969,5,18.0
TRANSFER,4,4,55.09999847,122.4499969,Shipping on time,0,Accessories,Caguas,Puerto Rico,Outdoors,LATAM,Macapá,Brasil,South America,Amapá,5/8/2015 9:27,5/12/2015 9:27,Standard Class,124.9499969,5,55.09999847
TRANSFER,6,4,-14.27999973,230.3500061,Late delivery,1,Electronics,Caguas,Puerto Rico,Outdoors,LATAM,Portmore,Jamaica,Caribbean,Santa Caterina,1/17/2015 2:46,1/23/2015 2:46,Standard Class,239.9499969,5,-14.27999973
TRANSFER,3,4,31.87999916,118.0800018,Advance shipping,0,Accessories,Caguas,Puerto Rico,Outdoors,LATAM,Tijuana,México,Central America,Baja California,1/27/2015 5:13,1/30/2015 5:13,Standard Class,124.9499969,5,31.87999916
TRANSFER,5,4,53.43999863,113.6999969,Late delivery,1,Accessories,Bayamon,Puerto Rico,Outdoors,LATAM,San Salvador,El Salvador,Central America,San Salvador,1/24/2015 20:06,1/29/2015 20:06,Standard Class,124.9499969,5,53.43999863
TRANSFER,2,4,4.53000021,71.95999908,Advance shipping,0,Trade-In,Caguas,Puerto Rico,Outdoors,LATAM,Juárez,México,Central America,Chihuahua,2/21/2017 1:42,2/23/2017 1:42,Standard Class,79.94999695,5,4.53000021
TRANSFER,4,4,11.85999966,104.9599991,Shipping on time,0,Accessories,Caguas,Puerto Rico,Outdoors,LATAM,Indaial,Brasil,South America,Santa Catarina,5/28/2015 14:41,6/1/2015 14:41,Standard Class,124.9499969,5,11.85999966
TRANSFER,2,4,35.61999893,284.9500122,Shipping canceled,0,Cleats,Caguas,Puerto Rico,Apparel,LATAM,Saltillo,México,Central America,Coahuila,4/1/2015 3:22,4/3/2015 3:22,Standard Class,299.9500122,5,35.61999893
TRANSFER,6,4,76.43000031,272.9500122,Shipping canceled,0,Cleats,Caguas,Puerto Rico,Apparel,LATAM,Camagüey,Cuba,Caribbean,Camagüey,6/1/2017 13:28,6/7/2017 13:28,Standard Class,299.9500122,5,76.43000031
TRANSFER,6,4,40.49000168,269.9599915,Shipping canceled,0,Cleats,Caguas,Puerto Rico,Apparel,LATAM,Mejicanos,El Salvador,Central America,San Salvador,1/9/2015 10:50,1/15/2015 10:50,Standard Class,299.9500122,5,40.49000168
TRANSFER,5,4,127.4800034,254.9600067,Shipping canceled,0,Cleats,Caguas,Puerto Rico,Apparel,LATAM,Guantánamo,Cuba,Caribbean,Guantánamo,4/1/2017 0:25,4/6/2017 0:25,Standard Class,299.9500122,5,127.4800034
TRANSFER,3,4,118.0599976,245.9600067,Shipping canceled,0,Cleats,Caguas,Puerto Rico,Apparel,LATAM,Cartago,Colombia,South America,Valle del Cauca,4/6/2015 4:35,4/9/2015 4:35,Standard Class,299.9500122,5,118.0599976
TRANSFER,4,4,-89.98999786,224.9600067,Shipping canceled,0,Cleats,Arecibo,Puerto Rico,Apparel,LATAM,Arequipa,Perú,South America,Arequipa,5/1/2017 0:02,5/5/2017 0:02,Standard Class,299.9500122,5,-89.98999786
TRANSFER,6,4,87.27999878,193.9499969,Shipping canceled,0,Shop By Sport,Caguas,Puerto Rico,Golf,LATAM,Atlixco,México,Central America,Puebla,2/22/2015 21:38,2/28/2015 21:38,Standard Class,199.9499969,5,87.27999878
TRANSFER,2,4,87.12000275,240.0,Shipping canceled,0,Women's Apparel,Caguas,Puerto Rico,Golf,LATAM,Santo Domingo,República Dominicana,Caribbean,Santo Domingo,2/2/2017 18:01,2/4/2017 18:01,Standard Class,250.0,5,87.12000275
TRANSFER,2,4,60.75,225.0,Shipping canceled,0,Women's Apparel,Vega Baja,Puerto Rico,Golf,LATAM,Santo Domingo,República Dominicana,Caribbean,Santo Domingo,5/9/2017 17:32,5/11/2017 17:32,Standard Class,250.0,5,60.75
TRANSFER,5,4,102.3799973,315.0,Shipping canceled,0,Girls' Apparel,Caguas,Puerto Rico,Golf,LATAM,Rio Branco,Brasil,South America,Acre,3/28/2015 9:20,4/2/2015 9:20,Standard Class,350.0,5,102.3799973
TRANSFER,3,4,74.36000061,220.0,Shipping canceled,0,Women's Apparel,Caguas,Puerto Rico,Golf,LATAM,Ayacucho,Perú,South America,Ayacucho,2/9/2017 8:01,2/12/2017 8:01,Standard Class,250.0,5,74.36000061
TRANSFER,4,4,-190.6499939,123.0,Shipping canceled,0,Girls' Apparel,Caguas,Puerto Rico,Golf,LATAM,Mixco,Guatemala,Central America,Guatemala,5/13/2015 6:49,5/17/2015 6:49,Standard Class,150.0,5,-190.6499939
TRANSFER,5,4,98.0,200.0,Shipping canceled,0,Women's Apparel,Caguas,Puerto Rico,Golf,LATAM,Vassouras,Brasil,South America,Río de Janeiro,6/15/2017 13:27,6/20/2017 13:27,Standard Class,250.0,5,98.0
TRANSFER,5,4,52.49000168,149.9600067,Shipping canceled,0,Shop By Sport,Caguas,Puerto Rico,Golf,LATAM,Rio Branco,Brasil,South America,Acre,3/28/2015 9:20,4/2/2015 9:20,Standard Class,199.9499969,5,52.49000168
TRANSFER,3,4,-101.2399979,449.9599915,Shipping canceled,0,Cardio Equipment,Caguas,Puerto Rico,Footwear,Pacific Asia,Hyderabad,India,South Asia,Telangana,2/9/2016 22:54,2/12/2016 22:54,Standard Class,499.9500122,5,-101.2399979
TRANSFER,4,4,63.74000168,424.9599915,Shipping canceled,0,Cardio Equipment,Caguas,Puerto Rico,Footwear,Pacific Asia,Jiangyan,China,Eastern Asia,Jiangsu,12/23/2015 22:37,12/27/2015 22:37,Standard Class,499.9500122,5,63.74000168
TRANSFER,6,4,101.2399979,374.9599915,Shipping canceled,0,Cardio Equipment,Caguas,Puerto Rico,Footwear,Pacific Asia,Christchurch,Nueva Zelanda,Oceania,Canterbury,3/30/2016 15:07,4/5/2016 15:07,Standard Class,499.9500122,5,101.2399979
TRANSFER,3,4,13.55000019,153.9600067,Advance shipping,0,Baseball & Softball,Caguas,Puerto Rico,Fitness,Pacific Asia,Masterton,Nueva Zelanda,Oceania,Wellington,3/25/2016 14:57,3/28/2016 14:57,Standard Class,174.9499969,5,13.55000019
TRANSFER,6,4,47.99000168,159.9499969,Late delivery,1,Electronics,Caguas,Puerto Rico,Footwear,Pacific Asia,Daqing,China,Eastern Asia,Heilongjiang,1/13/2016 16:48,1/19/2016 16:48,Standard Class,159.9499969,5,47.99000168
TRANSFER,5,4,-34.95000076,150.0,Late delivery,1,Cardio Equipment,Caguas,Puerto Rico,Footwear,Pacific Asia,Albury,Australia,Oceania,Nueva Gales del Sur,3/22/2016 12:20,3/27/2016 12:20,Standard Class,150.0,5,-34.95000076
TRANSFER,2,4,151.9799957,474.9500122,Advance shipping,0,Cardio Equipment,Caguas,Puerto Rico,Footwear,Pacific Asia,Manila,Filipinas,Southeast Asia,Capital Nacional,11/2/2015 12:42,11/4/2015 12:42,Standard Class,499.9500122,5,151.9799957
TRANSFER,2,4,-283.4700012,472.4500122,Advance shipping,0,Cardio Equipment,Caguas,Puerto Rico,Footwear,Pacific Asia,Bagdad,Irak,West Asia,Bagdad,10/28/2016 7:28,10/30/2016 7:28,Standard Class,499.9500122,5,-283.4700012
TRANSFER,2,4,145.5299988,464.9500122,Advance shipping,0,Cardio Equipment,Caguas,Puerto Rico,Footwear,Pacific Asia,Valenzuela,Filipinas,Southeast Asia,Capital Nacional,3/9/2016 23:44,3/11/2016 23:44,Standard Class,499.9500122,5,145.5299988
TRANSFER,3,4,-790.4199829,464.9500122,Advance shipping,0,Cardio Equipment,Caguas,Puerto Rico,Footwear,Pacific Asia,Mersin,Turquía,West Asia,Mersin,9/16/2016 10:20,9/19/2016 10:20,Standard Class,499.9500122,5,-790.4199829
TRANSFER,2,4,207.4799957,414.9599915,Advance shipping,0,Cardio Equipment,Caguas,Puerto Rico,Footwear,Pacific Asia,Antipolo,Filipinas,Southeast Asia,Calabarzón,12/15/2015 15:58,12/17/2015 15:58,Standard Class,499.9500122,5,207.4799957
TRANSFER,2,4,32.79000092,131.1600037,Advance shipping,0,Electronics,Caguas,Puerto Rico,Footwear,Pacific Asia,Borujerd,Irán,South Asia,Lorestan,9/27/2016 21:00,9/29/2016 21:00,Standard Class,159.9499969,5,32.79000092
TRANSFER,2,4,-349.9700012,399.9599915,Advance shipping,0,Cardio Equipment,Caguas,Puerto Rico,Footwear,Pacific Asia,Izmir,Turquía,West Asia,Izmir,11/29/2016 10:14,12/1/2016 10:14,Standard Class,499.9500122,5,-349.9700012
TRANSFER,3,4,95.80999756,283.4500122,Advance shipping,0,Cleats,Caguas,Puerto Rico,Apparel,Pacific Asia,Jaipur,India,South Asia,Rajastán,11/6/2015 8:09,11/9/2015 8:09,Standard Class,299.9500122,5,95.80999756
TRANSFER,2,4,79.37000275,283.4500122,Advance shipping,0,Cleats,Caguas,Puerto Rico,Apparel,Pacific Asia,Ho Chi Minh City,Vietnam,Southeast Asia,Ciudad Ho Chi Minh,12/5/2015 0:13,12/7/2015 0:13,Standard Class,299.9500122,5,79.37000275
TRANSFER,2,4,86.18000031,254.9600067,Advance shipping,0,Cleats,Caguas,Puerto Rico,Apparel,Pacific Asia,Shulan,China,Eastern Asia,Jilin,11/29/2015 23:21,12/1/2015 23:21,Standard Class,299.9500122,5,86.18000031
TRANSFER,4,4,-97.65000153,254.9600067,Shipping on time,0,Cleats,Caguas,Puerto Rico,Apparel,Pacific Asia,Sydney,Australia,Oceania,Nueva Gales del Sur,1/7/2016 0:42,1/11/2016 0:42,Standard Class,299.9500122,5,-97.65000153
TRANSFER,3,4,-420.6799927,254.9600067,Advance shipping,0,Cleats,Caguas,Puerto Rico,Apparel,Pacific Asia,Antalya,Turquía,West Asia,Antalya,11/18/2016 10:04,11/21/2016 10:04,Standard Class,299.9500122,5,-420.6799927
TRANSFER,4,4,124.9300003,254.9600067,Shipping on time,0,Cleats,San Juan,Puerto Rico,Apparel,Pacific Asia,Bagdad,Irak,West Asia,Bagdad,9/14/2016 16:38,9/18/2016 16:38,Standard Class,299.9500122,5,124.9300003
TRANSFER,5,4,88.19000244,251.9600067,Late delivery,1,Cleats,Caguas,Puerto Rico,Apparel,Pacific Asia,Daca,Bangladés,South Asia,Daca,12/9/2015 22:38,12/14/2015 22:38,Standard Class,299.9500122,5,88.19000244
TRANSFER,2,4,90.37000275,248.9600067,Advance shipping,0,Cleats,Caguas,Puerto Rico,Apparel,Pacific Asia,Shantou,China,Eastern Asia,Guangdong,2/3/2016 17:39,2/5/2016 17:39,Standard Class,299.9500122,5,90.37000275
TRANSFER,2,4,74.69000244,248.9600067,Advance shipping,0,Cleats,Caguas,Puerto Rico,Apparel,Pacific Asia,Manila,Filipinas,Southeast Asia,Capital Nacional,11/2/2015 12:42,11/4/2015 12:42,Standard Class,299.9500122,5,74.69000244
TRANSFER,6,4,89.27999878,245.9600067,Late delivery,1,Cleats,San Sebastian,Puerto Rico,Apparel,Pacific Asia,Semarang,Indonesia,Southeast Asia,Java Central,2/7/2016 5:23,2/13/2016 5:23,Standard Class,299.9500122,5,89.27999878
TRANSFER,3,4,95.01999664,197.9499969,Advance shipping,0,Shop By Sport,Caguas,Puerto Rico,Golf,Pacific Asia,Newcastle,Australia,Oceania,Nueva Gales del Sur,2/23/2016 7:28,2/26/2016 7:28,Standard Class,199.9499969,5,95.01999664
TRANSFER,2,4,7.429999828,247.5,Advance shipping,0,Women's Apparel,Caguas,Puerto Rico,Golf,Pacific Asia,Bagdad,Irak,West Asia,Bagdad,11/17/2016 5:41,11/19/2016 5:41,Standard Class,250.0,5,7.429999828
TRANSFER,2,4,27.69000053,245.0,Advance shipping,0,Women's Apparel,Caguas,Puerto Rico,Golf,Pacific Asia,Izmir,Turquía,West Asia,Izmir,11/29/2016 10:14,12/1/2016 10:14,Standard Class,250.0,5,27.69000053
TRANSFER,4,4,90.22000122,191.9499969,Shipping on time,0,Shop By Sport,Caguas,Puerto Rico,Golf,Pacific Asia,Nantong,China,Eastern Asia,Jiangsu,11/17/2015 17:46,11/21/2015 17:46,Standard Class,199.9499969,5,90.22000122
TRANSFER,2,4,92.62999725,237.5,Advance shipping,0,Women's Apparel,Caguas,Puerto Rico,Golf,Pacific Asia,Taizz,Yemen,West Asia,Taiz,1/3/2017 4:03,1/5/2017 4:03,Standard Class,250.0,5,92.62999725
TRANSFER,3,4,14.96000004,237.5,Advance shipping,0,Women's Apparel,Caguas,Puerto Rico,Golf,Pacific Asia,Bagdad,Irak,West Asia,Bagdad,10/13/2016 6:58,10/16/2016 6:58,Standard Class,250.0,5,14.96000004
TRANSFER,2,4,59.06000137,236.25,Advance shipping,0,Women's Apparel,Caguas,Puerto Rico,Golf,Pacific Asia,Yangzhou,China,Eastern Asia,Jiangsu,11/6/2015 9:33,11/8/2015 9:33,Standard Class,250.0,5,59.06000137
TRANSFER,4,4,72.08000183,232.5,Shipping on time,0,Women's Apparel,Caguas,Puerto Rico,Golf,Pacific Asia,Asahikawa,Japón,Eastern Asia,Hokkaido,11/6/2015 8:30,11/10/2015 8:30,Standard Class,250.0,5,72.08000183
TRANSFER,4,4,-55.34000015,232.5,Shipping on time,0,Women's Apparel,Caguas,Puerto Rico,Golf,Pacific Asia,Valencia,Filipinas,Southeast Asia,Mindanao Septentrional,1/16/2016 14:10,1/20/2016 14:10,Standard Class,250.0,5,-55.34000015
TRANSFER,6,4,82.98999786,331.9700012,Late delivery,1,Cardio Equipment,New York,EE. UU.,Footwear,Africa,Khouribga,Marruecos,North Africa,Chauía-Uardiga,10/10/2016 11:42,10/16/2016 11:42,Standard Class,399.9599915,4,82.98999786
TRANSFER,6,4,103.9100037,331.9700012,Late delivery,1,Cardio Equipment,Phoenix,EE. UU.,Footwear,Africa,Lagos,Nigeria,West Africa,Lagos,12/24/2016 14:13,12/30/2016 14:13,Standard Class,399.9599915,4,103.9100037
TRANSFER,5,4,76.43000031,218.3600006,Late delivery,1,Cleats,Eugene,EE. UU.,Apparel,Africa,Hurghada,Egipto,North Africa,Al Bahr al Ahmar,9/6/2016 12:48,9/11/2016 12:48,Standard Class,239.9600067,4,76.43000031
TRANSFER,2,4,65.51000214,218.3600006,Advance shipping,0,Cleats,Long Beach,EE. UU.,Apparel,Africa,Accra,Ghana,West Africa,Gran Accra,11/27/2016 17:56,11/29/2016 17:56,Standard Class,239.9600067,4,65.51000214
TRANSFER,3,4,76.01999664,211.1600037,Advance shipping,0,Cleats,Algonquin,EE. UU.,Apparel,Africa,Boghni,Argelia,North Africa,Tizi Ouzou,11/3/2016 9:13,11/6/2016 9:13,Standard Class,239.9600067,4,76.01999664
TRANSFER,4,4,-154.7799988,211.1600037,Shipping on time,0,Cleats,Indianapolis,EE. UU.,Apparel,Africa,Meknes,Marruecos,North Africa,Mequinez-Tafilalet,10/17/2016 23:25,10/21/2016 23:25,Standard Class,239.9600067,4,-154.7799988
TRANSFER,4,4,71.38999939,203.9700012,Shipping on time,0,Cleats,Los Angeles,EE. UU.,Apparel,Africa,Abidjan,Costa de Marfil,West Africa,Lagunes,1/9/2017 21:54,1/13/2017 21:54,Standard Class,239.9600067,4,71.38999939
TRANSFER,6,4,65.51000214,201.5700073,Late delivery,1,Cleats,Buena Park,EE. UU.,Apparel,Africa,Thika,Kenia,East Africa,Central,12/22/2016 18:26,12/28/2016 18:26,Standard Class,239.9600067,4,65.51000214
TRANSFER,4,4,72.84999847,158.3600006,Shipping on time,0,Shop By Sport,Hayward,EE. UU.,Golf,Africa,Cairo,Egipto,North Africa,El Cairo,11/30/2016 18:27,12/4/2016 18:27,Standard Class,159.9600067,4,72.84999847
TRANSFER,5,4,60.18000031,158.3600006,Late delivery,1,Shop By Sport,Catonsville,EE. UU.,Golf,Africa,Ad Diwem,Sudán,North Africa,Nilo Blanco,10/22/2016 12:23,10/27/2016 12:23,Standard Class,159.9600067,4,60.18000031
TRANSFER,5,4,93.12000275,194.0,Late delivery,1,Women's Apparel,Carlisle,EE. UU.,Golf,Africa,Abu Kabir,Egipto,North Africa,Ash Sharqiyah,9/3/2016 5:58,9/8/2016 5:58,Standard Class,200.0,4,93.12000275
TRANSFER,3,4,87.41999817,186.0,Advance shipping,0,Women's Apparel,Staten Island,EE. UU.,Golf,Africa,Alexandria,Egipto,North Africa,Alejandría,8/29/2016 20:10,9/1/2016 20:10,Standard Class,200.0,4,87.41999817
TRANSFER,3,4,45.0,180.0,Advance shipping,0,Women's Apparel,Algonquin,EE. UU.,Golf,Africa,Boghni,Argelia,North Africa,Tizi Ouzou,11/3/2016 9:13,11/6/2016 9:13,Standard Class,200.0,4,45.0
TRANSFER,6,4,69.58000183,139.1699982,Late delivery,1,Shop By Sport,Long Beach,EE. UU.,Golf,Africa,Casablanca,Marruecos,North Africa,Gran Casablanca,9/1/2016 22:47,9/7/2016 22:47,Standard Class,159.9600067,4,69.58000183
TRANSFER,2,4,40.36000061,139.1699982,Advance shipping,0,Shop By Sport,Marietta,EE. UU.,Golf,Africa,Sale,Marruecos,North Africa,Rabat-Salé-Zemur-Zaer,9/19/2016 6:18,9/21/2016 6:18,Standard Class,159.9600067,4,40.36000061
TRANSFER,3,4,-290.5,166.0,Advance shipping,0,Women's Apparel,Jersey City,EE. UU.,Golf,Africa,Kalemie,República Democrática del Congo,Central Africa,Katanga,10/14/2016 3:59,10/17/2016 3:59,Standard Class,200.0,4,-290.5
TRANSFER,2,4,-265.6000061,166.0,Advance shipping,0,Women's Apparel,Long Beach,EE. UU.,Golf,Africa,Wad Madani,Sudán,North Africa,Gezira,9/23/2016 13:39,9/25/2016 13:39,Standard Class,200.0,4,-265.6000061
TRANSFER,4,4,15.0,132.7700043,Shipping on time,0,Shop By Sport,Los Angeles,EE. UU.,Golf,Africa,Abidjan,Costa de Marfil,West Africa,Lagunes,1/9/2017 21:54,1/13/2017 21:54,Standard Class,159.9600067,4,15.0
TRANSFER,3,4,47.56000137,164.0,Advance shipping,0,Women's Apparel,Memphis,EE. UU.,Golf,Africa,Kinshasa,República Democrática del Congo,Central Africa,Kinshasa,11/30/2016 11:06,12/3/2016 11:06,Standard Class,200.0,4,47.56000137
TRANSFER,2,4,27.54000092,67.16999817,Advance shipping,0,Golf Balls,Lutz,EE. UU.,Outdoors,Africa,Mogadishu,Somalia,East Africa,Benadir,12/14/2016 19:50,12/16/2016 19:50,Standard Class,79.95999908,4,27.54000092
TRANSFER,6,4,62.06000137,170.9600067,Shipping canceled,0,Tennis & Racquet,Lombard,EE. UU.,Fitness,Africa,Luanda,Angola,Central Africa,Luanda,10/8/2016 3:39,10/14/2016 3:39,Standard Class,179.9600067,4,62.06000137
TRANSFER,6,4,186.2200012,387.9599915,Shipping canceled,0,Cardio Equipment,Oxnard,EE. UU.,Footwear,Africa,Dar es Salaam,Tanzania,East Africa,Dar es Salaam,8/30/2016 2:28,9/5/2016 2:28,Standard Class,399.9599915,4,186.2200012
TRANSFER,3,4,-63.15999985,191.9700012,Shipping canceled,0,Cleats,Brooklyn,EE. UU.,Apparel,Africa,Cairo,Egipto,North Africa,El Cairo,11/2/2016 6:56,11/5/2016 6:56,Standard Class,239.9600067,4,-63.15999985
TRANSFER,3,4,86.23999786,176.0,Shipping canceled,0,Women's Apparel,New Bedford,EE. UU.,Golf,Africa,Ad Diwem,Sudán,North Africa,Nilo Blanco,10/10/2016 21:09,10/13/2016 21:09,Standard Class,200.0,4,86.23999786
TRANSFER,4,4,44.52999878,139.1699982,Shipping canceled,0,Shop By Sport,Newburgh,EE. UU.,Golf,Africa,Kindia,Guinea,West Africa,Kindia,12/19/2016 10:54,12/23/2016 10:54,Standard Class,159.9600067,4,44.52999878
TRANSFER,6,4,63.5,235.1999969,Shipping canceled,0,Girls' Apparel,Miami,EE. UU.,Golf,Africa,Taza,Marruecos,North Africa,Taza-Alhucemas-Taunat,11/29/2016 8:07,12/5/2016 8:07,Standard Class,280.0,4,63.5
TRANSFER,4,4,8.260000229,131.1699982,Shipping canceled,0,Shop By Sport,Lansdale,EE. UU.,Golf,Africa,Dire Dawa,Etiopía,East Africa,Dire Dawa,11/24/2016 6:33,11/28/2016 6:33,Standard Class,159.9600067,4,8.260000229
TRANSFER,3,4,20.0,160.0,Shipping canceled,0,Women's Apparel,Brooklyn,EE. UU.,Golf,Africa,Cairo,Egipto,North Africa,El Cairo,11/2/2016 6:56,11/5/2016 6:56,Standard Class,200.0,4,20.0
TRANSFER,6,4,61.75999832,205.8800049,Shipping canceled,0,Electronics,Oxnard,EE. UU.,Outdoors,Africa,Dar es Salaam,Tanzania,East Africa,Dar es Salaam,8/30/2016 2:28,9/5/2016 2:28,Standard Class,207.9600067,4,61.75999832
TRANSFER,5,4,108.1500015,319.9700012,Shipping canceled,0,Cardio Equipment,Los Angeles,EE. UU.,Footwear,Europe,Groningen,Países Bajos,Western Europe,Groningen,7/27/2017 5:41,8/1/2017 5:41,Standard Class,399.9599915,4,108.1500015
TRANSFER,4,4,115.2300034,235.1600037,Shipping canceled,0,Cleats,Baltimore,EE. UU.,Apparel,Europe,Turin,Italia,Southern Europe,Piamonte,7/14/2015 2:31,7/18/2015 2:31,Standard Class,239.9600067,4,115.2300034
TRANSFER,2,4,-109.4199982,230.3600006,Shipping canceled,0,Cleats,Phoenix,EE. UU.,Apparel,Europe,Cologne,Alemania,Western Europe,Renania del Norte-Westfalia,7/5/2017 12:22,7/7/2017 12:22,Standard Class,239.9600067,4,-109.4199982
TRANSFER,5,4,23.86000061,211.1600037,Shipping canceled,0,Cleats,Fullerton,EE. UU.,Apparel,Europe,Milan,Italia,Southern Europe,Lombardía,7/23/2015 11:06,7/28/2015 11:06,Standard Class,239.9600067,4,23.86000061
TRANSFER,5,4,-100.8300018,208.7700043,Shipping canceled,0,Cleats,Baltimore,EE. UU.,Apparel,Europe,Uvarovo,Rusia,Eastern Europe,Tambov,11/15/2016 2:11,11/20/2016 2:11,Standard Class,239.9600067,4,-100.8300018
TRANSFER,6,4,57.06000137,196.7700043,Shipping canceled,0,Cleats,Sacramento,EE. UU.,Apparel,Europe,Southend-on-Sea,Reino Unido,Northern Europe,Inglaterra,8/31/2015 3:51,9/6/2015 3:51,Standard Class,239.9600067,4,57.06000137
TRANSFER,6,4,84.58999634,179.9700012,Shipping canceled,0,Cleats,Chicago,EE. UU.,Apparel,Europe,Widnes,Reino Unido,Northern Europe,Inglaterra,7/6/2017 7:18,7/12/2017 7:18,Standard Class,239.9600067,4,84.58999634
TRANSFER,5,4,55.43999863,198.0,Shipping canceled,0,Women's Apparel,Greensboro,EE. UU.,Golf,Europe,Strasbourg,Francia,Western Europe,Alsacia-Champaña-Ardenas-Lorena,9/4/2017 10:22,9/9/2017 10:22,Standard Class,200.0,4,55.43999863
TRANSFER,6,4,28.87000084,151.9600067,Shipping canceled,0,Shop By Sport,San Jose,EE. UU.,Golf,Europe,Carpentras,Francia,Western Europe,Provenza-Alpes-Costa Azul,7/11/2017 20:25,7/17/2017 20:25,Standard Class,159.9600067,4,28.87000084
TRANSFER,3,4,75.59999847,189.0,Shipping canceled,0,Women's Apparel,New York,EE. UU.,Golf,Europe,Utrecht,Países Bajos,Western Europe,Utrecht,10/14/2015 17:07,10/17/2015 17:07,Standard Class,200.0,4,75.59999847
TRANSFER,5,4,85.55999756,186.0,Shipping canceled,0,Women's Apparel,Lakewood,EE. UU.,Golf,Europe,Genk,Bélgica,Western Europe,Limburgo,8/13/2017 5:50,8/18/2017 5:50,Standard Class,200.0,4,85.55999756
TRANSFER,6,4,59.40000153,180.0,Shipping canceled,0,Women's Apparel,Chicago,EE. UU.,Golf,Europe,Widnes,Reino Unido,Northern Europe,Inglaterra,7/6/2017 7:18,7/12/2017 7:18,Standard Class,200.0,4,59.40000153
TRANSFER,4,4,70.19999695,180.0,Shipping canceled,0,Women's Apparel,Hamilton,EE. UU.,Golf,Europe,Gloucester,Reino Unido,Northern Europe,Inglaterra,9/11/2015 10:40,9/15/2015 10:40,Standard Class,200.0,4,70.19999695
TRANSFER,4,4,38.86999893,143.9600067,Shipping canceled,0,Shop By Sport,Baltimore,EE. UU.,Golf,Europe,Turin,Italia,Southern Europe,Piamonte,7/14/2015 2:31,7/18/2015 2:31,Standard Class,159.9600067,4,38.86999893
TRANSFER,3,4,43.15999985,166.0,Shipping canceled,0,Women's Apparel,Roseburg,EE. UU.,Golf,Europe,Messina,Italia,Southern Europe,Sicilia,9/24/2015 4:52,9/27/2015 4:52,Standard Class,200.0,4,43.15999985
TRANSFER,4,4,41.06000137,131.1699982,Shipping canceled,0,Shop By Sport,Modesto,EE. UU.,Golf,Europe,Helsinki,Finlandia,Northern Europe,Uusimaa,9/4/2017 10:01,9/8/2017 10:01,Standard Class,159.9600067,4,41.06000137
TRANSFER,5,4,77.08000183,164.0,Shipping canceled,0,Women's Apparel,New York,EE. UU.,Golf,Europe,Miramas,Francia,Western Europe,Provenza-Alpes-Costa Azul,9/1/2017 14:03,9/6/2017 14:03,Standard Class,200.0,4,77.08000183
TRANSFER,5,4,56.0,160.0,Shipping canceled,0,Women's Apparel,New York,EE. UU.,Golf,Europe,Miramas,Francia,Western Europe,Provenza-Alpes-Costa Azul,9/1/2017 14:03,9/6/2017 14:03,Standard Class,200.0,4,56.0
TRANSFER,4,4,43.18000031,89.95999908,Shipping canceled,0,Accessories,New Bedford,EE. UU.,Outdoors,Europe,Sofia,Bulgaria,Eastern Europe,Sofía-Ciudad,12/4/2016 11:48,12/8/2016 11:48,Standard Class,99.95999908,4,43.18000031
TRANSFER,2,4,31.84000015,90.95999908,Advance shipping,0,Lacrosse,Encinitas,EE. UU.,Fitness,Europe,Granada,España,Southern Europe,Andalucía,8/11/2015 7:44,8/13/2015 7:44,Standard Class,99.95999908,4,31.84000015
TRANSFER,2,4,11.94999981,199.1699982,Advance shipping,0,Baseball & Softball,San Jose,EE. UU.,Fitness,Europe,Mont-Saint-Aignan,Francia,Western Europe,Normandía,6/2/2015 13:06,6/4/2015 13:06,Standard Class,239.9600067,4,11.94999981
TRANSFER,5,4,-599.9400024,399.9599915,Late delivery,1,Cardio Equipment,Rome,EE. UU.,Footwear,Europe,Berlín,Alemania,Western Europe,Berlín,6/2/2015 15:54,6/7/2015 15:54,Standard Class,399.9599915,4,-599.9400024
TRANSFER,3,4,182.3399963,387.9599915,Advance shipping,0,Cardio Equipment,Watsonville,EE. UU.,Footwear,Europe,Turin,Italia,Southern Europe,Piamonte,7/26/2017 11:28,7/29/2017 11:28,Standard Class,399.9599915,4,182.3399963
TRANSFER,3,4,111.3499985,383.9599915,Advance shipping,0,Cardio Equipment,Meridian,EE. UU.,Footwear,Europe,Cagliari,Italia,Southern Europe,Cerdeña,7/21/2017 21:07,7/24/2017 21:07,Standard Class,399.9599915,4,111.3499985
TRANSFER,4,4,170.9799957,379.9599915,Shipping on time,0,Cardio Equipment,Houston,EE. UU.,Footwear,Europe,Milan,Italia,Southern Europe,Lombardía,10/7/2015 22:33,10/11/2015 22:33,Standard Class,399.9599915,4,170.9799957
TRANSFER,2,4,38.0,379.9599915,Advance shipping,0,Cardio Equipment,Los Angeles,EE. UU.,Footwear,Europe,Erftstadt,Alemania,Western Europe,Renania del Norte-Westfalia,9/5/2017 16:50,9/7/2017 16:50,Standard Class,399.9599915,4,38.0
TRANSFER,3,4,185.1999969,377.9599915,Advance shipping,0,Cardio Equipment,Brooklyn,EE. UU.,Footwear,Europe,Harrow,Reino Unido,Northern Europe,Inglaterra,8/11/2017 9:21,8/14/2017 9:21,Standard Class,399.9599915,4,185.1999969
TRANSFER,2,4,69.15000153,363.9599915,Advance shipping,0,Cardio Equipment,Endicott,EE. UU.,Footwear,Europe,Pescara,Italia,Southern Europe,Abruzos,8/28/2015 21:54,8/30/2015 21:54,Standard Class,399.9599915,4,69.15000153
TRANSFER,3,4,-69.87000275,116.4400024,Advance shipping,0,Electronics,San Jose,EE. UU.,Footwear,Europe,Tourcoing,Francia,Western Europe,Norte-Paso de Calais-Picardía,6/22/2015 13:25,6/25/2015 13:25,Standard Class,127.9599991,4,-69.87000275
TRANSFER,4,4,100.7900009,359.9599915,Shipping on time,0,Cardio Equipment,Katy,EE. UU.,Footwear,Europe,Afragola,Italia,Southern Europe,Campania,10/13/2015 1:10,10/17/2015 1:10,Standard Class,399.9599915,4,100.7900009
TRANSFER,4,4,76.01999664,158.3600006,Shipping on time,0,Electronics,Visalia,EE. UU.,Footwear,Europe,Lugansk,Ucrania,Eastern Europe,Lugansk,12/27/2016 9:50,12/31/2016 9:50,Standard Class,179.9600067,4,76.01999664
TRANSFER,4,4,168.9400024,351.9599915,Shipping on time,0,Cardio Equipment,Los Angeles,EE. UU.,Footwear,Europe,Doncaster,Reino Unido,Northern Europe,Inglaterra,8/22/2015 17:43,8/26/2015 17:43,Standard Class,399.9599915,4,168.9400024
TRANSFER,3,4,147.8300018,351.9599915,Advance shipping,0,Cardio Equipment,Lancaster,EE. UU.,Footwear,Europe,Bry-sur-Marne,Francia,Western Europe,Isla de Francia,9/11/2015 5:04,9/14/2015 5:04,Standard Class,399.9599915,4,147.8300018
TRANSFER,2,4,-69.58999634,347.9700012,Advance shipping,0,Cardio Equipment,York,EE. UU.,Footwear,Europe,Charleroi,Bélgica,Western Europe,Henao,10/12/2015 13:58,10/14/2015 13:58,Standard Class,399.9599915,4,-69.58999634
TRANSFER,5,4,105.3899994,339.9700012,Late delivery,1,Cardio Equipment,Phoenix,EE. UU.,Footwear,Europe,Munich,Alemania,Western Europe,Bavaria,7/5/2017 13:25,7/10/2017 13:25,Standard Class,399.9599915,4,105.3899994
TRANSFER,5,4,87.34999847,335.9700012,Late delivery,1,Cardio Equipment,Lompoc,EE. UU.,Footwear,Europe,Niort,Francia,Western Europe,Aquitania-Lemosín-Poitou-Charentes,6/20/2015 9:34,6/25/2015 9:34,Standard Class,399.9599915,4,87.34999847
TRANSFER,2,4,28.86000061,327.9700012,Advance shipping,0,Cardio Equipment,Miami,EE. UU.,Footwear,Europe,Venice,Italia,Southern Europe,Véneto,9/17/2017 16:07,9/19/2017 16:07,Standard Class,399.9599915,4,28.86000061
TRANSFER,5,4,20.15999985,319.9700012,Late delivery,1,Cardio Equipment,York,EE. UU.,Footwear,Europe,Ulm,Alemania,Western Europe,Baden-Wurtemberg,7/18/2015 11:59,7/23/2015 11:59,Standard Class,399.9599915,4,20.15999985
TRANSFER,5,4,-39.11000061,239.9600067,Late delivery,1,Cleats,Ogden,EE. UU.,Apparel,Europe,Cambridge,Reino Unido,Northern Europe,Inglaterra,6/1/2015 13:37,6/6/2015 13:37,Standard Class,239.9600067,4,-39.11000061
TRANSFER,6,4,79.19000244,239.9600067,Late delivery,1,Cleats,Raleigh,EE. UU.,Apparel,Europe,Siegen,Alemania,Western Europe,Renania del Norte-Westfalia,7/10/2017 7:38,7/16/2017 7:38,Standard Class,239.9600067,4,79.19000244
TRANSFER,2,4,117.5800018,235.1600037,Advance shipping,0,Cleats,Virginia Beach,EE. UU.,Apparel,Europe,Nantes,Francia,Western Europe,Países del Loira,7/16/2017 4:08,7/18/2017 4:08,Standard Class,239.9600067,4,117.5800018
TRANSFER,2,4,20.47999954,232.7599945,Advance shipping,0,Cleats,Carlsbad,EE. UU.,Apparel,Europe,London,Reino Unido,Northern Europe,Inglaterra,6/25/2017 7:08,6/27/2017 7:08,Standard Class,239.9600067,4,20.47999954
TRANSFER,3,4,58.18999863,232.7599945,Advance shipping,0,Cleats,Hacienda Heights,EE. UU.,Apparel,Europe,Las Rozas de Madrid,España,Southern Europe,Madrid,7/5/2017 23:14,7/8/2017 23:14,Standard Class,239.9600067,4,58.18999863
TRANSFER,2,4,82.93000031,230.3600006,Advance shipping,0,Cleats,Union City,EE. UU.,Apparel,Europe,Luton,Reino Unido,Northern Europe,Inglaterra,6/8/2015 10:59,6/10/2015 10:59,Standard Class,239.9600067,4,82.93000031
TRANSFER,6,4,26.03000069,230.3600006,Late delivery,1,Cleats,Hollywood,EE. UU.,Apparel,Europe,Verdun,Francia,Western Europe,Alsacia-Champaña-Ardenas-Lorena,8/3/2015 8:27,8/9/2015 8:27,Standard Class,239.9600067,4,26.03000069
TRANSFER,5,4,108.2699966,230.3600006,Late delivery,1,Cleats,Bolingbrook,EE. UU.,Apparel,Europe,Conflans-Sainte-Honorine,Francia,Western Europe,Isla de Francia,8/24/2017 18:37,8/29/2017 18:37,Standard Class,239.9600067,4,108.2699966
TRANSFER,5,4,76.01999664,230.3600006,Late delivery,1,Cleats,West Lafayette,EE. UU.,Apparel,Europe,Munich,Alemania,Western Europe,Bavaria,8/6/2015 20:11,8/11/2015 20:11,Standard Class,239.9600067,4,76.01999664
TRANSFER,5,4,-46.0699997,230.3600006,Late delivery,1,Cleats,Astoria,EE. UU.,Apparel,Europe,Viena,Austria,Western Europe,Viena,12/28/2016 12:28,1/2/2017 12:28,Standard Class,239.9600067,4,-46.0699997
TRANSFER,4,4,25.62000084,226.7599945,Shipping on time,0,Cleats,Newark,EE. UU.,Apparel,Europe,Sesto San Giovanni,Italia,Southern Europe,Lombardía,6/30/2015 21:28,7/4/2015 21:28,Standard Class,239.9600067,4,25.62000084
TRANSFER,4,4,31.75,226.7599945,Shipping on time,0,Cleats,San Jose,EE. UU.,Apparel,Europe,Bondy,Francia,Western Europe,Isla de Francia,8/19/2017 22:39,8/23/2017 22:39,Standard Class,239.9600067,4,31.75
TRANSFER,5,4,60.25,223.1600037,Late delivery,1,Cleats,Woodbridge,EE. UU.,Apparel,Europe,Valencia,España,Southern Europe,Valenciana,7/31/2017 23:33,8/5/2017 23:33,Standard Class,239.9600067,4,60.25
TRANSFER,6,4,-163.5800018,223.1600037,Late delivery,1,Cleats,Weslaco,EE. UU.,Apparel,Europe,Noisy-le-Grand,Francia,Western Europe,Isla de Francia,8/12/2017 5:40,8/18/2017 5:40,Standard Class,239.9600067,4,-163.5800018
TRANSFER,3,4,104.8099976,218.3600006,Advance shipping,0,Cleats,Jamaica,EE. UU.,Apparel,Europe,Elx,España,Southern Europe,Valenciana,10/16/2015 0:38,10/19/2015 0:38,Standard Class,239.9600067,4,104.8099976
TRANSFER,5,4,-43.66999817,218.3600006,Late delivery,1,Cleats,Lakewood,EE. UU.,Apparel,Europe,Gronau,Alemania,Western Europe,Renania del Norte-Westfalia,9/13/2017 1:04,9/18/2017 1:04,Standard Class,239.9600067,4,-43.66999817
TRANSFER,5,4,75.58999634,215.9600067,Late delivery,1,Cleats,Lakewood,EE. UU.,Apparel,Europe,Gronau,Alemania,Western Europe,Renania del Norte-Westfalia,9/13/2017 1:04,9/18/2017 1:04,Standard Class,239.9600067,4,75.58999634
TRANSFER,2,4,-36.95000076,211.1600037,Advance shipping,0,Cleats,Miami,EE. UU.,Apparel,Europe,Venice,Italia,Southern Europe,Véneto,9/17/2017 16:07,9/19/2017 16:07,Standard Class,239.9600067,4,-36.95000076
TRANSFER,6,4,39.70000076,211.1600037,Late delivery,1,Cleats,Dallas,EE. UU.,Apparel,Europe,Frankfurt,Alemania,Western Europe,Hesse,9/9/2017 1:04,9/15/2017 1:04,Standard Class,239.9600067,4,39.70000076
TRANSFER,4,4,59.15000153,203.9700012,Shipping on time,0,Cleats,Bell Gardens,EE. UU.,Apparel,Europe,Uvarovo,Rusia,Eastern Europe,Tambov,11/15/2016 1:50,11/19/2016 1:50,Standard Class,239.9600067,4,59.15000153
TRANSFER,2,4,67.30999756,203.9700012,Advance shipping,0,Cleats,Portland,EE. UU.,Apparel,Europe,Rotherham,Reino Unido,Northern Europe,Inglaterra,6/28/2017 12:13,6/30/2017 12:13,Standard Class,239.9600067,4,67.30999756
TRANSFER,2,4,20.15999985,201.5700073,Advance shipping,0,Cleats,San Jose,EE. UU.,Apparel,Europe,Mont-Saint-Aignan,Francia,Western Europe,Normandía,6/2/2015 13:06,6/4/2015 13:06,Standard Class,239.9600067,4,20.15999985
TRANSFER,4,4,68.87000275,196.7700043,Shipping on time,0,Cleats,San Diego,EE. UU.,Apparel,Europe,Savigny-le-Temple,Francia,Western Europe,Isla de Francia,9/23/2015 20:28,9/27/2015 20:28,Standard Class,239.9600067,4,68.87000275
TRANSFER,4,4,70.83999634,196.7700043,Shipping on time,0,Cleats,La Mirada,EE. UU.,Apparel,Europe,La Seyne-sur-Mer,Francia,Western Europe,Provenza-Alpes-Costa Azul,9/4/2015 3:30,9/8/2015 3:30,Standard Class,239.9600067,4,70.83999634
DEBIT,5,4,42.93999863,118.2900009,Late delivery,1,Men's Footwear,Los Angeles,EE. UU.,Apparel,Pacific Asia,Fuji,Japón,Eastern Asia,Shizuoka,12/28/2015 11:34,1/2/2016 11:34,Standard Class,129.9900055,1,42.93999863
DEBIT,3,4,-94.62999725,118.2900009,Advance shipping,0,Men's Footwear,Chicago,EE. UU.,Apparel,Pacific Asia,Tengzhou,China,Eastern Asia,Shandong,11/11/2015 3:45,11/14/2015 3:45,Standard Class,129.9900055,1,-94.62999725
DEBIT,6,4,8.869999886,118.2900009,Late delivery,1,Men's Footwear,Detroit,EE. UU.,Apparel,Pacific Asia,Suzhou,China,Eastern Asia,Anhui,1/25/2016 7:20,1/31/2016 7:20,Standard Class,129.9900055,1,8.869999886
DEBIT,2,4,54.40999985,118.2900009,Advance shipping,0,Men's Footwear,Billings,EE. UU.,Apparel,Pacific Asia,Changwon,Corea del Sur,Eastern Asia,Gyeongsangnam,11/17/2015 17:04,11/19/2015 17:04,Standard Class,129.9900055,1,54.40999985
DEBIT,5,4,0.0,196.3999939,Late delivery,1,Women's Clothing,North Bergen,EE. UU.,Apparel,Pacific Asia,Baoding,China,Eastern Asia,Hebei,1/26/2018 19:16,1/31/2018 19:16,Standard Class,215.8200073,1,0.0
DEBIT,3,4,-38.91999817,118.2900009,Advance shipping,0,Men's Footwear,Mission Viejo,EE. UU.,Apparel,Pacific Asia,Newcastle,Australia,Oceania,Nueva Gales del Sur,2/4/2016 8:01,2/7/2016 8:01,Standard Class,129.9900055,1,-38.91999817
DEBIT,4,4,40.22000122,118.2900009,Shipping on time,0,Men's Footwear,Atlanta,EE. UU.,Apparel,Pacific Asia,Port Macquarie,Australia,Oceania,Nueva Gales del Sur,3/3/2016 10:47,3/7/2016 10:47,Standard Class,129.9900055,1,40.22000122
DEBIT,5,4,-26.62000084,118.2900009,Late delivery,1,Men's Footwear,New York,EE. UU.,Apparel,Pacific Asia,Gold Coast,Australia,Oceania,Queensland,3/24/2016 11:38,3/29/2016 11:38,Standard Class,129.9900055,1,-26.62000084
DEBIT,5,4,40.61999893,324.9599915,Late delivery,1,Children's Clothing,Baltimore,EE. UU.,Apparel,Pacific Asia,Vijayawada,India,South Asia,Andhra Pradesh,12/22/2017 20:12,12/27/2017 20:12,Standard Class,357.1000061,1,40.61999893
DEBIT,4,4,7.449999809,118.2900009,Shipping on time,0,Men's Footwear,Strongsville,EE. UU.,Apparel,Pacific Asia,Bangalore,India,South Asia,Karnataka,12/25/2015 11:24,12/29/2015 11:24,Standard Class,129.9900055,1,7.449999809
DEBIT,6,4,-45.47000122,54.59000015,Late delivery,1,Cleats,Buffalo,EE. UU.,Apparel,Pacific Asia,Manila,Filipinas,Southeast Asia,Capital Nacional,12/20/2015 16:29,12/26/2015 16:29,Standard Class,59.99000168,1,-45.47000122
DEBIT,2,4,53.22999954,118.2900009,Advance shipping,0,Men's Footwear,Honolulu,EE. UU.,Apparel,Pacific Asia,Cirebon,Indonesia,Southeast Asia,Java Occidental,1/27/2016 12:14,1/29/2016 12:14,Standard Class,129.9900055,1,53.22999954
DEBIT,2,4,35.49000168,118.2900009,Advance shipping,0,Men's Footwear,Chicago,EE. UU.,Apparel,Pacific Asia,Ho Chi Minh City,Vietnam,Southeast Asia,Ciudad Ho Chi Minh,12/5/2015 19:29,12/7/2015 19:29,Standard Class,129.9900055,1,35.49000168
DEBIT,4,4,14.78999996,118.2900009,Shipping on time,0,Men's Footwear,Madison,EE. UU.,Apparel,Pacific Asia,Yakarta,Indonesia,Southeast Asia,Yakarta,11/16/2015 4:59,11/20/2015 4:59,Standard Class,129.9900055,1,14.78999996
DEBIT,5,4,35.49000168,118.2900009,Late delivery,1,Men's Footwear,Union,EE. UU.,Apparel,Pacific Asia,Bagdad,Irak,West Asia,Bagdad,11/17/2016 4:59,11/22/2016 4:59,Standard Class,129.9900055,1,35.49000168
DEBIT,2,4,-19.0699997,116.9899979,Advance shipping,0,Men's Footwear,South San Francisco,EE. UU.,Apparel,Pacific Asia,Termez,Uzbekistán,Central Asia,Surjandarín,9/9/2016 1:03,9/11/2016 1:03,Standard Class,129.9900055,1,-19.0699997
DEBIT,4,4,38.02000046,116.9899979,Shipping on time,0,Men's Footwear,Philadelphia,EE. UU.,Apparel,Pacific Asia,Bishkek,Kirguistán,Central Asia,Bishkek,1/9/2017 0:53,1/13/2017 0:53,Standard Class,129.9900055,1,38.02000046
DEBIT,5,4,11.69999981,116.9899979,Late delivery,1,Men's Footwear,Los Angeles,EE. UU.,Apparel,Pacific Asia,Fuji,Japón,Eastern Asia,Shizuoka,12/28/2015 11:34,1/2/2016 11:34,Standard Class,129.9900055,1,11.69999981
DEBIT,3,4,40.95000076,116.9899979,Advance shipping,0,Men's Footwear,Fort Lauderdale,EE. UU.,Apparel,Pacific Asia,Pekín,China,Eastern Asia,Pekín,11/16/2015 18:38,11/19/2015 18:38,Standard Class,129.9900055,1,40.95000076
DEBIT,3,4,85.38999939,189.7700043,Advance shipping,0,Men's Clothing,North Las Vegas,EE. UU.,Apparel,Pacific Asia,Perth,Australia,Oceania,Australia Occidental,11/23/2017 11:18,11/26/2017 11:18,Standard Class,210.8500061,1,85.38999939
DEBIT,3,4,54.99000168,116.9899979,Advance shipping,0,Men's Footwear,Mission Viejo,EE. UU.,Apparel,Pacific Asia,Newcastle,Australia,Oceania,Nueva Gales del Sur,2/4/2016 8:01,2/7/2016 8:01,Standard Class,129.9900055,1,54.99000168
DEBIT,2,4,38.61000061,116.9899979,Advance shipping,0,Men's Footwear,Aurora,EE. UU.,Apparel,Pacific Asia,Murray Bridge,Australia,Oceania,Australia del Sur,11/17/2015 15:19,11/19/2015 15:19,Standard Class,129.9900055,1,38.61000061
DEBIT,5,4,33.93000031,116.9899979,Late delivery,1,Men's Footwear,Methuen,EE. UU.,Apparel,Pacific Asia,Gold Coast,Australia,Oceania,Queensland,3/30/2016 23:32,4/4/2016 23:32,Standard Class,129.9900055,1,33.93000031
DEBIT,2,4,15.65999985,53.99000168,Advance shipping,0,Cleats,Costa Mesa,EE. UU.,Apparel,Pacific Asia,Thane,India,South Asia,Maharashtra,11/16/2015 18:17,11/18/2015 18:17,Standard Class,59.99000168,1,15.65999985
DEBIT,6,4,71.16000366,189.7700043,Late delivery,1,Men's Clothing,Chicago,EE. UU.,Apparel,Pacific Asia,Mumbai,India,South Asia,Maharashtra,11/23/2017 17:36,11/29/2017 17:36,Standard Class,210.8500061,1,71.16000366
DEBIT,2,4,14.61999989,116.9899979,Advance shipping,0,Men's Footwear,Glen Burnie,EE. UU.,Apparel,Pacific Asia,Durgapur,India,South Asia,Bengala Occidental,1/28/2016 2:15,1/30/2016 2:15,Standard Class,129.9900055,1,14.61999989
DEBIT,3,4,50.5,194.2400055,Advance shipping,0,Women's Clothing,Fairfield,EE. UU.,Apparel,Pacific Asia,Lahore,Pakistán,South Asia,Punyab,1/28/2018 21:22,1/31/2018 21:22,Standard Class,215.8200073,1,50.5
DEBIT,3,4,39.77999878,116.9899979,Advance shipping,0,Men's Footwear,West Covina,EE. UU.,Apparel,Pacific Asia,Samarinda,Indonesia,Southeast Asia,Kalimantan Oriental,11/29/2015 16:42,12/2/2015 16:42,Standard Class,129.9900055,1,39.77999878
DEBIT,4,4,14.61999989,116.9899979,Shipping on time,0,Men's Footwear,Fort Lauderdale,EE. UU.,Apparel,Pacific Asia,Bacolod City,Filipinas,Southeast Asia,Visayas Occidental,12/23/2015 17:22,12/27/2015 17:22,Standard Class,129.9900055,1,14.61999989
DEBIT,3,4,58.5,116.9899979,Advance shipping,0,Men's Footwear,Lithonia,EE. UU.,Apparel,Pacific Asia,Semarang,Indonesia,Southeast Asia,Java Central,2/13/2016 2:13,2/16/2016 2:13,Standard Class,129.9900055,1,58.5
DEBIT,2,4,11.69999981,116.9899979,Advance shipping,0,Men's Footwear,Honolulu,EE. UU.,Apparel,Pacific Asia,Cirebon,Indonesia,Southeast Asia,Java Occidental,1/27/2016 12:14,1/29/2016 12:14,Standard Class,129.9900055,1,11.69999981
DEBIT,4,4,-1.519999981,116.9899979,Shipping on time,0,Men's Footwear,Madison,EE. UU.,Apparel,Pacific Asia,Yakarta,Indonesia,Southeast Asia,Yakarta,11/16/2015 4:59,11/20/2015 4:59,Standard Class,129.9900055,1,-1.519999981
DEBIT,5,4,25.92000008,53.99000168,Late delivery,1,Cleats,Saint Paul,EE. UU.,Apparel,Pacific Asia,Riyadh,Arabia Saudí,West Asia,Riad,11/30/2016 4:48,12/5/2016 4:48,Standard Class,59.99000168,1,25.92000008
DEBIT,4,4,3.960000038,52.79000092,Shipping on time,0,Cleats,Porterville,EE. UU.,Apparel,Pacific Asia,Tianjin,China,Eastern Asia,Tianjin,2/12/2016 12:34,2/16/2016 12:34,Standard Class,59.99000168,1,3.960000038
DEBIT,6,4,-22.87999916,114.3899994,Late delivery,1,Men's Footwear,Peoria,EE. UU.,Apparel,Pacific Asia,Perth,Australia,Oceania,Australia Occidental,12/1/2015 6:32,12/7/2015 6:32,Standard Class,129.9900055,1,-22.87999916
DEBIT,3,4,-91.51000214,114.3899994,Advance shipping,0,Men's Footwear,Winnetka,EE. UU.,Apparel,Pacific Asia,Manukau City,Nueva Zelanda,Oceania,Auckland,3/28/2016 11:16,3/31/2016 11:16,Standard Class,129.9900055,1,-91.51000214
DEBIT,4,4,-25.73999977,114.3899994,Shipping on time,0,Men's Footwear,Simi Valley,EE. UU.,Apparel,Pacific Asia,Perth,Australia,Oceania,Australia Occidental,1/18/2016 4:43,1/22/2016 4:43,Standard Class,129.9900055,1,-25.73999977
DEBIT,5,4,9.149999619,114.3899994,Late delivery,1,Men's Footwear,Honolulu,EE. UU.,Apparel,Pacific Asia,Gold Coast,Australia,Oceania,Queensland,12/21/2015 21:55,12/26/2015 21:55,Standard Class,129.9900055,1,9.149999619
DEBIT,3,4,10.0699997,114.3899994,Advance shipping,0,Men's Footwear,Chicago,EE. UU.,Apparel,Pacific Asia,Gold Coast,Australia,Oceania,Queensland,11/7/2015 10:25,11/10/2015 10:25,Standard Class,129.9900055,1,10.0699997
DEBIT,5,4,45.75999832,114.3899994,Late delivery,1,Men's Footwear,Methuen,EE. UU.,Apparel,Pacific Asia,Gold Coast,Australia,Oceania,Queensland,3/30/2016 23:32,4/4/2016 23:32,Standard Class,129.9900055,1,45.75999832
DEBIT,3,4,38.65999985,114.3899994,Advance shipping,0,Men's Footwear,Philadelphia,EE. UU.,Apparel,Pacific Asia,Lismore,Australia,Oceania,Nueva Gales del Sur,3/24/2016 7:25,3/27/2016 7:25,Standard Class,129.9900055,1,38.65999985
DEBIT,3,4,54.90999985,114.3899994,Advance shipping,0,Men's Footwear,Mcallen,EE. UU.,Apparel,Pacific Asia,Newcastle,Australia,Oceania,Nueva Gales del Sur,2/2/2016 3:28,2/5/2016 3:28,Standard Class,129.9900055,1,54.90999985
DEBIT,3,4,-11.21000004,189.9199982,Advance shipping,0,Women's Clothing,Los Angeles,EE. UU.,Apparel,Pacific Asia,Perth,Australia,Oceania,Australia Occidental,1/26/2018 18:34,1/29/2018 18:34,Standard Class,215.8200073,1,-11.21000004
DEBIT,2,4,29.73999977,114.3899994,Advance shipping,0,Men's Footwear,Costa Mesa,EE. UU.,Apparel,Pacific Asia,Thane,India,South Asia,Maharashtra,11/16/2015 18:17,11/18/2015 18:17,Standard Class,129.9900055,1,29.73999977
DEBIT,3,4,-25.73999977,114.3899994,Advance shipping,0,Men's Footwear,Joliet,EE. UU.,Apparel,Pacific Asia,Bhavnagar,India,South Asia,Guyarat,11/9/2015 11:28,11/12/2015 11:28,Standard Class,129.9900055,1,-25.73999977
DEBIT,6,4,13.72999954,114.3899994,Late delivery,1,Men's Footwear,Brownsville,EE. UU.,Apparel,Pacific Asia,Mumbai,India,South Asia,Maharashtra,1/1/2016 15:46,1/7/2016 15:46,Standard Class,129.9900055,1,13.72999954
DEBIT,4,4,29.73999977,114.3899994,Shipping on time,0,Men's Footwear,Fort Lauderdale,EE. UU.,Apparel,Pacific Asia,Bacolod City,Filipinas,Southeast Asia,Visayas Occidental,12/23/2015 17:22,12/27/2015 17:22,Standard Class,129.9900055,1,29.73999977
DEBIT,3,4,40.04000092,114.3899994,Advance shipping,0,Men's Footwear,Silver Spring,EE. UU.,Apparel,Pacific Asia,Angeles City,Filipinas,Southeast Asia,Luzón Central,12/14/2015 12:18,12/17/2015 12:18,Standard Class,129.9900055,1,40.04000092
DEBIT,5,4,-76.30000305,114.3899994,Late delivery,1,Men's Footwear,Pawtucket,EE. UU.,Apparel,Pacific Asia,Yakarta,Indonesia,Southeast Asia,Yakarta,11/8/2015 15:09,11/13/2015 15:09,Standard Class,129.9900055,1,-76.30000305
DEBIT,5,4,54.90999985,114.3899994,Late delivery,1,Men's Footwear,Columbia,EE. UU.,Apparel,Pacific Asia,Yakarta,Indonesia,Southeast Asia,Yakarta,11/21/2015 9:42,11/26/2015 9:42,Standard Class,129.9900055,1,54.90999985
DEBIT,2,4,5.28000021,52.79000092,Advance shipping,0,Cleats,Colorado Springs,EE. UU.,Apparel,Pacific Asia,Corlu,Turquía,West Asia,Tekirdag,12/28/2016 0:54,12/30/2016 0:54,Standard Class,59.99000168,1,5.28000021
DEBIT,5,4,-183.0299988,114.3899994,Late delivery,1,Men's Footwear,Alhambra,EE. UU.,Apparel,Pacific Asia,Jeddah,Arabia Saudí,West Asia,Meca,11/17/2016 17:15,11/22/2016 17:15,Standard Class,129.9900055,1,-183.0299988
DEBIT,2,4,-171.5899963,114.3899994,Advance shipping,0,Men's Footwear,Bakersfield,EE. UU.,Apparel,Pacific Asia,Bagdad,Irak,West Asia,Bagdad,8/31/2016 8:36,9/2/2016 8:36,Standard Class,129.9900055,1,-171.5899963
DEBIT,4,4,29.73999977,114.3899994,Shipping on time,0,Men's Footwear,Quincy,EE. UU.,Apparel,Pacific Asia,K'ut'aisi,Georgia,West Asia,Imericia,12/25/2016 0:02,12/29/2016 0:02,Standard Class,129.9900055,1,29.73999977
DEBIT,6,4,29.39999962,113.0899963,Late delivery,1,Men's Footwear,San Antonio,EE. UU.,Apparel,Pacific Asia,Temirtau,Kazajistán,Central Asia,Karagandá,9/6/2016 23:39,9/12/2016 23:39,Standard Class,129.9900055,1,29.39999962
DEBIT,2,4,14.09000015,52.18999863,Advance shipping,0,Cleats,Pittsfield,EE. UU.,Apparel,Pacific Asia,Hirakata,Japón,Eastern Asia,Osaka,1/16/2016 1:13,1/18/2016 1:13,Standard Class,59.99000168,1,14.09000015
DEBIT,2,4,-4.860000134,113.0899963,Advance shipping,0,Men's Footwear,Westminster,EE. UU.,Apparel,Pacific Asia,Xinzhou,China,Eastern Asia,Hubei,3/10/2016 4:59,3/12/2016 4:59,Standard Class,129.9900055,1,-4.860000134
DEBIT,3,4,49.75999832,113.0899963,Advance shipping,0,Men's Footwear,Chino,EE. UU.,Apparel,Pacific Asia,Neijiang,China,Eastern Asia,Sichuan,2/5/2016 19:03,2/8/2016 19:03,Standard Class,129.9900055,1,49.75999832
DEBIT,5,4,54.27999878,113.0899963,Late delivery,1,Men's Footwear,Chicago,EE. UU.,Apparel,Pacific Asia,Shanwei,China,Eastern Asia,Guangdong,11/8/2015 1:08,11/13/2015 1:08,Standard Class,129.9900055,1,54.27999878
DEBIT,3,4,29.39999962,113.0899963,Advance shipping,0,Men's Footwear,Bronx,EE. UU.,Apparel,Pacific Asia,Pekín,China,Eastern Asia,Pekín,12/6/2015 15:06,12/9/2015 15:06,Standard Class,129.9900055,1,29.39999962
DEBIT,2,4,5.21999979,52.18999863,Advance shipping,0,Cleats,Marion,EE. UU.,Apparel,Pacific Asia,Melbourne,Australia,Oceania,Victoria,12/13/2015 0:55,12/15/2015 0:55,Standard Class,59.99000168,1,5.21999979
DEBIT,5,4,41.04999924,113.0899963,Late delivery,1,Men's Footwear,North Hills,EE. UU.,Apparel,Pacific Asia,Adelaide,Australia,Oceania,Australia del Sur,2/9/2016 18:21,2/14/2016 18:21,Standard Class,129.9900055,1,41.04999924
DEBIT,5,4,29.73999977,113.0899963,Late delivery,1,Men's Footwear,Chicago,EE. UU.,Apparel,Pacific Asia,Mandurah,Australia,Oceania,Australia Occidental,3/21/2016 11:48,3/26/2016 11:48,Standard Class,129.9900055,1,29.73999977
DEBIT,3,4,-28.27000046,113.0899963,Advance shipping,0,Men's Footwear,Chicago,EE. UU.,Apparel,Pacific Asia,Gold Coast,Australia,Oceania,Queensland,11/7/2015 10:25,11/10/2015 10:25,Standard Class,129.9900055,1,-28.27000046
DEBIT,4,4,-149.8500061,113.0899963,Shipping on time,0,Men's Footwear,Salina,EE. UU.,Apparel,Pacific Asia,Waitakere,Nueva Zelanda,Oceania,Auckland,3/23/2016 12:30,3/27/2016 12:30,Standard Class,129.9900055,1,-149.8500061
DEBIT,4,4,29.39999962,113.0899963,Shipping on time,0,Men's Footwear,Hyattsville,EE. UU.,Apparel,Pacific Asia,Wollongong,Australia,Oceania,Nueva Gales del Sur,3/18/2016 15:08,3/22/2016 15:08,Standard Class,129.9900055,1,29.39999962
DEBIT,3,4,-90.47000122,113.0899963,Advance shipping,0,Men's Footwear,Philadelphia,EE. UU.,Apparel,Pacific Asia,Lismore,Australia,Oceania,Nueva Gales del Sur,3/24/2016 7:25,3/27/2016 7:25,Standard Class,129.9900055,1,-90.47000122
DEBIT,5,4,38.22000122,113.0899963,Late delivery,1,Men's Footwear,North Richland Hills,EE. UU.,Apparel,Pacific Asia,Newcastle,Australia,Oceania,Nueva Gales del Sur,3/14/2016 13:24,3/19/2016 13:24,Standard Class,129.9900055,1,38.22000122
DEBIT,5,4,16.70000076,51.40000153,Late delivery,1,Baby ,Spring Valley,EE. UU.,Apparel,Pacific Asia,Mangalore,India,South Asia,Karnataka,12/19/2017 1:06,12/24/2017 1:06,Standard Class,59.08000183,1,16.70000076
DEBIT,4,4,-262.8699951,183.4400024,Shipping on time,0,Men's Clothing,Fort Lauderdale,EE. UU.,Apparel,Pacific Asia,Kathmandu,Nepal,South Asia,Central,11/23/2017 16:54,11/27/2017 16:54,Standard Class,210.8500061,1,-262.8699951
DEBIT,6,4,53.15000153,113.0899963,Late delivery,1,Men's Footwear,Brownsville,EE. UU.,Apparel,Pacific Asia,Mumbai,India,South Asia,Maharashtra,1/1/2016 15:46,1/7/2016 15:46,Standard Class,129.9900055,1,53.15000153
DEBIT,2,4,-201.9400024,310.6799927,Advance shipping,0,Children's Clothing,Chicago,EE. UU.,Apparel,Pacific Asia,Kendari,Indonesia,Southeast Asia,Célebes Suroriental,12/22/2017 19:09,12/24/2017 19:09,Standard Class,357.1000061,1,-201.9400024
DEBIT,3,4,24.53000069,52.18999863,Advance shipping,0,Cleats,Lawrence,EE. UU.,Apparel,Pacific Asia,Probolinggo,Indonesia,Southeast Asia,Java Oriental,11/22/2015 11:16,11/25/2015 11:16,Standard Class,59.99000168,1,24.53000069
DEBIT,3,4,55.40999985,113.0899963,Advance shipping,0,Men's Footwear,Fremont,EE. UU.,Apparel,Pacific Asia,Ho Chi Minh City,Vietnam,Southeast Asia,Ciudad Ho Chi Minh,12/25/2015 9:18,12/28/2015 9:18,Standard Class,129.9900055,1,55.40999985
DEBIT,2,4,1.039999962,52.18999863,Advance shipping,0,Cleats,Cleveland,EE. UU.,Apparel,Pacific Asia,Riyadh,Arabia Saudí,West Asia,Riad,10/14/2016 14:09,10/16/2016 14:09,Standard Class,59.99000168,1,1.039999962
DEBIT,6,4,21.48999977,113.0899963,Late delivery,1,Men's Footwear,Ontario,EE. UU.,Apparel,Pacific Asia,Estambul,Turquía,West Asia,Estambul,12/15/2016 13:00,12/21/2016 13:00,Standard Class,129.9900055,1,21.48999977
DEBIT,6,4,-82.90000153,113.0899963,Late delivery,1,Men's Footwear,West Covina,EE. UU.,Apparel,Pacific Asia,Estambul,Turquía,West Asia,Estambul,11/25/2016 20:02,12/1/2016 20:02,Standard Class,129.9900055,1,-82.90000153
DEBIT,5,4,41.04999924,113.0899963,Late delivery,1,Men's Footwear,Alhambra,EE. UU.,Apparel,Pacific Asia,Jeddah,Arabia Saudí,West Asia,Meca,11/17/2016 17:15,11/22/2016 17:15,Standard Class,129.9900055,1,41.04999924
DEBIT,3,4,-169.6399994,113.0899963,Advance shipping,0,Men's Footwear,Oceanside,EE. UU.,Apparel,Pacific Asia,Estambul,Turquía,West Asia,Estambul,9/23/2016 10:30,9/26/2016 10:30,Standard Class,129.9900055,1,-169.6399994
DEBIT,4,4,11.31000042,113.0899963,Shipping on time,0,Men's Footwear,Columbus,EE. UU.,Apparel,Pacific Asia,Estambul,Turquía,West Asia,Estambul,12/29/2016 5:38,1/2/2017 5:38,Standard Class,129.9900055,1,11.31000042
DEBIT,6,4,-6.960000038,110.4899979,Late delivery,1,Men's Footwear,San Antonio,EE. UU.,Apparel,Pacific Asia,Temirtau,Kazajistán,Central Asia,Karagandá,9/6/2016 23:39,9/12/2016 23:39,Standard Class,129.9900055,1,-6.960000038
DEBIT,3,4,12.14999962,110.4899979,Advance shipping,0,Men's Footwear,Lodi,EE. UU.,Apparel,Pacific Asia,Jixi,China,Eastern Asia,Heilongjiang,12/28/2015 7:22,12/31/2015 7:22,Standard Class,129.9900055,1,12.14999962
DEBIT,4,4,6.960000038,110.4899979,Shipping on time,0,Men's Footwear,Los Angeles,EE. UU.,Apparel,Pacific Asia,Daegu,Corea del Sur,Eastern Asia,Daegu,12/25/2015 7:54,12/29/2015 7:54,Standard Class,129.9900055,1,6.960000038
DEBIT,2,4,49.52999878,183.4499969,Advance shipping,0,Women's Clothing,Newburgh,EE. UU.,Apparel,Pacific Asia,Tianjin,China,Eastern Asia,Tianjin,12/14/2017 20:12,12/16/2017 20:12,Standard Class,215.8200073,1,49.52999878
DEBIT,5,4,5.519999981,110.4899979,Late delivery,1,Men's Footwear,North Hills,EE. UU.,Apparel,Pacific Asia,Adelaide,Australia,Oceania,Australia del Sur,2/9/2016 18:21,2/14/2016 18:21,Standard Class,129.9900055,1,5.519999981
DEBIT,6,4,-165.7400055,110.4899979,Late delivery,1,Men's Footwear,Pompano Beach,EE. UU.,Apparel,Pacific Asia,Darwin,Australia,Oceania,Territorio del Norte,2/18/2016 21:40,2/24/2016 21:40,Standard Class,129.9900055,1,-165.7400055
DEBIT,2,4,-73.69999695,110.4899979,Advance shipping,0,Men's Footwear,Hamilton,EE. UU.,Apparel,Pacific Asia,Sydney,Australia,Oceania,Nueva Gales del Sur,12/9/2015 9:19,12/11/2015 9:19,Standard Class,129.9900055,1,-73.69999695
DEBIT,4,4,-38.52000046,50.22000122,Shipping on time,0,Baby ,Milpitas,EE. UU.,Apparel,Pacific Asia,Mangalore,India,South Asia,Karnataka,12/19/2017 0:45,12/23/2017 0:45,Standard Class,59.08000183,1,-38.52000046
DEBIT,2,4,9.5,110.4899979,Advance shipping,0,Men's Footwear,Rowland Heights,EE. UU.,Apparel,Pacific Asia,Rasht,Irán,South Asia,Guilán,1/6/2017 16:08,1/8/2017 16:08,Standard Class,129.9900055,1,9.5
DEBIT,3,4,53.04000092,110.4899979,Advance shipping,0,Men's Footwear,North Tonawanda,EE. UU.,Apparel,Pacific Asia,Ahvaz,Irán,South Asia,Juzestán,1/5/2017 8:57,1/8/2017 8:57,Standard Class,129.9900055,1,53.04000092
DEBIT,6,4,153.7700043,454.9500122,Late delivery,1,Cardio Equipment,Gardena,EE. UU.,Footwear,Europe,Arnsberg,Alemania,Western Europe,Renania del Norte-Westfalia,6/21/2017 22:12,6/27/2017 22:12,Standard Class,499.9500122,5,153.7700043
DEBIT,6,4,224.9799957,449.9599915,Late delivery,1,Cardio Equipment,Tallahassee,EE. UU.,Footwear,Europe,London,Reino Unido,Northern Europe,Inglaterra,9/11/2017 2:07,9/17/2017 2:07,Standard Class,499.9500122,5,224.9799957
DEBIT,5,4,-314.9700012,449.9599915,Late delivery,1,Cardio Equipment,Cicero,EE. UU.,Footwear,Europe,Dublín,Irlanda,Northern Europe,Dublín,9/2/2017 0:33,9/7/2017 0:33,Standard Class,499.9500122,5,-314.9700012
DEBIT,3,4,101.2399979,449.9599915,Advance shipping,0,Cardio Equipment,Eugene,EE. UU.,Footwear,Europe,Birmingham,Reino Unido,Northern Europe,Inglaterra,9/12/2015 23:07,9/15/2015 23:07,Standard Class,499.9500122,5,101.2399979
DEBIT,5,4,121.4899979,449.9599915,Late delivery,1,Cardio Equipment,Los Angeles,EE. UU.,Footwear,Europe,Genoa,Italia,Southern Europe,Liguria,8/28/2015 15:57,9/2/2015 15:57,Standard Class,499.9500122,5,121.4899979
DEBIT,5,4,118.7900009,439.9599915,Late delivery,1,Cardio Equipment,Riverside,EE. UU.,Footwear,Europe,Toulouse,Francia,Western Europe,Languedoc-Rosellón-Mediodía-Pirineos,8/10/2017 11:16,8/15/2017 11:16,Standard Class,499.9500122,5,118.7900009
DEBIT,5,4,49.15000153,434.9599915,Late delivery,1,Cardio Equipment,Asheboro,EE. UU.,Footwear,Europe,Amsterdam,Países Bajos,Western Europe,Holanda Septentrional,9/12/2015 16:48,9/17/2015 16:48,Standard Class,499.9500122,5,49.15000153
DEBIT,4,4,195.7299957,434.9599915,Shipping on time,0,Cardio Equipment,La Crosse,EE. UU.,Footwear,Europe,Toulouse,Francia,Western Europe,Languedoc-Rosellón-Mediodía-Pirineos,7/20/2017 8:40,7/24/2017 8:40,Standard Class,499.9500122,5,195.7299957
DEBIT,5,4,36.97999954,127.5,Late delivery,1,Cardio Equipment,Florissant,EE. UU.,Footwear,Europe,Waterlooville,Reino Unido,Northern Europe,Inglaterra,9/5/2015 16:38,9/10/2015 16:38,Standard Class,150.0,5,36.97999954
DEBIT,5,4,133.0099945,424.9599915,Late delivery,1,Cardio Equipment,Encinitas,EE. UU.,Footwear,Europe,Berlín,Alemania,Western Europe,Berlín,8/27/2015 22:26,9/1/2015 22:26,Standard Class,499.9500122,5,133.0099945
DEBIT,3,4,172.1799927,419.9599915,Advance shipping,0,Cardio Equipment,Canyon Country,EE. UU.,Footwear,Europe,Leipzig,Alemania,Western Europe,Sajonia,8/31/2017 16:19,9/3/2017 16:19,Standard Class,499.9500122,5,172.1799927
DEBIT,5,4,94.48999786,419.9599915,Late delivery,1,Cardio Equipment,Pomona,EE. UU.,Footwear,Europe,Drancy,Francia,Western Europe,Isla de Francia,6/4/2015 11:41,6/9/2015 11:41,Standard Class,499.9500122,5,94.48999786
DEBIT,4,4,109.1900024,419.9599915,Shipping on time,0,Cardio Equipment,Ithaca,EE. UU.,Footwear,Europe,Munich,Alemania,Western Europe,Bavaria,9/11/2015 12:26,9/15/2015 12:26,Standard Class,499.9500122,5,109.1900024
DEBIT,2,4,22.84000015,134.3600006,Advance shipping,0,Electronics,Staten Island,EE. UU.,Footwear,Europe,Hamburgo,Alemania,Western Europe,Hamburgo,10/24/2015 4:29,10/26/2015 4:29,Standard Class,159.9499969,5,22.84000015
DEBIT,5,4,-643.1900024,414.9599915,Late delivery,1,Cardio Equipment,Los Angeles,EE. UU.,Footwear,Europe,Vanves,Francia,Western Europe,Isla de Francia,7/29/2015 23:00,8/3/2015 23:00,Standard Class,499.9500122,5,-643.1900024
DEBIT,2,4,114.7900009,409.9599915,Advance shipping,0,Cardio Equipment,Allentown,EE. UU.,Footwear,Europe,Madrid,España,Southern Europe,Madrid,7/24/2017 4:49,7/26/2017 4:49,Standard Class,499.9500122,5,114.7900009
DEBIT,3,4,-215.2299957,409.9599915,Advance shipping,0,Cardio Equipment,Lompoc,EE. UU.,Footwear,Europe,Meyzieu,Francia,Western Europe,Auvernia-Ródano-Alpes,9/9/2017 7:02,9/12/2017 7:02,Standard Class,499.9500122,5,-215.2299957
DEBIT,6,4,-286.9700012,409.9599915,Late delivery,1,Cardio Equipment,Escondido,EE. UU.,Footwear,Europe,Bremerhaven,Alemania,Western Europe,Bremen,8/19/2017 7:35,8/25/2017 7:35,Standard Class,499.9500122,5,-286.9700012
DEBIT,2,4,36.08000183,409.9599915,Advance shipping,0,Cardio Equipment,Martinez,EE. UU.,Footwear,Europe,Viena,Austria,Western Europe,Viena,7/30/2017 23:44,8/1/2017 23:44,Standard Class,499.9500122,5,36.08000183
DEBIT,4,4,184.4799957,409.9599915,Shipping on time,0,Cardio Equipment,Troy,EE. UU.,Footwear,Europe,Mulhouse,Francia,Western Europe,Alsacia-Champaña-Ardenas-Lorena,10/7/2015 19:03,10/11/2015 19:03,Standard Class,499.9500122,5,184.4799957
DEBIT,5,4,-51.59000015,399.9599915,Late delivery,1,Cardio Equipment,Granite City,EE. UU.,Footwear,Europe,Sunderland,Reino Unido,Northern Europe,Inglaterra,8/26/2015 21:54,8/31/2015 21:54,Standard Class,499.9500122,5,-51.59000015
DEBIT,4,4,135.1900024,399.9599915,Shipping on time,0,Cardio Equipment,North Las Vegas,EE. UU.,Footwear,Europe,Dortmund,Alemania,Western Europe,Renania del Norte-Westfalia,9/9/2015 11:23,9/13/2015 11:23,Standard Class,499.9500122,5,135.1900024
DEBIT,5,4,145.1900024,399.9599915,Late delivery,1,Cardio Equipment,Arlington,EE. UU.,Footwear,Europe,Hamburgo,Alemania,Western Europe,Hamburgo,9/23/2017 20:19,9/28/2017 20:19,Standard Class,499.9500122,5,145.1900024
DEBIT,5,4,140.6100006,374.9599915,Late delivery,1,Cardio Equipment,Tonawanda,EE. UU.,Footwear,Europe,Lviv,Ucrania,Eastern Europe,Lviv,11/24/2016 12:10,11/29/2016 12:10,Standard Class,499.9500122,5,140.6100006
DEBIT,2,4,179.9799957,374.9599915,Advance shipping,0,Cardio Equipment,Troy,EE. UU.,Footwear,Europe,Leicester,Reino Unido,Northern Europe,Inglaterra,9/9/2015 5:25,9/11/2015 5:25,Standard Class,499.9500122,5,179.9799957
DEBIT,5,4,168.7299957,374.9599915,Late delivery,1,Cardio Equipment,Simi Valley,EE. UU.,Footwear,Europe,Ulm,Alemania,Western Europe,Baden-Wurtemberg,8/5/2017 6:54,8/10/2017 6:54,Standard Class,499.9500122,5,168.7299957
DEBIT,4,4,-61.11999893,374.9599915,Shipping on time,0,Cardio Equipment,New Bedford,EE. UU.,Footwear,Europe,Chelles,Francia,Western Europe,Isla de Francia,9/16/2017 23:18,9/20/2017 23:18,Standard Class,499.9500122,5,-61.11999893
DEBIT,4,4,122.9800034,299.9500122,Shipping on time,0,Cleats,Tempe,EE. UU.,Apparel,Europe,Marbella,España,Southern Europe,Andalucía,8/25/2015 17:32,8/29/2015 17:32,Standard Class,299.9500122,5,122.9800034
DEBIT,2,4,86.98999786,299.9500122,Advance shipping,0,Cleats,Carlisle,EE. UU.,Apparel,Europe,Florence,Italia,Southern Europe,Toscana,6/16/2015 6:25,6/18/2015 6:25,Standard Class,299.9500122,5,86.98999786
DEBIT,2,4,-44.99000168,299.9500122,Advance shipping,0,Cleats,Dallas,EE. UU.,Apparel,Europe,Madrid,España,Southern Europe,Madrid,9/11/2015 18:44,9/13/2015 18:44,Standard Class,299.9500122,5,-44.99000168
DEBIT,4,4,-824.8599854,299.9500122,Shipping on time,0,Cleats,Davis,EE. UU.,Apparel,Europe,Cologne,Alemania,Western Europe,Renania del Norte-Westfalia,6/24/2015 16:34,6/28/2015 16:34,Standard Class,299.9500122,5,-824.8599854
DEBIT,6,4,-393.4599915,296.9500122,Late delivery,1,Cleats,Brooklyn,EE. UU.,Apparel,Europe,Kashira,Rusia,Eastern Europe,Moscú,11/6/2016 22:21,11/12/2016 22:21,Standard Class,299.9500122,5,-393.4599915
DEBIT,4,4,83.15000153,296.9500122,Shipping on time,0,Cleats,Tempe,EE. UU.,Apparel,Europe,Marbella,España,Southern Europe,Andalucía,8/25/2015 17:32,8/29/2015 17:32,Standard Class,299.9500122,5,83.15000153
DEBIT,4,4,100.3700027,296.9500122,Shipping on time,0,Cleats,Chandler,EE. UU.,Apparel,Europe,Cholet,Francia,Western Europe,Países del Loira,10/19/2015 13:04,10/23/2015 13:04,Standard Class,299.9500122,5,100.3700027
DEBIT,3,4,106.9000015,296.9500122,Advance shipping,0,Cleats,Chandler,EE. UU.,Apparel,Europe,Bochum,Alemania,Western Europe,Renania del Norte-Westfalia,8/19/2015 10:32,8/22/2015 10:32,Standard Class,299.9500122,5,106.9000015
DEBIT,4,4,83.15000153,296.9500122,Shipping on time,0,Cleats,Fullerton,EE. UU.,Apparel,Europe,Annecy,Francia,Western Europe,Auvernia-Ródano-Alpes,6/16/2015 1:52,6/20/2015 1:52,Standard Class,299.9500122,5,83.15000153
DEBIT,6,4,97.98999786,296.9500122,Late delivery,1,Cleats,Chicago,EE. UU.,Apparel,Europe,Magdeburg,Alemania,Western Europe,Sajonia-Anhalt,6/27/2017 20:06,7/3/2017 20:06,Standard Class,299.9500122,5,97.98999786
DEBIT,4,4,89.08999634,296.9500122,Shipping on time,0,Cleats,Elgin,EE. UU.,Apparel,Europe,Amberes,Bélgica,Western Europe,Amberes,6/11/2015 18:31,6/15/2015 18:31,Standard Class,299.9500122,5,89.08999634
DEBIT,5,4,100.3700027,296.9500122,Late delivery,1,Cleats,Carlisle,EE. UU.,Apparel,Europe,Nuremberg,Alemania,Western Europe,Bavaria,8/9/2017 9:00,8/14/2017 9:00,Standard Class,299.9500122,5,100.3700027
DEBIT,3,4,99.36000061,293.9500122,Advance shipping,0,Cleats,Palmdale,EE. UU.,Apparel,Europe,Makhachkala,Rusia,Eastern Europe,Daguestán,10/10/2016 17:39,10/13/2016 17:39,Standard Class,299.9500122,5,99.36000061
DEBIT,4,4,132.2799988,293.9500122,Shipping on time,0,Cleats,Brooklyn,EE. UU.,Apparel,Europe,Cheliábinsk,Rusia,Eastern Europe,Cheliábinsk,9/16/2016 12:26,9/20/2016 12:26,Standard Class,299.9500122,5,132.2799988
DEBIT,3,4,14.69999981,293.9500122,Advance shipping,0,Cleats,North Tonawanda,EE. UU.,Apparel,Europe,Madrid,España,Southern Europe,Madrid,8/2/2017 2:53,8/5/2017 2:53,Standard Class,299.9500122,5,14.69999981
DEBIT,5,4,99.36000061,293.9500122,Late delivery,1,Cleats,Honolulu,EE. UU.,Apparel,Europe,Wiesbaden,Alemania,Western Europe,Hesse,8/24/2017 15:06,8/29/2017 15:06,Standard Class,299.9500122,5,99.36000061
DEBIT,2,4,29.10000038,290.9500122,Advance shipping,0,Cleats,Massapequa,EE. UU.,Apparel,Europe,Sterlitamak,Rusia,Eastern Europe,Bashkortostán,10/16/2016 4:41,10/18/2016 4:41,Standard Class,299.9500122,5,29.10000038
DEBIT,3,4,133.8399963,290.9500122,Advance shipping,0,Cleats,Federal Way,EE. UU.,Apparel,Europe,Gdynia,Polonia,Eastern Europe,Pomerania,11/17/2016 2:32,11/20/2016 2:32,Standard Class,299.9500122,5,133.8399963
DEBIT,3,4,29.10000038,290.9500122,Advance shipping,0,Cleats,Los Angeles,EE. UU.,Apparel,Europe,San Sebastian,España,Southern Europe,País Vasco,6/3/2015 6:58,6/6/2015 6:58,Standard Class,299.9500122,5,29.10000038
DEBIT,4,4,87.29000092,290.9500122,Shipping on time,0,Cleats,Los Angeles,EE. UU.,Apparel,Europe,Brandenburgo,Alemania,Western Europe,Brandenburgo,7/20/2017 22:41,7/24/2017 22:41,Standard Class,299.9500122,5,87.29000092
DEBIT,3,4,87.29000092,290.9500122,Advance shipping,0,Cleats,Santa Ana,EE. UU.,Apparel,Europe,Wetzlar,Alemania,Western Europe,Hesse,6/27/2017 12:02,6/30/2017 12:02,Standard Class,299.9500122,5,87.29000092
DEBIT,3,4,3.49000001,290.9500122,Advance shipping,0,Cleats,Pittsburg,EE. UU.,Apparel,Europe,Pertuis,Francia,Western Europe,Provenza-Alpes-Costa Azul,7/22/2015 23:53,7/25/2015 23:53,Standard Class,299.9500122,5,3.49000001
DEBIT,2,4,106.5400009,287.9500122,Advance shipping,0,Cleats,West New York,EE. UU.,Apparel,Europe,Torrevieja,España,Southern Europe,Valenciana,7/17/2017 1:09,7/19/2017 1:09,Standard Class,299.9500122,5,106.5400009
DEBIT,4,4,97.33000183,287.9500122,Shipping on time,0,Cleats,Dallas,EE. UU.,Apparel,Europe,Florence,Italia,Southern Europe,Toscana,9/27/2015 6:48,10/1/2015 6:48,Standard Class,299.9500122,5,97.33000183
DEBIT,5,4,138.2200012,287.9500122,Late delivery,1,Cleats,Los Angeles,EE. UU.,Apparel,Europe,Cagnes-sur-Mer,Francia,Western Europe,Provenza-Alpes-Costa Azul,9/13/2015 19:05,9/18/2015 19:05,Standard Class,299.9500122,5,138.2200012
DEBIT,4,4,-14.39999962,287.9500122,Shipping on time,0,Cleats,Aurora,EE. UU.,Apparel,Europe,Nanterre,Francia,Western Europe,Isla de Francia,10/10/2015 4:51,10/14/2015 4:51,Standard Class,299.9500122,5,-14.39999962
DEBIT,6,4,92.61000061,284.9500122,Late delivery,1,Cleats,Lansdale,EE. UU.,Apparel,Europe,Sunderland,Reino Unido,Northern Europe,Inglaterra,7/25/2017 10:15,7/31/2017 10:15,Standard Class,299.9500122,5,92.61000061
DEBIT,6,4,-39.3199997,284.9500122,Late delivery,1,Cleats,Clementon,EE. UU.,Apparel,Europe,Vichy,Francia,Western Europe,Auvernia,8/5/2017 16:01,8/11/2017 16:01,Standard Class,299.9500122,5,-39.3199997
DEBIT,4,4,96.37000275,283.4500122,Shipping on time,0,Cleats,San Diego,EE. UU.,Apparel,Europe,Barcelona,España,Southern Europe,Cataluña,8/28/2015 1:35,9/1/2015 1:35,Standard Class,299.9500122,5,96.37000275
DEBIT,2,4,88.72000122,283.4500122,Advance shipping,0,Cleats,Orlando,EE. UU.,Apparel,Europe,Viena,Austria,Western Europe,Viena,9/9/2017 20:41,9/11/2017 20:41,Standard Class,299.9500122,5,88.72000122
DEBIT,3,4,136.0599976,283.4500122,Advance shipping,0,Cleats,Troy,EE. UU.,Apparel,Europe,Lohne,Alemania,Western Europe,Baja Sajonia,9/5/2017 13:41,9/8/2017 13:41,Standard Class,299.9500122,5,136.0599976
DEBIT,5,4,-311.7999878,283.4500122,Late delivery,1,Cleats,Hanover,EE. UU.,Apparel,Europe,Le Mans,Francia,Western Europe,Países del Loira,7/13/2017 17:37,7/18/2017 17:37,Standard Class,299.9500122,5,-311.7999878
DEBIT,5,4,92.12000275,283.4500122,Late delivery,1,Cleats,Virginia Beach,EE. UU.,Apparel,Europe,Bordeaux,Francia,Western Europe,Aquitania-Lemosín-Poitou-Charentes,10/9/2015 20:27,10/14/2015 20:27,Standard Class,299.9500122,5,92.12000275
DEBIT,2,4,72.52999878,278.9500122,Advance shipping,0,Cleats,Los Angeles,EE. UU.,Apparel,Europe,Astracán,Rusia,Eastern Europe,Astracán,12/29/2016 22:27,12/31/2016 22:27,Standard Class,299.9500122,5,72.52999878
DEBIT,5,4,72.52999878,278.9500122,Late delivery,1,Cleats,Porterville,EE. UU.,Apparel,Europe,Rome,Italia,Southern Europe,Lacio,6/21/2015 11:50,6/26/2015 11:50,Standard Class,299.9500122,5,72.52999878
DEBIT,2,4,103.7200012,272.9500122,Advance shipping,0,Cleats,Los Angeles,EE. UU.,Apparel,Europe,Astracán,Rusia,Eastern Europe,Astracán,12/29/2016 22:27,12/31/2016 22:27,Standard Class,299.9500122,5,103.7200012
DEBIT,3,4,49.13000107,272.9500122,Advance shipping,0,Cleats,Glendale,EE. UU.,Apparel,Europe,Toulouse,Francia,Western Europe,Languedoc-Rosellón-Mediodía-Pirineos,9/2/2015 17:52,9/5/2015 17:52,Standard Class,299.9500122,5,49.13000107
DEBIT,5,4,92.26000214,272.9500122,Late delivery,1,Cleats,La Mirada,EE. UU.,Apparel,Europe,Rouen,Francia,Western Europe,Normandía,6/19/2017 3:17,6/24/2017 3:17,Standard Class,299.9500122,5,92.26000214
DEBIT,3,4,30.84000015,272.9500122,Advance shipping,0,Cleats,Chicago,EE. UU.,Apparel,Europe,Stuttgart,Alemania,Western Europe,Baden-Wurtemberg,7/16/2017 2:43,7/19/2017 2:43,Standard Class,299.9500122,5,30.84000015
DEBIT,2,4,-19.17000008,269.9599915,Advance shipping,0,Cleats,San Jose,EE. UU.,Apparel,Europe,Torrevieja,España,Southern Europe,Valenciana,9/16/2015 17:51,9/18/2015 17:51,Standard Class,299.9500122,5,-19.17000008
DEBIT,6,4,9.770000458,263.9599915,Late delivery,1,Cleats,Santa Ana,EE. UU.,Apparel,Europe,Peterborough,Reino Unido,Northern Europe,Inglaterra,7/3/2015 0:58,7/9/2015 0:58,Standard Class,299.9500122,5,9.770000458
DEBIT,6,4,85.79000092,263.9599915,Late delivery,1,Cleats,Huntington Station,EE. UU.,Apparel,Europe,Leeds,Reino Unido,Northern Europe,Inglaterra,7/25/2015 19:30,7/31/2015 19:30,Standard Class,299.9500122,5,85.79000092
DEBIT,4,4,126.6999969,263.9599915,Shipping on time,0,Cleats,Enfield,EE. UU.,Apparel,Europe,Milan,Italia,Southern Europe,Lombardía,8/23/2015 23:29,8/27/2015 23:29,Standard Class,299.9500122,5,126.6999969
DEBIT,6,4,121.4199982,263.9599915,Late delivery,1,Cleats,Meridian,EE. UU.,Apparel,Europe,Montecatini Terme,Italia,Southern Europe,Toscana,8/2/2015 23:42,8/8/2015 23:42,Standard Class,299.9500122,5,121.4199982
DEBIT,4,4,-409.1300049,263.9599915,Shipping on time,0,Cleats,Simi Valley,EE. UU.,Apparel,Europe,Viena,Austria,Western Europe,Viena,8/31/2016 23:19,9/4/2016 23:19,Standard Class,299.9500122,5,-409.1300049
DEBIT,6,4,29.04000092,263.9599915,Late delivery,1,Cleats,Bend,EE. UU.,Apparel,Europe,The Hague,Países Bajos,Western Europe,Holanda Meridional,7/30/2017 12:52,8/5/2017 12:52,Standard Class,299.9500122,5,29.04000092
DEBIT,2,4,43.02000046,263.9599915,Advance shipping,0,Cleats,Philadelphia,EE. UU.,Apparel,Europe,Drancy,Francia,Western Europe,Isla de Francia,6/4/2015 12:23,6/6/2015 12:23,Standard Class,299.9500122,5,43.02000046
DEBIT,2,4,-11.22000027,260.9599915,Advance shipping,0,Cleats,Brownsville,EE. UU.,Apparel,Europe,Warsaw,Polonia,Eastern Europe,Mazovia,10/23/2016 3:06,10/25/2016 3:06,Standard Class,299.9500122,5,-11.22000027
DEBIT,5,4,86.12000275,260.9599915,Late delivery,1,Cleats,Baldwin Park,EE. UU.,Apparel,Europe,Huelva,España,Southern Europe,Andalucía,8/14/2015 15:37,8/19/2015 15:37,Standard Class,299.9500122,5,86.12000275
DEBIT,4,4,99.16000366,260.9599915,Shipping on time,0,Cleats,Elyria,EE. UU.,Apparel,Europe,Reggio nell'Emilia,Italia,Southern Europe,Emilia-Romaña,8/23/2015 21:44,8/27/2015 21:44,Standard Class,299.9500122,5,99.16000366
DEBIT,5,4,73.0699997,260.9599915,Late delivery,1,Cleats,Pomona,EE. UU.,Apparel,Europe,Drancy,Francia,Western Europe,Isla de Francia,6/4/2015 11:41,6/9/2015 11:41,Standard Class,299.9500122,5,73.0699997
DEBIT,2,4,106.9899979,260.9599915,Advance shipping,0,Cleats,Chicago,EE. UU.,Apparel,Europe,Le Bouscat,Francia,Western Europe,Aquitania-Lemosín-Poitou-Charentes,6/18/2017 3:28,6/20/2017 3:28,Standard Class,299.9500122,5,106.9899979
DEBIT,5,4,81.68000031,260.9599915,Late delivery,1,Cleats,Baltimore,EE. UU.,Apparel,Europe,Berlín,Alemania,Western Europe,Berlín,9/25/2017 2:06,9/30/2017 2:06,Standard Class,299.9500122,5,81.68000031
DEBIT,4,4,117.2799988,254.9600067,Shipping on time,0,Cleats,Chino Hills,EE. UU.,Apparel,Europe,Derbent,Rusia,Eastern Europe,Daguestán,1/8/2017 10:52,1/12/2017 10:52,Standard Class,299.9500122,5,117.2799988
DEBIT,3,4,66.29000092,254.9600067,Advance shipping,0,Cleats,Philadelphia,EE. UU.,Apparel,Europe,Warsaw,Polonia,Eastern Europe,Mazovia,9/6/2016 8:36,9/9/2016 8:36,Standard Class,299.9500122,5,66.29000092
DEBIT,4,4,28.80999947,254.9600067,Shipping on time,0,Cleats,Ventura,EE. UU.,Apparel,Europe,Edinburgh,Reino Unido,Northern Europe,Escocia,7/17/2015 11:06,7/21/2015 11:06,Standard Class,299.9500122,5,28.80999947
DEBIT,6,4,28.80999947,254.9600067,Late delivery,1,Cleats,Wheaton,EE. UU.,Apparel,Europe,London,Reino Unido,Northern Europe,Inglaterra,9/22/2015 17:08,9/28/2015 17:08,Standard Class,299.9500122,5,28.80999947
DEBIT,5,4,67.05000305,254.9600067,Late delivery,1,Cleats,West New York,EE. UU.,Apparel,Europe,Crewe,Reino Unido,Northern Europe,Inglaterra,8/10/2015 20:32,8/15/2015 20:32,Standard Class,299.9500122,5,67.05000305
DEBIT,5,4,114.7300034,254.9600067,Late delivery,1,Cleats,Amarillo,EE. UU.,Apparel,Europe,Paris,Francia,Western Europe,Isla de Francia,9/25/2017 0:21,9/30/2017 0:21,Standard Class,299.9500122,5,114.7300034
DEBIT,5,4,-184.6900024,251.9600067,Late delivery,1,Cleats,Simi Valley,EE. UU.,Apparel,Europe,Uvarovo,Rusia,Eastern Europe,Tambov,11/15/2016 0:26,11/20/2016 0:26,Standard Class,299.9500122,5,-184.6900024
DEBIT,3,4,120.9400024,251.9600067,Advance shipping,0,Cleats,Encinitas,EE. UU.,Apparel,Europe,Bognor Regis,Reino Unido,Northern Europe,Inglaterra,7/23/2017 2:53,7/26/2017 2:53,Standard Class,299.9500122,5,120.9400024
DEBIT,5,4,-56.68999863,251.9600067,Late delivery,1,Cleats,Florissant,EE. UU.,Apparel,Europe,Waterlooville,Reino Unido,Northern Europe,Inglaterra,9/5/2015 16:38,9/10/2015 16:38,Standard Class,299.9500122,5,-56.68999863
DEBIT,6,4,4.980000019,248.9600067,Late delivery,1,Cleats,Toms River,EE. UU.,Apparel,Europe,Valencia,España,Southern Europe,Valenciana,9/22/2015 11:53,9/28/2015 11:53,Standard Class,299.9500122,5,4.980000019
DEBIT,5,4,21.90999985,248.9600067,Late delivery,1,Cleats,Honolulu,EE. UU.,Apparel,Europe,Biarritz,Francia,Western Europe,Aquitania-Lemosín-Poitou-Charentes,8/1/2015 7:03,8/6/2015 7:03,Standard Class,299.9500122,5,21.90999985
DEBIT,2,4,44.81000137,248.9600067,Advance shipping,0,Cleats,Chicago,EE. UU.,Apparel,Europe,Aix-en-Provence,Francia,Western Europe,Provenza-Alpes-Costa Azul,7/24/2015 5:19,7/26/2015 5:19,Standard Class,299.9500122,5,44.81000137
TRANSFER,2,4,10.78999996,41.47999954,Advance shipping,0,Accessories,Sacramento,EE. UU.,Outdoors,LATAM,Santiago de Chile,Chile,South America,Santiago de Chile,1/14/2015 5:03,1/16/2015 5:03,Standard Class,49.97999954,2,10.78999996
TRANSFER,5,4,7.079999924,26.21999931,Late delivery,1,Trade-In,Fort Washington,EE. UU.,Outdoors,LATAM,Nueva Gerona,Cuba,Caribbean,Isla de la Juventud,3/21/2015 23:11,3/26/2015 23:11,Standard Class,31.97999954,2,7.079999924
TRANSFER,2,4,16.02000046,51.18000031,Advance shipping,0,Electronics,Long Beach,EE. UU.,Outdoors,LATAM,Mexico City,México,Central America,Distrito Federal,1/20/2017 5:57,1/22/2017 5:57,Standard Class,63.97999954,2,16.02000046
TRANSFER,2,4,89.29000092,189.9799957,Shipping canceled,0,Cardio Equipment,Wyandotte,EE. UU.,Footwear,LATAM,Registro,Brasil,South America,São Paulo,5/28/2015 15:44,5/30/2015 15:44,Standard Class,199.9799957,2,89.29000092
TRANSFER,2,4,-74.38999939,185.9799957,Shipping canceled,0,Cardio Equipment,Newark,EE. UU.,Footwear,LATAM,San Pedro Sula,Honduras,Central America,Cortés,1/26/2015 14:51,1/28/2015 14:51,Standard Class,199.9799957,2,-74.38999939
TRANSFER,5,4,-107.8700027,173.9799957,Shipping canceled,0,Cardio Equipment,Brooklyn,EE. UU.,Footwear,LATAM,Presidente Dutra,Brasil,South America,Marañón,5/27/2015 4:00,6/1/2015 4:00,Standard Class,199.9799957,2,-107.8700027
TRANSFER,2,4,65.51000214,167.9799957,Shipping canceled,0,Cardio Equipment,Mililani,EE. UU.,Footwear,LATAM,Tegucigalpa,Honduras,Central America,Francisco Morazán,1/30/2015 1:11,2/1/2015 1:11,Standard Class,199.9799957,2,65.51000214
TRANSFER,4,4,47.50999832,105.5800018,Shipping canceled,0,Cleats,New York,EE. UU.,Apparel,LATAM,Villa Canales,Guatemala,Central America,Guatemala,2/5/2017 20:17,2/9/2017 20:17,Standard Class,119.9800034,2,47.50999832
TRANSFER,4,4,52.18999863,104.3799973,Shipping canceled,0,Cleats,New York,EE. UU.,Apparel,LATAM,Villa Canales,Guatemala,Central America,Guatemala,2/5/2017 20:17,2/9/2017 20:17,Standard Class,119.9800034,2,52.18999863
TRANSFER,3,4,32.66999817,104.3799973,Shipping canceled,0,Cleats,Brooklyn,EE. UU.,Apparel,LATAM,Jiutepec,México,Central America,Morelos,2/4/2015 0:39,2/7/2015 0:39,Standard Class,119.9800034,2,32.66999817
TRANSFER,2,4,34.65000153,99.0,Shipping canceled,0,Women's Apparel,Loveland,EE. UU.,Golf,LATAM,Brumado,Brasil,South America,Bahía,5/30/2015 23:47,6/1/2015 23:47,Standard Class,100.0,2,34.65000153
TRANSFER,2,4,25.47999954,98.0,Shipping canceled,0,Women's Apparel,Harvey,EE. UU.,Golf,LATAM,Teresópolis,Brasil,South America,Río de Janeiro,2/12/2015 11:30,2/14/2015 11:30,Standard Class,100.0,2,25.47999954
TRANSFER,4,4,-12.38000011,75.98000336,Shipping canceled,0,Shop By Sport,Saint Paul,EE. UU.,Golf,LATAM,Guarulhos,Brasil,South America,São Paulo,2/20/2017 22:54,2/24/2017 22:54,Standard Class,79.98000336,2,-12.38000011
TRANSFER,4,4,22.39999962,80.0,Shipping canceled,0,Women's Apparel,Saint Paul,EE. UU.,Golf,LATAM,Guarulhos,Brasil,South America,São Paulo,2/20/2017 22:54,2/24/2017 22:54,Standard Class,100.0,2,22.39999962
TRANSFER,4,4,37.54999924,119.9800034,Shipping canceled,0,Cleats,Chandler,EE. UU.,Apparel,Pacific Asia,Guangzhou,China,Eastern Asia,Guangdong,1/10/2016 23:18,1/14/2016 23:18,Standard Class,119.9800034,2,37.54999924
TRANSFER,5,4,36.25999832,111.5800018,Shipping canceled,0,Cleats,Ewa Beach,EE. UU.,Apparel,Pacific Asia,Bornova,Turquía,West Asia,Izmir,12/15/2016 14:24,12/20/2016 14:24,Standard Class,119.9800034,2,36.25999832
TRANSFER,4,4,6.75,89.98999786,Shipping canceled,0,Cleats,Chandler,EE. UU.,Apparel,Pacific Asia,Guangzhou,China,Eastern Asia,Guangdong,1/10/2016 23:18,1/14/2016 23:18,Standard Class,119.9800034,2,6.75
TRANSFER,4,4,-65.25,90.0,Shipping canceled,0,Women's Apparel,Fond Du Lac,EE. UU.,Golf,Pacific Asia,Salihli,Turquía,West Asia,Manisa,11/27/2016 22:08,12/1/2016 22:08,Standard Class,100.0,2,-65.25
TRANSFER,5,4,22.20000076,47.22999954,Shipping canceled,0,Accessories,Hamilton,EE. UU.,Outdoors,Pacific Asia,Tel Aviv,Israel,West Asia,Tel Aviv,10/23/2016 19:55,10/28/2016 19:55,Standard Class,49.97999954,2,22.20000076
TRANSFER,2,4,95.98999786,199.9799957,Advance shipping,0,Cardio Equipment,Mechanicsburg,EE. UU.,Footwear,Pacific Asia,Astaná,Kazajistán,Central Asia,Astaná,9/27/2016 6:59,9/29/2016 6:59,Standard Class,199.9799957,2,95.98999786
TRANSFER,4,4,-79.77999878,108.8399963,Shipping on time,0,Boxing & MMA,Simi Valley,EE. UU.,Footwear,Pacific Asia,Samarinda,Indonesia,Southeast Asia,Kalimantan Oriental,11/24/2015 23:11,11/28/2015 23:11,Standard Class,109.9400024,2,-79.77999878
TRANSFER,6,4,95.02999878,197.9799957,Late delivery,1,Cardio Equipment,Opelousas,EE. UU.,Footwear,Pacific Asia,Yakarta,Indonesia,Southeast Asia,Yakarta,3/12/2016 3:56,3/18/2016 3:56,Standard Class,199.9799957,2,95.02999878
TRANSFER,3,4,50.95000076,195.9799957,Advance shipping,0,Cardio Equipment,Kailua,EE. UU.,Footwear,Pacific Asia,Launceston,Australia,Oceania,Tasmania,11/6/2015 9:54,11/9/2015 9:54,Standard Class,199.9799957,2,50.95000076
TRANSFER,2,4,-41.74000168,195.9799957,Advance shipping,0,Cardio Equipment,Norfolk,EE. UU.,Footwear,Pacific Asia,Ho Chi Minh City,Vietnam,Southeast Asia,Ciudad Ho Chi Minh,11/21/2015 22:40,11/23/2015 22:40,Standard Class,199.9799957,2,-41.74000168
TRANSFER,4,4,89.16999817,181.9799957,Shipping on time,0,Cardio Equipment,Woodbridge,EE. UU.,Footwear,Pacific Asia,Ranchi,India,South Asia,Jharkhand,12/29/2015 18:45,1/2/2016 18:45,Standard Class,199.9799957,2,89.16999817
TRANSFER,6,4,-304.4700012,173.9799957,Late delivery,1,Cardio Equipment,Elmhurst,EE. UU.,Footwear,Pacific Asia,Antipolo,Filipinas,Southeast Asia,Calabarzón,12/11/2015 6:31,12/17/2015 6:31,Standard Class,199.9799957,2,-304.4700012
TRANSFER,4,4,75.43000031,163.9799957,Shipping on time,0,Cardio Equipment,Detroit,EE. UU.,Footwear,Pacific Asia,New Plymouth,Nueva Zelanda,Oceania,Taranaki,3/27/2016 23:22,3/31/2016 23:22,Standard Class,199.9799957,2,75.43000031
TRANSFER,4,4,25.80999947,82.45999908,Shipping on time,0,Boxing & MMA,Aurora,EE. UU.,Footwear,Pacific Asia,Heyuan,China,Eastern Asia,Guangdong,12/19/2015 1:15,12/23/2015 1:15,Standard Class,109.9400024,2,25.80999947
TRANSFER,3,4,-34.79000092,47.99000168,Advance shipping,0,Electronics,Phoenix,EE. UU.,Footwear,Pacific Asia,Saveh,Irán,South Asia,Markazí,9/9/2016 6:40,9/12/2016 6:40,Standard Class,63.97999954,2,-34.79000092
TRANSFER,3,4,51.83000183,115.1800003,Advance shipping,0,Cleats,Kailua,EE. UU.,Apparel,Pacific Asia,Launceston,Australia,Oceania,Tasmania,11/6/2015 9:54,11/9/2015 9:54,Standard Class,119.9800034,2,51.83000183
TRANSFER,3,4,8.550000191,113.9800034,Advance shipping,0,Cleats,Hyattsville,EE. UU.,Apparel,Pacific Asia,Seúl,Corea del Sur,Eastern Asia,Seúl,11/13/2015 17:04,11/16/2015 17:04,Standard Class,119.9800034,2,8.550000191
TRANSFER,2,4,54.41999817,113.3799973,Advance shipping,0,Cleats,Sugar Land,EE. UU.,Apparel,Pacific Asia,Durg,India,South Asia,Chhattisgarh,11/13/2015 14:58,11/15/2015 14:58,Standard Class,119.9800034,2,54.41999817
TRANSFER,4,4,22.89999962,99.58000183,Shipping on time,0,Cleats,Elyria,EE. UU.,Apparel,Pacific Asia,Townsville,Australia,Oceania,Queensland,12/15/2015 13:10,12/19/2015 13:10,Standard Class,119.9800034,2,22.89999962
TRANSFER,5,4,26.55999947,98.37999725,Late delivery,1,Cleats,Raleigh,EE. UU.,Apparel,Pacific Asia,Sydney,Australia,Oceania,Nueva Gales del Sur,3/17/2016 0:57,3/22/2016 0:57,Standard Class,119.9800034,2,26.55999947
TRANSFER,2,4,9.840000153,98.37999725,Advance shipping,0,Cleats,Chillicothe,EE. UU.,Apparel,Pacific Asia,Makati,Filipinas,Southeast Asia,Capital Nacional,3/12/2016 0:47,3/14/2016 0:47,Standard Class,119.9800034,2,9.840000153
TRANSFER,2,4,-157.4700012,89.98999786,Advance shipping,0,Cleats,Norfolk,EE. UU.,Apparel,Pacific Asia,Ho Chi Minh City,Vietnam,Southeast Asia,Ciudad Ho Chi Minh,11/21/2015 22:40,11/23/2015 22:40,Standard Class,119.9800034,2,-157.4700012
TRANSFER,5,4,-166.6000061,98.0,Late delivery,1,Women's Apparel,Jersey City,EE. UU.,Golf,Pacific Asia,Xinyi,China,Eastern Asia,Guangdong,10/28/2015 14:38,11/2/2015 14:38,Standard Class,100.0,2,-166.6000061
TRANSFER,3,4,-15.39000034,98.0,Advance shipping,0,Women's Apparel,Canoga Park,EE. UU.,Golf,Pacific Asia,Bangkok,Tailandia,Southeast Asia,Bangkok,2/29/2016 21:07,3/3/2016 21:07,Standard Class,100.0,2,-15.39000034
TRANSFER,4,4,47.04000092,96.0,Shipping on time,0,Women's Apparel,Amarillo,EE. UU.,Golf,Pacific Asia,Seúl,Corea del Sur,Eastern Asia,Seúl,11/13/2015 17:25,11/17/2015 17:25,Standard Class,100.0,2,47.04000092
TRANSFER,4,4,-32.93000031,96.0,Shipping on time,0,Women's Apparel,Jackson,EE. UU.,Golf,Pacific Asia,Wollongong,Australia,Oceania,Nueva Gales del Sur,11/2/2015 8:09,11/6/2015 8:09,Standard Class,100.0,2,-32.93000031
TRANSFER,5,4,-61.95999908,74.37999725,Late delivery,1,Shop By Sport,Moreno Valley,EE. UU.,Golf,Pacific Asia,Lianzhou,China,Eastern Asia,Guangdong,3/13/2016 7:37,3/18/2016 7:37,Standard Class,79.98000336,2,-61.95999908
TRANSFER,2,4,-18.60000038,74.37999725,Advance shipping,0,Girls' Apparel,Chicago,EE. UU.,Golf,Pacific Asia,Eskisehir,Turquía,West Asia,Eskisehir,10/20/2016 17:17,10/22/2016 17:17,Standard Class,79.98000336,2,-18.60000038
TRANSFER,2,4,21.12000084,88.0,Advance shipping,0,Women's Apparel,New Orleans,EE. UU.,Golf,Pacific Asia,Armidale,Australia,Oceania,Nueva Gales del Sur,1/28/2016 5:45,1/30/2016 5:45,Standard Class,100.0,2,21.12000084
TRANSFER,2,4,24.35000038,69.58000183,Advance shipping,0,Shop By Sport,San Benito,EE. UU.,Golf,Pacific Asia,Tamworth,Australia,Oceania,Nueva Gales del Sur,12/13/2015 16:40,12/15/2015 16:40,Standard Class,79.98000336,2,24.35000038
TRANSFER,3,4,16.18000031,67.98000336,Advance shipping,0,Shop By Sport,Los Angeles,EE. UU.,Golf,Pacific Asia,Perth,Australia,Oceania,Australia Occidental,11/27/2015 1:38,11/30/2015 1:38,Standard Class,79.98000336,2,16.18000031
TRANSFER,3,4,31.5,84.0,Advance shipping,0,Women's Apparel,Brooklyn,EE. UU.,Golf,Pacific Asia,Jambi,Indonesia,Southeast Asia,Jambi,3/11/2016 21:38,3/14/2016 21:38,Standard Class,100.0,2,31.5
TRANSFER,6,4,-16.60000038,83.0,Late delivery,1,Women's Apparel,New Castle,EE. UU.,Golf,Pacific Asia,Xuzhou,China,Eastern Asia,Jiangsu,10/30/2015 23:03,11/5/2015 23:03,Standard Class,100.0,2,-16.60000038
TRANSFER,3,4,35.68999863,83.0,Advance shipping,0,Women's Apparel,Hanover,EE. UU.,Golf,Pacific Asia,Wuhan,China,Eastern Asia,Hubei,3/17/2016 19:31,3/20/2016 19:31,Standard Class,100.0,2,35.68999863
TRANSFER,2,4,29.51000023,65.58000183,Advance shipping,0,Shop By Sport,Honolulu,EE. UU.,Golf,Pacific Asia,Hobart,Australia,Oceania,Tasmania,3/31/2016 14:15,4/2/2016 14:15,Standard Class,79.98000336,2,29.51000023
TRANSFER,3,4,22.38999939,63.97999954,Advance shipping,0,Electronics,Bloomfield,EE. UU.,Outdoors,Pacific Asia,Lahore,Pakistán,South Asia,Punyab,1/30/2016 5:24,2/2/2016 5:24,Standard Class,63.97999954,2,22.38999939
TRANSFER,4,4,25.90999985,95.98000336,Shipping on time,0,Electronics,Albuquerque,EE. UU.,Outdoors,Pacific Asia,Sincan,Turquía,West Asia,Ankara,11/3/2016 13:04,11/7/2016 13:04,Standard Class,95.98000336,2,25.90999985
TRANSFER,3,4,-0.50999999,39.18000031,Advance shipping,0,Golf Balls,Bloomfield,EE. UU.,Outdoors,Pacific Asia,Lahore,Pakistán,South Asia,Punyab,1/30/2016 5:24,2/2/2016 5:24,Standard Class,39.97999954,2,-0.50999999
TRANSFER,6,4,11.8199997,36.38000107,Late delivery,1,Golf Balls,New Castle,EE. UU.,Outdoors,Pacific Asia,Xuzhou,China,Eastern Asia,Jiangsu,10/30/2015 23:03,11/5/2015 23:03,Standard Class,39.97999954,2,11.8199997
TRANSFER,4,4,10.51000023,33.58000183,Shipping on time,0,Golf Balls,Aurora,EE. UU.,Outdoors,Pacific Asia,Heyuan,China,Eastern Asia,Guangdong,12/19/2015 1:15,12/23/2015 1:15,Standard Class,39.97999954,2,10.51000023
TRANSFER,2,4,35.3199997,76.77999878,Advance shipping,0,Electronics,Sugar Land,EE. UU.,Outdoors,Pacific Asia,Durg,India,South Asia,Chhattisgarh,11/13/2015 14:58,11/15/2015 14:58,Standard Class,95.98000336,2,35.3199997
TRANSFER,6,4,9.0,119.9800034,Late delivery,1,Baseball & Softball,Los Angeles,EE. UU.,Fitness,Pacific Asia,Surabaya,Indonesia,Southeast Asia,Java Oriental,1/22/2016 23:17,1/28/2016 23:17,Standard Class,119.9800034,2,9.0
TRANSFER,4,4,66.62999725,195.9799957,Shipping on time,0,Cardio Equipment,Cypress,EE. UU.,Footwear,Pacific Asia,Ulan Bator,Mongolia,Eastern Asia,Ulán Bator,9/26/2016 12:25,9/30/2016 12:25,Standard Class,199.9799957,2,66.62999725
TRANSFER,4,4,91.16999817,193.9799957,Shipping on time,0,Cardio Equipment,Cypress,EE. UU.,Footwear,Pacific Asia,Ulan Bator,Mongolia,Eastern Asia,Ulán Bator,9/26/2016 12:25,9/30/2016 12:25,Standard Class,199.9799957,2,91.16999817
TRANSFER,6,4,-3.019999981,52.90000153,Late delivery,1,Electronics,New Orleans,EE. UU.,Footwear,Pacific Asia,Christchurch,Nueva Zelanda,Oceania,Canterbury,3/28/2016 12:19,4/3/2016 12:19,Standard Class,55.97999954,2,-3.019999981
TRANSFER,4,4,54.45999908,173.9799957,Shipping on time,0,Cardio Equipment,Brooklyn,EE. UU.,Footwear,Pacific Asia,Mackay,Australia,Oceania,Queensland,12/2/2015 13:22,12/6/2015 13:22,Standard Class,199.9799957,2,54.45999908
TRANSFER,4,4,14.96000004,169.9799957,Shipping on time,0,Cardio Equipment,Newburgh,EE. UU.,Footwear,Pacific Asia,Yuci,China,Eastern Asia,Shanxi,3/13/2016 19:32,3/17/2016 19:32,Standard Class,199.9799957,2,14.96000004
TRANSFER,4,4,14.93999958,165.9799957,Shipping on time,0,Cardio Equipment,New York,EE. UU.,Footwear,Pacific Asia,Fukui,Japón,Eastern Asia,Fukui,2/22/2016 0:17,2/26/2016 0:17,Standard Class,199.9799957,2,14.93999958
TRANSFER,6,4,31.20000076,165.9799957,Late delivery,1,Cardio Equipment,New Orleans,EE. UU.,Footwear,Pacific Asia,Christchurch,Nueva Zelanda,Oceania,Canterbury,3/28/2016 12:19,4/3/2016 12:19,Standard Class,199.9799957,2,31.20000076
TRANSFER,4,4,6.639999866,165.9799957,Shipping on time,0,Cardio Equipment,Amarillo,EE. UU.,Footwear,Pacific Asia,Caloocan,Filipinas,Southeast Asia,Capital Nacional,10/31/2015 5:21,11/4/2015 5:21,Standard Class,199.9799957,2,6.639999866
TRANSFER,6,4,14.07999992,159.9799957,Late delivery,1,Cardio Equipment,Jackson,EE. UU.,Footwear,Pacific Asia,Basra,Irak,West Asia,Basora,9/29/2016 0:41,10/5/2016 0:41,Standard Class,199.9799957,2,14.07999992
TRANSFER,3,4,43.5,149.9900055,Advance shipping,0,Cardio Equipment,Marrero,EE. UU.,Footwear,Pacific Asia,Wuhan,China,Eastern Asia,Hubei,12/16/2015 20:21,12/19/2015 20:21,Standard Class,199.9799957,2,43.5
TRANSFER,2,4,-1.440000057,119.9800034,Advance shipping,0,Cleats,Grand Prairie,EE. UU.,Apparel,Pacific Asia,Belgaum,India,South Asia,Karnataka,11/3/2015 18:29,11/5/2015 18:29,Standard Class,119.9800034,2,-1.440000057
TRANSFER,6,4,37.18000031,118.7799988,Late delivery,1,Cleats,Bronx,EE. UU.,Apparel,Pacific Asia,Lahore,Pakistán,South Asia,Punyab,1/30/2016 4:42,2/5/2016 4:42,Standard Class,119.9800034,2,37.18000031
TRANSFER,2,4,38.40999985,116.3799973,Advance shipping,0,Cleats,Greeley,EE. UU.,Apparel,Pacific Asia,Cainta,Filipinas,Southeast Asia,Calabarzón,1/9/2016 18:34,1/11/2016 18:34,Standard Class,119.9800034,2,38.40999985
TRANSFER,6,4,-82.63999939,113.9800034,Late delivery,1,Cleats,Smyrna,EE. UU.,Apparel,Pacific Asia,Auckland,Nueva Zelanda,Oceania,Auckland,3/18/2016 19:21,3/24/2016 19:21,Standard Class,119.9800034,2,-82.63999939
TRANSFER,6,4,35.49000168,113.3799973,Late delivery,1,Cleats,West Covina,EE. UU.,Apparel,Pacific Asia,Gorakhpur,India,South Asia,Haryana,3/3/2016 6:14,3/9/2016 6:14,Standard Class,119.9800034,2,35.49000168
TRANSFER,5,4,-83.73999786,109.1800003,Late delivery,1,Cleats,Chicago,EE. UU.,Apparel,Pacific Asia,Taupo,Nueva Zelanda,Oceania,Waikato,4/1/2016 10:34,4/6/2016 10:34,Standard Class,119.9800034,2,-83.73999786
TRANSFER,6,4,-30.22999954,100.7799988,Late delivery,1,Cleats,Chicago,EE. UU.,Apparel,Pacific Asia,Gujranwala,Pakistán,South Asia,Punyab,12/29/2015 7:12,1/4/2016 7:12,Standard Class,119.9800034,2,-30.22999954
TRANSFER,3,4,32.45000076,100.7799988,Advance shipping,0,Cleats,North Richland Hills,EE. UU.,Apparel,Pacific Asia,Aurangabad,India,South Asia,Bihar,1/13/2016 7:00,1/16/2016 7:00,Standard Class,119.9800034,2,32.45000076
TRANSFER,5,4,47.79999924,99.58000183,Late delivery,1,Cleats,Riverside,EE. UU.,Apparel,Pacific Asia,Estambul,Turquía,West Asia,Estambul,9/7/2016 8:04,9/12/2016 8:04,Standard Class,119.9800034,2,47.79999924
TRANSFER,2,4,19.17000008,89.98999786,Advance shipping,0,Cleats,San Diego,EE. UU.,Apparel,Pacific Asia,Ahvaz,Irán,South Asia,Juzestán,10/19/2016 9:45,10/21/2016 9:45,Standard Class,119.9800034,2,19.17000008
TRANSFER,4,4,27.70999908,79.18000031,Shipping on time,0,Shop By Sport,Miami,EE. UU.,Golf,Pacific Asia,Sarkand,Kazajistán,Central Asia,Almaty,10/31/2016 11:30,11/4/2016 11:30,Standard Class,79.98000336,2,27.70999908
TRANSFER,5,4,-6.170000076,98.0,Late delivery,1,Women's Apparel,Wyandotte,EE. UU.,Golf,Pacific Asia,Manila,Filipinas,Southeast Asia,Capital Nacional,11/2/2015 12:00,11/7/2015 12:00,Standard Class,100.0,2,-6.170000076
TRANSFER,5,4,49.0,98.0,Late delivery,1,Women's Apparel,Cleveland,EE. UU.,Golf,Pacific Asia,Makati,Filipinas,Southeast Asia,Capital Nacional,12/9/2015 12:08,12/14/2015 12:08,Standard Class,100.0,2,49.0
TRANSFER,2,4,47.04000092,98.0,Advance shipping,0,Women's Apparel,Houston,EE. UU.,Golf,Pacific Asia,Ajman,Emiratos Árabes Unidos,West Asia,Ajmán,10/8/2016 21:31,10/10/2016 21:31,Standard Class,100.0,2,47.04000092
TRANSFER,3,4,-7.760000229,77.58000183,Advance shipping,0,Shop By Sport,Littleton,EE. UU.,Golf,Pacific Asia,Zhuhai,China,Eastern Asia,Guangdong,2/8/2016 13:37,2/11/2016 13:37,Standard Class,79.98000336,2,-7.760000229
TRANSFER,4,4,6.980000019,77.58000183,Shipping on time,0,Shop By Sport,Longmont,EE. UU.,Golf,Pacific Asia,Bucheon,Corea del Sur,Eastern Asia,Gyeonggi,12/30/2015 3:31,1/3/2016 3:31,Standard Class,79.98000336,2,6.980000019
TRANSFER,3,4,25.20999908,77.58000183,Advance shipping,0,Shop By Sport,Sacramento,EE. UU.,Golf,Pacific Asia,Bursa,Turquía,West Asia,Bursa,9/7/2016 7:22,9/10/2016 7:22,Standard Class,79.98000336,2,25.20999908
TRANSFER,2,4,47.52999878,97.0,Advance shipping,0,Women's Apparel,Brooklyn,EE. UU.,Golf,Pacific Asia,Estambul,Turquía,West Asia,Estambul,11/8/2016 7:59,11/10/2016 7:59,Standard Class,100.0,2,47.52999878
TRANSFER,5,4,18.53000069,57.0,Late delivery,1,Girls' Apparel,Wyandotte,EE. UU.,Golf,Pacific Asia,Manila,Filipinas,Southeast Asia,Capital Nacional,11/2/2015 12:00,11/7/2015 12:00,Standard Class,60.0,2,18.53000069
TRANSFER,5,4,-69.26999664,94.5,Late delivery,1,Women's Apparel,Chesapeake,EE. UU.,Golf,Pacific Asia,Astaná,Kazajistán,Central Asia,Astaná,12/13/2016 23:52,12/18/2016 23:52,Standard Class,100.0,2,-69.26999664
TRANSFER,2,4,26.38999939,91.0,Advance shipping,0,Women's Apparel,Hyattsville,EE. UU.,Golf,Pacific Asia,Guangzhou,China,Eastern Asia,Guangdong,11/25/2015 3:44,11/27/2015 3:44,Standard Class,100.0,2,26.38999939
TRANSFER,4,4,-27.87999916,72.77999878,Shipping on time,0,Shop By Sport,Englewood,EE. UU.,Golf,Pacific Asia,Lismore,Australia,Oceania,Nueva Gales del Sur,3/24/2016 7:46,3/28/2016 7:46,Standard Class,79.98000336,2,-27.87999916
TRANSFER,4,4,42.63000107,87.0,Shipping on time,0,Women's Apparel,Arlington Heights,EE. UU.,Golf,Pacific Asia,Nelson,Nueva Zelanda,Oceania,Nelson,3/28/2016 18:38,4/1/2016 18:38,Standard Class,100.0,2,42.63000107
TRANSFER,6,4,36.54000092,87.0,Late delivery,1,Women's Apparel,Bronx,EE. UU.,Golf,Pacific Asia,Lahore,Pakistán,South Asia,Punyab,1/30/2016 4:42,2/5/2016 4:42,Standard Class,100.0,2,36.54000092
CASH,2,2,135.3000031,314.6400146,Shipping on time,0,Sporting Goods,Tampa,EE. UU.,Fitness,Pacific Asia,Hobart,Australia,Oceania,Tasmania,1/11/2018 10:21,1/13/2018 10:21,Second Class,327.75,1,135.3000031
DEBIT,6,4,38.91999817,311.3599854,Late delivery,1,Sporting Goods,San Benito,EE. UU.,Fitness,Pacific Asia,Hobart,Australia,Oceania,Tasmania,1/11/2018 10:00,1/17/2018 10:00,Standard Class,327.75,1,38.91999817
CASH,5,4,108.4000015,309.7200012,Late delivery,1,Sporting Goods,Caguas,Puerto Rico,Fitness,Pacific Asia,Hobart,Australia,Oceania,Tasmania,1/11/2018 9:39,1/16/2018 9:39,Standard Class,327.75,1,108.4000015
PAYMENT,4,4,-472.4500122,304.8099976,Shipping on time,0,Sporting Goods,Indianapolis,EE. UU.,Fitness,Pacific Asia,Yichun,China,Eastern Asia,Jiangxi,1/11/2018 9:18,1/15/2018 9:18,Standard Class,327.75,1,-472.4500122
PAYMENT,3,4,-447.3800049,298.25,Advance shipping,0,Sporting Goods,Caguas,Puerto Rico,Fitness,Pacific Asia,Daqing,China,Eastern Asia,Heilongjiang,1/11/2018 8:57,1/14/2018 8:57,Standard Class,327.75,1,-447.3800049
TRANSFER,2,2,-796.4299927,294.980011,Shipping on time,0,Sporting Goods,Enfield,EE. UU.,Fitness,Pacific Asia,Daqing,China,Eastern Asia,Heilongjiang,1/11/2018 8:36,1/13/2018 8:36,Second Class,327.75,1,-796.4299927
TRANSFER,6,2,95.18000031,288.4200134,Late delivery,1,Sporting Goods,Caguas,Puerto Rico,Fitness,Pacific Asia,Daqing,China,Eastern Asia,Heilongjiang,1/11/2018 8:15,1/17/2018 8:15,Second Class,327.75,1,95.18000031
TRANSFER,2,1,57.02999878,285.1400146,Late delivery,1,Sporting Goods,Los Angeles,EE. UU.,Fitness,Pacific Asia,Daqing,China,Eastern Asia,Heilongjiang,1/11/2018 7:54,1/13/2018 7:54,First Class,327.75,1,57.02999878
TRANSFER,2,1,125.3600006,278.5899963,Late delivery,1,Sporting Goods,Caguas,Puerto Rico,Fitness,Pacific Asia,Daqing,China,Eastern Asia,Heilongjiang,1/11/2018 7:33,1/13/2018 7:33,First Class,327.75,1,125.3600006
CASH,2,1,34.40999985,275.3099976,Late delivery,1,Sporting Goods,Modesto,EE. UU.,Fitness,Pacific Asia,Daqing,China,Eastern Asia,Heilongjiang,1/11/2018 7:12,1/13/2018 7:12,First Class,327.75,1,34.40999985
TRANSFER,2,1,23.94000053,272.0299988,Late delivery,1,Sporting Goods,Caguas,Puerto Rico,Fitness,Pacific Asia,Solapur,India,South Asia,Maharashtra,1/11/2018 6:51,1/13/2018 6:51,First Class,327.75,1,23.94000053
DEBIT,6,4,16.93000031,268.7600098,Late delivery,1,Sporting Goods,Irvington,EE. UU.,Fitness,Pacific Asia,Solapur,India,South Asia,Maharashtra,1/11/2018 6:30,1/17/2018 6:30,Standard Class,327.75,1,16.93000031
PAYMENT,5,4,91.76999664,262.2000122,Late delivery,1,Sporting Goods,Caguas,Puerto Rico,Fitness,Pacific Asia,Solapur,India,South Asia,Maharashtra,1/11/2018 6:09,1/16/2018 6:09,Standard Class,327.75,1,91.76999664
DEBIT,4,4,86.02999878,245.8099976,Shipping on time,0,Sporting Goods,Norfolk,EE. UU.,Fitness,Pacific Asia,Chongqing,China,Eastern Asia,Chongqing,1/11/2018 5:48,1/15/2018 5:48,Standard Class,327.75,1,86.02999878
DEBIT,3,4,95.05000305,327.75,Advance shipping,0,Sporting Goods,Gardena,EE. UU.,Fitness,Pacific Asia,Perth,Australia,Oceania,Australia Occidental,1/11/2018 5:27,1/14/2018 5:27,Standard Class,327.75,1,95.05000305
PAYMENT,2,4,35.68999863,324.4700012,Advance shipping,0,Sporting Goods,Caguas,Puerto Rico,Fitness,Pacific Asia,Perth,Australia,Oceania,Australia Occidental,1/11/2018 5:06,1/13/2018 5:06,Standard Class,327.75,1,35.68999863
TRANSFER,6,4,160.6000061,321.2000122,Shipping canceled,0,Sporting Goods,Honolulu,EE. UU.,Fitness,Pacific Asia,Perth,Australia,Oceania,Australia Occidental,1/11/2018 4:45,1/17/2018 4:45,Standard Class,327.75,1,160.6000061
DEBIT,5,2,115.4000015,317.9200134,Late delivery,1,Sporting Goods,Caguas,Puerto Rico,Fitness,Pacific Asia,Perth,Australia,Oceania,Australia Occidental,1/11/2018 4:24,1/16/2018 4:24,Second Class,327.75,1,115.4000015
DEBIT,4,2,138.4400024,314.6400146,Late delivery,1,Sporting Goods,Newark,EE. UU.,Fitness,Pacific Asia,Zhaoqing,China,Eastern Asia,Guangdong,1/11/2018 4:03,1/15/2018 4:03,Second Class,327.75,1,138.4400024
DEBIT,3,2,41.40999985,311.3599854,Late delivery,1,Sporting Goods,Forest Hills,EE. UU.,Fitness,Pacific Asia,Caloocan,Filipinas,Southeast Asia,Capital Nacional,1/11/2018 3:42,1/14/2018 3:42,Second Class,327.75,1,41.40999985
DEBIT,2,1,-38.72000122,309.7200012,Late delivery,1,Sporting Goods,Caguas,Puerto Rico,Fitness,Pacific Asia,Tegal,Indonesia,Southeast Asia,Java Central,1/11/2018 3:21,1/13/2018 3:21,First Class,327.75,1,-38.72000122
DEBIT,2,1,95.40000153,304.8099976,Late delivery,1,Sporting Goods,Ontario,EE. UU.,Fitness,Pacific Asia,Suzhou,China,Eastern Asia,Gansu,1/11/2018 3:00,1/13/2018 3:00,First Class,327.75,1,95.40000153
DEBIT,2,1,70.98000336,298.25,Late delivery,1,Sporting Goods,Caguas,Puerto Rico,Fitness,Pacific Asia,Chongqing,China,Eastern Asia,Chongqing,1/11/2018 2:39,1/13/2018 2:39,First Class,327.75,1,70.98000336
CASH,2,1,-486.7099915,294.980011,Late delivery,1,Sporting Goods,Webster,EE. UU.,Fitness,Pacific Asia,Medan,Indonesia,Southeast Asia,Sumatra Septentrional,1/11/2018 2:18,1/13/2018 2:18,First Class,327.75,1,-486.7099915
PAYMENT,2,1,61.43000031,288.4200134,Late delivery,1,Sporting Goods,New York,EE. UU.,Fitness,Pacific Asia,Adelaide,Australia,Oceania,Australia del Sur,1/11/2018 1:57,1/13/2018 1:57,First Class,327.75,1,61.43000031
TRANSFER,0,0,96.94999695,285.1400146,Shipping on time,0,Sporting Goods,Brownsville,EE. UU.,Fitness,Pacific Asia,Manila,Filipinas,Southeast Asia,Capital Nacional,1/11/2018 1:36,1/11/2018 13:36,Same Day,327.75,1,96.94999695
TRANSFER,6,4,78.0,278.5899963,Late delivery,1,Sporting Goods,Caguas,Puerto Rico,Fitness,Pacific Asia,Toowoomba,Australia,Oceania,Queensland,1/11/2018 1:15,1/17/2018 1:15,Standard Class,327.75,1,78.0
DEBIT,5,4,24.22999954,275.3099976,Late delivery,1,Sporting Goods,Dearborn,EE. UU.,Fitness,Pacific Asia,Toowoomba,Australia,Oceania,Queensland,1/11/2018 0:54,1/16/2018 0:54,Standard Class,327.75,1,24.22999954
DEBIT,4,4,30.73999977,272.0299988,Shipping on time,0,Sporting Goods,Corona,EE. UU.,Fitness,Pacific Asia,Bihar Sharif,India,South Asia,Bihar,1/11/2018 0:33,1/15/2018 0:33,Standard Class,327.75,1,30.73999977
TRANSFER,3,4,45.68999863,268.7600098,Advance shipping,0,Sporting Goods,Caguas,Puerto Rico,Fitness,Pacific Asia,Pune,India,South Asia,Maharashtra,1/11/2018 0:12,1/14/2018 0:12,Standard Class,327.75,1,45.68999863
PAYMENT,2,4,88.62000275,262.2000122,Advance shipping,0,Sporting Goods,New York,EE. UU.,Fitness,Pacific Asia,Semarang,Indonesia,Southeast Asia,Java Central,1/10/2018 23:51,1/12/2018 23:51,Standard Class,327.75,1,88.62000275
DEBIT,6,4,49.15999985,245.8099976,Late delivery,1,Sporting Goods,Carrollton,EE. UU.,Fitness,Pacific Asia,Semarang,Indonesia,Southeast Asia,Java Central,1/10/2018 23:30,1/16/2018 23:30,Standard Class,327.75,1,49.15999985
DEBIT,5,2,118.9700012,327.75,Late delivery,1,Sporting Goods,Bakersfield,EE. UU.,Fitness,Pacific Asia,Taixing,China,Eastern Asia,Jiangsu,1/10/2018 23:09,1/15/2018 23:09,Second Class,327.75,1,118.9700012
CASH,4,2,113.5699997,324.4700012,Late delivery,1,Sporting Goods,Caguas,Puerto Rico,Fitness,Pacific Asia,Taixing,China,Eastern Asia,Jiangsu,1/10/2018 22:48,1/14/2018 22:48,Second Class,327.75,1,113.5699997
DEBIT,3,2,8.029999733,321.2000122,Late delivery,1,Sporting Goods,Compton,EE. UU.,Fitness,Pacific Asia,Sydney,Australia,Oceania,Nueva Gales del Sur,1/10/2018 22:27,1/13/2018 22:27,Second Class,327.75,1,8.029999733
PAYMENT,2,2,146.2400055,317.9200134,Shipping on time,0,Sporting Goods,Simi Valley,EE. UU.,Fitness,Pacific Asia,Canberra,Australia,Oceania,Territorio de la Capital Australiana,1/10/2018 22:06,1/12/2018 22:06,Second Class,327.75,1,146.2400055
DEBIT,6,2,-7.869999886,314.6400146,Late delivery,1,Sporting Goods,Caguas,Puerto Rico,Fitness,Pacific Asia,Mackay,Australia,Oceania,Queensland,1/10/2018 21:45,1/16/2018 21:45,Second Class,327.75,1,-7.869999886
DEBIT,2,1,108.9800034,311.3599854,Late delivery,1,Sporting Goods,Lancaster,EE. UU.,Fitness,Pacific Asia,Mackay,Australia,Oceania,Queensland,1/10/2018 21:24,1/12/2018 21:24,First Class,327.75,1,108.9800034
DEBIT,4,2,58.84999847,309.7200012,Late delivery,1,Sporting Goods,Garland,EE. UU.,Fitness,Pacific Asia,Mackay,Australia,Oceania,Queensland,1/10/2018 21:03,1/14/2018 21:03,Second Class,327.75,1,58.84999847
PAYMENT,3,4,-502.9299927,304.8099976,Advance shipping,0,Sporting Goods,Arecibo,Puerto Rico,Fitness,Pacific Asia,Mackay,Australia,Oceania,Queensland,1/10/2018 20:42,1/13/2018 20:42,Standard Class,327.75,1,-502.9299927
DEBIT,2,4,29.82999992,298.25,Advance shipping,0,Sporting Goods,Caguas,Puerto Rico,Fitness,Pacific Asia,Mackay,Australia,Oceania,Queensland,1/10/2018 20:21,1/12/2018 20:21,Standard Class,327.75,1,29.82999992
PAYMENT,6,4,-796.4299927,294.980011,Late delivery,1,Sporting Goods,Opelousas,EE. UU.,Fitness,Pacific Asia,Mackay,Australia,Oceania,Queensland,1/10/2018 20:00,1/16/2018 20:00,Standard Class,327.75,1,-796.4299927
DEBIT,5,2,-211.4100037,288.4200134,Late delivery,1,Sporting Goods,Caguas,Puerto Rico,Fitness,Pacific Asia,Mackay,Australia,Oceania,Queensland,1/10/2018 19:39,1/15/2018 19:39,Second Class,327.75,1,-211.4100037
TRANSFER,4,2,-49.90000153,285.1400146,Late delivery,1,Sporting Goods,Riverside,EE. UU.,Fitness,Pacific Asia,Adelaide,Australia,Oceania,Australia del Sur,1/10/2018 19:17,1/14/2018 19:17,Second Class,327.75,1,-49.90000153
TRANSFER,3,4,73.26999664,278.5899963,Advance shipping,0,Sporting Goods,Waipahu,EE. UU.,Fitness,Pacific Asia,Adelaide,Australia,Oceania,Australia del Sur,1/10/2018 18:56,1/13/2018 18:56,Standard Class,327.75,1,73.26999664
PAYMENT,2,4,-61.93999863,275.3099976,Advance shipping,0,Sporting Goods,Caguas,Puerto Rico,Fitness,Pacific Asia,Rangún,Myanmar (Birmania),Southeast Asia,Rangún,1/10/2018 18:35,1/12/2018 18:35,Standard Class,327.75,1,-61.93999863
CASH,6,4,95.20999908,272.0299988,Late delivery,1,Sporting Goods,Tucson,EE. UU.,Fitness,Pacific Asia,Caloundra,Australia,Oceania,Queensland,1/10/2018 18:14,1/16/2018 18:14,Standard Class,327.75,1,95.20999908
TRANSFER,5,4,53.75,268.7600098,Shipping canceled,0,Sporting Goods,Los Angeles,EE. UU.,Fitness,Pacific Asia,Newcastle,Australia,Oceania,Nueva Gales del Sur,1/10/2018 17:53,1/15/2018 17:53,Standard Class,327.75,1,53.75
TRANSFER,4,2,16.52000046,262.2000122,Late delivery,1,Sporting Goods,Carmichael,EE. UU.,Fitness,Pacific Asia,Gold Coast,Australia,Oceania,Queensland,1/10/2018 17:32,1/14/2018 17:32,Second Class,327.75,1,16.52000046
PAYMENT,1,0,15.23999977,245.8099976,Late delivery,1,Sporting Goods,Caguas,Puerto Rico,Fitness,Pacific Asia,Delhi,India,South Asia,Delhi,1/10/2018 17:11,1/11/2018 5:11,Same Day,327.75,1,15.23999977
DEBIT,2,4,150.7700043,327.75,Advance shipping,0,Sporting Goods,Tustin,EE. UU.,Fitness,Pacific Asia,Manado,Indonesia,Southeast Asia,Célebes Septentrional,1/10/2018 16:50,1/12/2018 16:50,Standard Class,327.75,1,150.7700043
CASH,6,4,121.6800003,324.4700012,Late delivery,1,Sporting Goods,Caguas,Puerto Rico,Fitness,Pacific Asia,Jiangyan,China,Eastern Asia,Jiangsu,1/10/2018 16:29,1/16/2018 16:29,Standard Class,327.75,1,121.6800003
TRANSFER,5,4,-80.30000305,321.2000122,Late delivery,1,Sporting Goods,Loveland,EE. UU.,Fitness,Pacific Asia,Jiangyan,China,Eastern Asia,Jiangsu,1/10/2018 16:08,1/15/2018 16:08,Standard Class,327.75,1,-80.30000305
PAYMENT,4,4,-63.58000183,317.9200134,Shipping on time,0,Sporting Goods,Miami,EE. UU.,Fitness,Pacific Asia,Jiangyan,China,Eastern Asia,Jiangsu,1/10/2018 15:47,1/14/2018 15:47,Standard Class,327.75,1,-63.58000183
TRANSFER,3,4,110.1200027,314.6400146,Shipping canceled,0,Sporting Goods,Anaheim,EE. UU.,Fitness,Pacific Asia,Jiangyan,China,Eastern Asia,Jiangsu,1/10/2018 15:26,1/13/2018 15:26,Standard Class,327.75,1,110.1200027
PAYMENT,2,4,121.4300003,311.3599854,Advance shipping,0,Sporting Goods,Chicago,EE. UU.,Fitness,Pacific Asia,Sydney,Australia,Oceania,Nueva Gales del Sur,1/10/2018 15:05,1/12/2018 15:05,Standard Class,327.75,1,121.4300003
TRANSFER,6,4,99.11000061,309.7200012,Late delivery,1,Sporting Goods,Caguas,Puerto Rico,Fitness,Pacific Asia,Sydney,Australia,Oceania,Nueva Gales del Sur,1/10/2018 14:44,1/16/2018 14:44,Standard Class,327.75,1,99.11000061
DEBIT,5,4,-91.44000244,304.8099976,Late delivery,1,Sporting Goods,Detroit,EE. UU.,Fitness,Pacific Asia,Melbourne,Australia,Oceania,Victoria,1/10/2018 14:23,1/15/2018 14:23,Standard Class,327.75,1,-91.44000244
PAYMENT,4,4,83.51000214,298.25,Shipping on time,0,Sporting Goods,Canton,EE. UU.,Fitness,Pacific Asia,Mardan,Pakistán,South Asia,Jaiber Pajtunjuá,1/10/2018 14:02,1/14/2018 14:02,Standard Class,327.75,1,83.51000214
TRANSFER,3,4,103.2399979,294.980011,Advance shipping,0,Sporting Goods,Stafford,EE. UU.,Fitness,Pacific Asia,Mardan,Pakistán,South Asia,Jaiber Pajtunjuá,1/10/2018 13:41,1/13/2018 13:41,Standard Class,327.75,1,103.2399979
DEBIT,2,4,138.4400024,288.4200134,Advance shipping,0,Sporting Goods,Caguas,Puerto Rico,Fitness,Pacific Asia,Newcastle,Australia,Oceania,Nueva Gales del Sur,1/10/2018 13:20,1/12/2018 13:20,Standard Class,327.75,1,138.4400024
CASH,6,4,139.7200012,285.1400146,Late delivery,1,Sporting Goods,San Diego,EE. UU.,Fitness,Pacific Asia,Newcastle,Australia,Oceania,Nueva Gales del Sur,1/10/2018 12:59,1/16/2018 12:59,Standard Class,327.75,1,139.7200012
DEBIT,5,2,108.6500015,278.5899963,Late delivery,1,Sporting Goods,Caguas,Puerto Rico,Fitness,Pacific Asia,Xinzhou,China,Eastern Asia,Shanxi,1/10/2018 12:38,1/15/2018 12:38,Second Class,327.75,1,108.6500015
DEBIT,4,2,89.48000336,275.3099976,Late delivery,1,Sporting Goods,Bronx,EE. UU.,Fitness,Pacific Asia,Nanchong,China,Eastern Asia,Sichuan,1/10/2018 12:17,1/14/2018 12:17,Second Class,327.75,1,89.48000336
TRANSFER,3,4,-199.3999939,272.0299988,Advance shipping,0,Sporting Goods,Caguas,Puerto Rico,Fitness,Pacific Asia,Nom Pen,Camboya,Southeast Asia,Nom Pen,1/10/2018 11:56,1/13/2018 11:56,Standard Class,327.75,1,-199.3999939
PAYMENT,2,4,-102.9300003,268.7600098,Advance shipping,0,Sporting Goods,South Richmond Hill,EE. UU.,Fitness,Pacific Asia,Bandung,Indonesia,Southeast Asia,Java Occidental,1/10/2018 11:35,1/12/2018 11:35,Standard Class,327.75,1,-102.9300003
PAYMENT,6,2,-117.9899979,262.2000122,Late delivery,1,Sporting Goods,Caguas,Puerto Rico,Fitness,Pacific Asia,Bandung,Indonesia,Southeast Asia,Java Occidental,1/10/2018 11:14,1/16/2018 11:14,Second Class,327.75,1,-117.9899979
TRANSFER,5,2,89.23000336,245.8099976,Shipping canceled,0,Sporting Goods,Middletown,EE. UU.,Fitness,Pacific Asia,Bandung,Indonesia,Southeast Asia,Java Occidental,1/10/2018 10:53,1/15/2018 10:53,Second Class,327.75,1,89.23000336
PAYMENT,2,4,157.3200073,327.75,Advance shipping,0,Sporting Goods,Gilroy,EE. UU.,Fitness,Pacific Asia,Patna,India,South Asia,Bihar,12/4/2017 20:13,12/6/2017 20:13,Standard Class,327.75,1,157.3200073
TRANSFER,6,4,94.09999847,324.4700012,Late delivery,1,Sporting Goods,Caguas,Puerto Rico,Fitness,Pacific Asia,Patna,India,South Asia,Bihar,12/4/2017 19:52,12/10/2017 19:52,Standard Class,327.75,1,94.09999847
DEBIT,5,4,93.15000153,321.2000122,Late delivery,1,Sporting Goods,Azusa,EE. UU.,Fitness,Pacific Asia,Patna,India,South Asia,Bihar,12/4/2017 19:31,12/9/2017 19:31,Standard Class,327.75,1,93.15000153
TRANSFER,4,4,15.89999962,317.9200134,Shipping on time,0,Sporting Goods,Caguas,Puerto Rico,Fitness,Pacific Asia,Patna,India,South Asia,Bihar,12/4/2017 19:10,12/8/2017 19:10,Standard Class,327.75,1,15.89999962
PAYMENT,3,4,0.0,314.6400146,Advance shipping,0,Sporting Goods,Lenoir,EE. UU.,Fitness,Pacific Asia,Patna,India,South Asia,Bihar,12/4/2017 18:49,12/7/2017 18:49,Standard Class,327.75,1,0.0
TRANSFER,2,4,89.66999817,311.3599854,Advance shipping,0,Sporting Goods,Columbus,EE. UU.,Fitness,Pacific Asia,Patna,India,South Asia,Bihar,12/4/2017 18:28,12/6/2017 18:28,Standard Class,327.75,1,89.66999817
PAYMENT,6,4,104.6900024,309.7200012,Late delivery,1,Sporting Goods,Albany,EE. UU.,Fitness,Pacific Asia,Patna,India,South Asia,Bihar,12/4/2017 18:07,12/10/2017 18:07,Standard Class,327.75,1,104.6900024
TRANSFER,5,4,69.80000305,304.8099976,Late delivery,1,Sporting Goods,Humacao,Puerto Rico,Fitness,Pacific Asia,Patna,India,South Asia,Bihar,12/4/2017 17:46,12/9/2017 17:46,Standard Class,327.75,1,69.80000305
DEBIT,4,2,63.52999878,298.25,Late delivery,1,Sporting Goods,Caguas,Puerto Rico,Fitness,Pacific Asia,Sydney,Australia,Oceania,Nueva Gales del Sur,12/4/2017 17:25,12/8/2017 17:25,Second Class,327.75,1,63.52999878
TRANSFER,3,4,70.19999695,294.980011,Advance shipping,0,Sporting Goods,Lindenhurst,EE. UU.,Fitness,Pacific Asia,Faridabad,India,South Asia,Haryana,12/4/2017 17:04,12/7/2017 17:04,Standard Class,327.75,1,70.19999695
DEBIT,2,4,-187.4700012,288.4200134,Advance shipping,0,Sporting Goods,Elyria,EE. UU.,Fitness,Pacific Asia,Faridabad,India,South Asia,Haryana,12/4/2017 16:43,12/6/2017 16:43,Standard Class,327.75,1,-187.4700012
TRANSFER,6,4,21.38999939,285.1400146,Late delivery,1,Sporting Goods,Caguas,Puerto Rico,Fitness,Pacific Asia,Bangkok,Tailandia,Southeast Asia,Bangkok,12/4/2017 16:22,12/10/2017 16:22,Standard Class,327.75,1,21.38999939
DEBIT,5,4,103.0800018,278.5899963,Late delivery,1,Sporting Goods,Riverside,EE. UU.,Fitness,Pacific Asia,Adelaide,Australia,Oceania,Australia del Sur,12/4/2017 16:01,12/9/2017 16:01,Standard Class,327.75,1,103.0800018
PAYMENT,4,4,27.53000069,275.3099976,Shipping on time,0,Sporting Goods,Caguas,Puerto Rico,Fitness,Pacific Asia,Adelaide,Australia,Oceania,Australia del Sur,12/4/2017 15:40,12/8/2017 15:40,Standard Class,327.75,1,27.53000069
PAYMENT,3,4,59.84999847,272.0299988,Advance shipping,0,Sporting Goods,Carson,EE. UU.,Fitness,Pacific Asia,Adelaide,Australia,Oceania,Australia del Sur,12/4/2017 15:19,12/7/2017 15:19,Standard Class,327.75,1,59.84999847
DEBIT,2,1,30.37000084,268.7600098,Late delivery,1,Sporting Goods,Mesa,EE. UU.,Fitness,Pacific Asia,Lahore,Pakistán,South Asia,Punyab,12/4/2017 14:58,12/6/2017 14:58,First Class,327.75,1,30.37000084
CASH,2,1,78.66000366,262.2000122,Late delivery,1,Sporting Goods,Caguas,Puerto Rico,Fitness,Pacific Asia,Yakarta,Indonesia,Southeast Asia,Yakarta,12/4/2017 14:37,12/6/2017 14:37,First Class,327.75,1,78.66000366
DEBIT,2,1,18.44000053,245.8099976,Late delivery,1,Sporting Goods,Honolulu,EE. UU.,Fitness,Pacific Asia,Yakarta,Indonesia,Southeast Asia,Yakarta,12/4/2017 14:16,12/6/2017 14:16,First Class,327.75,1,18.44000053
DEBIT,2,1,65.55000305,327.75,Late delivery,1,Sporting Goods,Caguas,Puerto Rico,Fitness,Pacific Asia,Yakarta,Indonesia,Southeast Asia,Yakarta,12/4/2017 13:55,12/6/2017 13:55,First Class,327.75,1,65.55000305
CASH,3,4,109.6699982,324.4700012,Advance shipping,0,Sporting Goods,Tampa,EE. UU.,Fitness,Pacific Asia,Yakarta,Indonesia,Southeast Asia,Yakarta,12/4/2017 13:34,12/7/2017 13:34,Standard Class,327.75,1,109.6699982
DEBIT,2,4,144.5399933,321.2000122,Advance shipping,0,Sporting Goods,San Benito,EE. UU.,Fitness,Pacific Asia,Semarang,Indonesia,Southeast Asia,Java Central,12/4/2017 13:13,12/6/2017 13:13,Standard Class,327.75,1,144.5399933
DEBIT,6,4,-63.58000183,317.9200134,Late delivery,1,Sporting Goods,Caguas,Puerto Rico,Fitness,Pacific Asia,Semarang,Indonesia,Southeast Asia,Java Central,12/4/2017 12:52,12/10/2017 12:52,Standard Class,327.75,1,-63.58000183
TRANSFER,5,4,151.0299988,314.6400146,Late delivery,1,Sporting Goods,Indianapolis,EE. UU.,Fitness,Pacific Asia,Ulan Bator,Mongolia,Eastern Asia,Ulán Bator,12/4/2017 12:31,12/9/2017 12:31,Standard Class,327.75,1,151.0299988
TRANSFER,4,4,108.9800034,311.3599854,Shipping on time,0,Sporting Goods,Caguas,Puerto Rico,Fitness,Pacific Asia,Maryborough,Australia,Oceania,Queensland,12/4/2017 12:10,12/8/2017 12:10,Standard Class,327.75,1,108.9800034
PAYMENT,3,4,-7.739999771,309.7200012,Advance shipping,0,Sporting Goods,Enfield,EE. UU.,Fitness,Pacific Asia,Pekín,China,Eastern Asia,Pekín,12/4/2017 11:49,12/7/2017 11:49,Standard Class,327.75,1,-7.739999771
DEBIT,2,2,83.8199997,304.8099976,Shipping on time,0,Sporting Goods,Caguas,Puerto Rico,Fitness,Pacific Asia,Thane,India,South Asia,Maharashtra,12/4/2017 11:28,12/6/2017 11:28,Second Class,327.75,1,83.8199997
PAYMENT,6,4,63.52999878,298.25,Late delivery,1,Sporting Goods,Los Angeles,EE. UU.,Fitness,Pacific Asia,Thane,India,South Asia,Maharashtra,12/4/2017 11:07,12/10/2017 11:07,Standard Class,327.75,1,63.52999878
DEBIT,5,2,67.83999634,294.980011,Late delivery,1,Sporting Goods,Caguas,Puerto Rico,Fitness,Pacific Asia,Sydney,Australia,Oceania,Nueva Gales del Sur,12/4/2017 10:46,12/9/2017 10:46,Second Class,327.75,1,67.83999634
PAYMENT,2,1,36.04999924,288.4200134,Late delivery,1,Sporting Goods,Modesto,EE. UU.,Fitness,Pacific Asia,Rangún,Myanmar (Birmania),Southeast Asia,Rangún,12/4/2017 10:25,12/6/2017 10:25,First Class,327.75,1,36.04999924
DEBIT,3,4,125.4599991,285.1400146,Advance shipping,0,Sporting Goods,Caguas,Puerto Rico,Fitness,Pacific Asia,Rangún,Myanmar (Birmania),Southeast Asia,Rangún,12/4/2017 10:04,12/7/2017 10:04,Standard Class,327.75,1,125.4599991
CASH,2,2,136.5099945,278.5899963,Shipping on time,0,Sporting Goods,Irvington,EE. UU.,Fitness,Pacific Asia,Rangún,Myanmar (Birmania),Southeast Asia,Rangún,12/4/2017 9:43,12/6/2017 9:43,Second Class,327.75,1,136.5099945
DEBIT,6,2,-27.53000069,275.3099976,Late delivery,1,Sporting Goods,Caguas,Puerto Rico,Fitness,Pacific Asia,Rangún,Myanmar (Birmania),Southeast Asia,Rangún,12/4/2017 9:22,12/10/2017 9:22,Second Class,327.75,1,-27.53000069
TRANSFER,5,2,51.13999939,272.0299988,Late delivery,1,Sporting Goods,Norfolk,EE. UU.,Fitness,Pacific Asia,Rangún,Myanmar (Birmania),Southeast Asia,Rangún,12/4/2017 9:00,12/9/2017 9:00,Second Class,327.75,1,51.13999939
CASH,2,1,23.64999962,268.7600098,Late delivery,1,Sporting Goods,Gardena,EE. UU.,Fitness,Pacific Asia,Rangún,Myanmar (Birmania),Southeast Asia,Rangún,12/4/2017 8:39,12/6/2017 8:39,First Class,327.75,1,23.64999962
DEBIT,3,4,95.18000031,262.2000122,Advance shipping,0,Sporting Goods,Caguas,Puerto Rico,Fitness,Pacific Asia,Yakarta,Indonesia,Southeast Asia,Yakarta,12/4/2017 8:18,12/7/2017 8:18,Standard Class,327.75,1,95.18000031
TRANSFER,2,4,120.4499969,245.8099976,Shipping canceled,0,Sporting Goods,Honolulu,EE. UU.,Fitness,Pacific Asia,Yakarta,Indonesia,Southeast Asia,Yakarta,12/4/2017 7:57,12/6/2017 7:57,Standard Class,327.75,1,120.4499969
TRANSFER,6,4,13.10999966,327.75,Late delivery,1,Sporting Goods,Caguas,Puerto Rico,Fitness,Pacific Asia,Huangshan,China,Eastern Asia,Anhui,12/4/2017 7:36,12/10/2017 7:36,Standard Class,327.75,1,13.10999966
DEBIT,5,4,152.5,324.4700012,Late delivery,1,Sporting Goods,Newark,EE. UU.,Fitness,Pacific Asia,Rangún,Myanmar (Birmania),Southeast Asia,Rangún,12/4/2017 7:15,12/9/2017 7:15,Standard Class,327.75,1,152.5
PAYMENT,4,4,40.15000153,321.2000122,Shipping on time,0,Sporting Goods,Forest Hills,EE. UU.,Fitness,Pacific Asia,Rangún,Myanmar (Birmania),Southeast Asia,Rangún,12/4/2017 6:54,12/8/2017 6:54,Standard Class,327.75,1,40.15000153
DEBIT,0,0,27.97999954,317.9200134,Shipping on time,0,Sporting Goods,Caguas,Puerto Rico,Fitness,Pacific Asia,Seúl,Corea del Sur,Eastern Asia,Seúl,12/4/2017 6:33,12/4/2017 18:33,Same Day,327.75,1,27.97999954
CASH,2,4,31.45999908,314.6400146,Advance shipping,0,Sporting Goods,Ontario,EE. UU.,Fitness,Pacific Asia,Valenzuela,Filipinas,Southeast Asia,Capital Nacional,12/4/2017 6:12,12/6/2017 6:12,Standard Class,327.75,1,31.45999908
DEBIT,6,4,101.1900024,311.3599854,Late delivery,1,Sporting Goods,Caguas,Puerto Rico,Fitness,Pacific Asia,Valenzuela,Filipinas,Southeast Asia,Capital Nacional,12/4/2017 5:51,12/10/2017 5:51,Standard Class,327.75,1,101.1900024
TRANSFER,5,4,104.6900024,309.7200012,Late delivery,1,Sporting Goods,Webster,EE. UU.,Fitness,Pacific Asia,Valenzuela,Filipinas,Southeast Asia,Capital Nacional,12/4/2017 5:30,12/9/2017 5:30,Standard Class,327.75,1,104.6900024
DEBIT,4,4,53.34000015,304.8099976,Shipping on time,0,Sporting Goods,New York,EE. UU.,Fitness,Pacific Asia,Hubli,India,South Asia,Karnataka,12/4/2017 5:09,12/8/2017 5:09,Standard Class,327.75,1,53.34000015
CASH,3,4,-67.11000061,298.25,Advance shipping,0,Sporting Goods,Brownsville,EE. UU.,Fitness,Pacific Asia,Hubli,India,South Asia,Karnataka,12/4/2017 4:48,12/7/2017 4:48,Standard Class,327.75,1,-67.11000061
PAYMENT,2,4,25.95999908,294.980011,Advance shipping,0,Sporting Goods,Caguas,Puerto Rico,Fitness,Pacific Asia,Kwinana,Australia,Oceania,Australia Occidental,12/4/2017 4:27,12/6/2017 4:27,Standard Class,327.75,1,25.95999908
TRANSFER,6,4,43.25999832,288.4200134,Late delivery,1,Sporting Goods,Dearborn,EE. UU.,Fitness,Pacific Asia,Kwinana,Australia,Oceania,Australia Occidental,12/4/2017 4:06,12/10/2017 4:06,Standard Class,327.75,1,43.25999832
TRANSFER,5,4,99.80000305,285.1400146,Shipping canceled,0,Sporting Goods,Corona,EE. UU.,Fitness,Pacific Asia,Kwinana,Australia,Oceania,Australia Occidental,12/4/2017 3:45,12/9/2017 3:45,Standard Class,327.75,1,99.80000305
DEBIT,4,4,-24.52000046,278.5899963,Shipping on time,0,Sporting Goods,Caguas,Puerto Rico,Fitness,Pacific Asia,Madurai,India,South Asia,Tamil Nadu,12/4/2017 3:24,12/8/2017 3:24,Standard Class,327.75,1,-24.52000046
CASH,3,4,31.11000061,275.3099976,Advance shipping,0,Sporting Goods,New York,EE. UU.,Fitness,Pacific Asia,Qingdao,China,Eastern Asia,Shandong,12/4/2017 3:03,12/7/2017 3:03,Standard Class,327.75,1,31.11000061
DEBIT,2,4,-129.2200012,272.0299988,Advance shipping,0,Sporting Goods,Carrollton,EE. UU.,Fitness,Pacific Asia,Yakarta,Indonesia,Southeast Asia,Yakarta,12/4/2017 2:42,12/6/2017 2:42,Standard Class,327.75,1,-129.2200012
PAYMENT,2,1,33.59000015,268.7600098,Late delivery,1,Sporting Goods,Bakersfield,EE. UU.,Fitness,Pacific Asia,Surabaya,Indonesia,Southeast Asia,Java Oriental,12/4/2017 2:21,12/6/2017 2:21,First Class,327.75,1,33.59000015
PAYMENT,2,1,88.62000275,262.2000122,Late delivery,1,Sporting Goods,Caguas,Puerto Rico,Fitness,Pacific Asia,Manila,Filipinas,Southeast Asia,Capital Nacional,12/4/2017 2:00,12/6/2017 2:00,First Class,327.75,1,88.62000275
TRANSFER,2,1,105.6999969,245.8099976,Shipping canceled,0,Sporting Goods,Compton,EE. UU.,Fitness,Pacific Asia,Manila,Filipinas,Southeast Asia,Capital Nacional,12/4/2017 1:39,12/6/2017 1:39,First Class,327.75,1,105.6999969
DEBIT,3,4,85.22000122,327.75,Advance shipping,0,Sporting Goods,Simi Valley,EE. UU.,Fitness,Pacific Asia,Manila,Filipinas,Southeast Asia,Capital Nacional,12/4/2017 1:18,12/7/2017 1:18,Standard Class,327.75,1,85.22000122
CASH,2,4,158.9900055,324.4700012,Advance shipping,0,Sporting Goods,Caguas,Puerto Rico,Fitness,Pacific Asia,Manila,Filipinas,Southeast Asia,Capital Nacional,12/4/2017 0:57,12/6/2017 0:57,Standard Class,327.75,1,158.9900055
TRANSFER,6,4,22.47999954,321.2000122,Late delivery,1,Sporting Goods,Lancaster,EE. UU.,Fitness,Pacific Asia,Manila,Filipinas,Southeast Asia,Capital Nacional,12/4/2017 0:36,12/10/2017 0:36,Standard Class,327.75,1,22.47999954
DEBIT,5,4,50.86999893,317.9200134,Late delivery,1,Sporting Goods,Garland,EE. UU.,Fitness,Pacific Asia,Adelaide,Australia,Oceania,Australia del Sur,12/4/2017 0:15,12/9/2017 0:15,Standard Class,327.75,1,50.86999893
CASH,2,1,84.94999695,314.6400146,Late delivery,1,Sporting Goods,Arecibo,Puerto Rico,Fitness,Pacific Asia,Adelaide,Australia,Oceania,Australia del Sur,12/3/2017 23:54,12/5/2017 23:54,First Class,327.75,1,84.94999695
DEBIT,2,1,77.83999634,311.3599854,Late delivery,1,Sporting Goods,Caguas,Puerto Rico,Fitness,Pacific Asia,Adelaide,Australia,Oceania,Australia del Sur,12/3/2017 23:33,12/5/2017 23:33,First Class,327.75,1,77.83999634
TRANSFER,2,4,145.5700073,309.7200012,Advance shipping,0,Sporting Goods,Opelousas,EE. UU.,Fitness,Pacific Asia,Adelaide,Australia,Oceania,Australia del Sur,12/3/2017 23:12,12/5/2017 23:12,Standard Class,327.75,1,145.5700073
CASH,6,4,128.0200043,304.8099976,Late delivery,1,Sporting Goods,Caguas,Puerto Rico,Fitness,Pacific Asia,Wenzhou,China,Eastern Asia,Zhejiang,12/3/2017 22:51,12/9/2017 22:51,Standard Class,327.75,1,128.0200043
DEBIT,5,4,108.2699966,298.25,Late delivery,1,Sporting Goods,Riverside,EE. UU.,Fitness,Pacific Asia,Wenzhou,China,Eastern Asia,Zhejiang,12/3/2017 22:30,12/8/2017 22:30,Standard Class,327.75,1,108.2699966
DEBIT,4,4,103.2399979,294.980011,Shipping on time,0,Sporting Goods,Waipahu,EE. UU.,Fitness,Pacific Asia,Yakarta,Indonesia,Southeast Asia,Yakarta,12/3/2017 22:09,12/7/2017 22:09,Standard Class,327.75,1,103.2399979
TRANSFER,3,4,25.37999916,288.4200134,Advance shipping,0,Sporting Goods,Caguas,Puerto Rico,Fitness,Pacific Asia,Ho Chi Minh City,Vietnam,Southeast Asia,Ciudad Ho Chi Minh,12/3/2017 21:48,12/6/2017 21:48,Standard Class,327.75,1,25.37999916
TRANSFER,2,1,122.6100006,285.1400146,Late delivery,1,Sporting Goods,Tucson,EE. UU.,Fitness,Pacific Asia,Ho Chi Minh City,Vietnam,Southeast Asia,Ciudad Ho Chi Minh,12/3/2017 21:27,12/5/2017 21:27,First Class,327.75,1,122.6100006
DEBIT,6,4,-46.52000046,278.5899963,Late delivery,1,Sporting Goods,Los Angeles,EE. UU.,Fitness,Pacific Asia,Ho Chi Minh City,Vietnam,Southeast Asia,Ciudad Ho Chi Minh,12/3/2017 21:06,12/9/2017 21:06,Standard Class,327.75,1,-46.52000046
DEBIT,5,4,-403.8800049,275.3099976,Late delivery,1,Sporting Goods,Carmichael,EE. UU.,Fitness,Pacific Asia,Ho Chi Minh City,Vietnam,Southeast Asia,Ciudad Ho Chi Minh,12/3/2017 20:45,12/8/2017 20:45,Standard Class,327.75,1,-403.8800049
DEBIT,4,4,81.61000061,272.0299988,Shipping on time,0,Sporting Goods,Caguas,Puerto Rico,Fitness,Pacific Asia,Ho Chi Minh City,Vietnam,Southeast Asia,Ciudad Ho Chi Minh,12/3/2017 20:24,12/7/2017 20:24,Standard Class,327.75,1,81.61000061
DEBIT,3,4,70.68000031,268.7600098,Advance shipping,0,Sporting Goods,Tustin,EE. UU.,Fitness,Pacific Asia,Suzhou,China,Eastern Asia,Jiangsu,12/3/2017 20:03,12/6/2017 20:03,Standard Class,327.75,1,70.68000031
TRANSFER,2,4,55.06000137,262.2000122,Advance shipping,0,Sporting Goods,Caguas,Puerto Rico,Fitness,Pacific Asia,Suzhou,China,Eastern Asia,Jiangsu,12/3/2017 19:42,12/5/2017 19:42,Standard Class,327.75,1,55.06000137
CASH,6,4,83.08000183,245.8099976,Late delivery,1,Sporting Goods,Loveland,EE. UU.,Fitness,Pacific Asia,Ho Chi Minh City,Vietnam,Southeast Asia,Ciudad Ho Chi Minh,12/3/2017 19:21,12/9/2017 19:21,Standard Class,327.75,1,83.08000183
PAYMENT,5,4,91.76999664,327.75,Late delivery,1,Sporting Goods,Miami,EE. UU.,Fitness,Pacific Asia,Ho Chi Minh City,Vietnam,Southeast Asia,Ciudad Ho Chi Minh,12/3/2017 19:00,12/8/2017 19:00,Standard Class,327.75,1,91.76999664
DEBIT,4,4,110.3199997,324.4700012,Shipping on time,0,Sporting Goods,Anaheim,EE. UU.,Fitness,Pacific Asia,Chengdu,China,Eastern Asia,Sichuan,12/3/2017 18:39,12/7/2017 18:39,Standard Class,327.75,1,110.3199997
PAYMENT,3,4,102.7799988,321.2000122,Advance shipping,0,Sporting Goods,Chicago,EE. UU.,Fitness,Pacific Asia,Huadian,China,Eastern Asia,Jilin,12/3/2017 18:18,12/6/2017 18:18,Standard Class,327.75,1,102.7799988
TRANSFER,2,2,139.8800049,317.9200134,Shipping on time,0,Sporting Goods,Caguas,Puerto Rico,Fitness,Pacific Asia,Rangún,Myanmar (Birmania),Southeast Asia,Rangún,12/3/2017 17:57,12/5/2017 17:57,Second Class,327.75,1,139.8800049
TRANSFER,2,1,35.54999924,314.6400146,Late delivery,1,Sporting Goods,Detroit,EE. UU.,Fitness,Pacific Asia,Newcastle,Australia,Oceania,Nueva Gales del Sur,12/3/2017 17:36,12/5/2017 17:36,First Class,327.75,1,35.54999924
DEBIT,5,4,149.4499969,311.3599854,Late delivery,1,Sporting Goods,Canton,EE. UU.,Fitness,Pacific Asia,Fatehpur,India,South Asia,Rajastán,12/3/2017 17:15,12/8/2017 17:15,Standard Class,327.75,1,149.4499969
TRANSFER,4,4,116.1500015,309.7200012,Shipping on time,0,Sporting Goods,Stafford,EE. UU.,Fitness,Pacific Asia,Fatehpur,India,South Asia,Rajastán,12/3/2017 16:54,12/7/2017 16:54,Standard Class,327.75,1,116.1500015
DEBIT,3,4,103.0199966,304.8099976,Advance shipping,0,Sporting Goods,Caguas,Puerto Rico,Fitness,Pacific Asia,Yancheng,China,Eastern Asia,Jiangsu,12/3/2017 16:33,12/6/2017 16:33,Standard Class,327.75,1,103.0199966
PAYMENT,2,4,143.1600037,298.25,Advance shipping,0,Sporting Goods,San Diego,EE. UU.,Fitness,Pacific Asia,Yancheng,China,Eastern Asia,Jiangsu,12/3/2017 16:11,12/5/2017 16:11,Standard Class,327.75,1,143.1600037
DEBIT,6,4,11.21000004,294.980011,Late delivery,1,Sporting Goods,Caguas,Puerto Rico,Fitness,Pacific Asia,Yancheng,China,Eastern Asia,Jiangsu,12/3/2017 15:50,12/9/2017 15:50,Standard Class,327.75,1,11.21000004
CASH,5,4,138.4400024,288.4200134,Late delivery,1,Sporting Goods,Bronx,EE. UU.,Fitness,Pacific Asia,Kediri,Indonesia,Southeast Asia,Java Oriental,12/3/2017 15:29,12/8/2017 15:29,Standard Class,327.75,1,138.4400024
DEBIT,4,4,142.5700073,285.1400146,Shipping on time,0,Sporting Goods,Caguas,Puerto Rico,Fitness,Pacific Asia,Coffs Harbour,Australia,Oceania,Nueva Gales del Sur,12/3/2017 15:08,12/7/2017 15:08,Standard Class,327.75,1,142.5700073
TRANSFER,3,4,133.7200012,278.5899963,Shipping canceled,0,Sporting Goods,South Richmond Hill,EE. UU.,Fitness,Pacific Asia,Surakarta,Indonesia,Southeast Asia,Java Central,12/3/2017 14:47,12/6/2017 14:47,Standard Class,327.75,1,133.7200012
PAYMENT,2,4,71.58000183,275.3099976,Advance shipping,0,Sporting Goods,Caguas,Puerto Rico,Fitness,Pacific Asia,Surakarta,Indonesia,Southeast Asia,Java Central,12/3/2017 14:26,12/5/2017 14:26,Standard Class,327.75,1,71.58000183
TRANSFER,6,4,27.20000076,272.0299988,Shipping canceled,0,Sporting Goods,Middletown,EE. UU.,Fitness,Pacific Asia,Singapur,Singapur,Southeast Asia,Singapur,12/3/2017 14:05,12/9/2017 14:05,Standard Class,327.75,1,27.20000076
TRANSFER,2,1,112.8799973,268.7600098,Late delivery,1,Sporting Goods,Caguas,Puerto Rico,Fitness,Pacific Asia,Singapur,Singapur,Southeast Asia,Singapur,12/3/2017 13:44,12/5/2017 13:44,First Class,327.75,1,112.8799973
DEBIT,2,1,28.84000015,262.2000122,Late delivery,1,Sporting Goods,Dallas,EE. UU.,Fitness,Pacific Asia,Shenzhen,China,Eastern Asia,Guangdong,12/3/2017 13:23,12/5/2017 13:23,First Class,327.75,1,28.84000015
TRANSFER,2,1,113.0699997,245.8099976,Shipping canceled,0,Sporting Goods,Caguas,Puerto Rico,Fitness,Pacific Asia,Shenzhen,China,Eastern Asia,Guangdong,12/3/2017 13:02,12/5/2017 13:02,First Class,327.75,1,113.0699997
PAYMENT,2,1,110.7799988,327.75,Late delivery,1,Sporting Goods,Eugene,EE. UU.,Fitness,Pacific Asia,Shenzhen,China,Eastern Asia,Guangdong,12/3/2017 12:41,12/5/2017 12:41,First Class,327.75,1,110.7799988
DEBIT,2,1,87.61000061,324.4700012,Late delivery,1,Sporting Goods,Chino Hills,EE. UU.,Fitness,Pacific Asia,Yakarta,Indonesia,Southeast Asia,Yakarta,12/3/2017 12:20,12/5/2017 12:20,First Class,327.75,1,87.61000061
TRANSFER,2,1,92.5,321.2000122,Late delivery,1,Sporting Goods,Caguas,Puerto Rico,Fitness,Pacific Asia,Yakarta,Indonesia,Southeast Asia,Yakarta,12/3/2017 11:59,12/5/2017 11:59,First Class,327.75,1,92.5
TRANSFER,2,1,82.66000366,317.9200134,Late delivery,1,Sporting Goods,Columbia,EE. UU.,Fitness,Pacific Asia,Yakarta,Indonesia,Southeast Asia,Yakarta,12/3/2017 11:38,12/5/2017 11:38,First Class,327.75,1,82.66000366
DEBIT,2,1,141.5899963,314.6400146,Late delivery,1,Sporting Goods,Glendale,EE. UU.,Fitness,Pacific Asia,Canberra,Australia,Oceania,Territorio de la Capital Australiana,12/3/2017 11:17,12/5/2017 11:17,First Class,327.75,1,141.5899963
DEBIT,2,4,149.4499969,311.3599854,Advance shipping,0,Sporting Goods,Caguas,Puerto Rico,Fitness,Pacific Asia,Bacoor,Filipinas,Southeast Asia,Calabarzón,12/3/2017 10:56,12/5/2017 10:56,Standard Class,327.75,1,149.4499969
DEBIT,6,4,83.62999725,309.7200012,Late delivery,1,Sporting Goods,West Orange,EE. UU.,Fitness,Pacific Asia,Thane,India,South Asia,Maharashtra,12/3/2017 10:35,12/9/2017 10:35,Standard Class,327.75,1,83.62999725
DEBIT,5,4,39.61999893,304.8099976,Late delivery,1,Sporting Goods,Daly City,EE. UU.,Fitness,Pacific Asia,Thane,India,South Asia,Maharashtra,12/3/2017 10:14,12/8/2017 10:14,Standard Class,327.75,1,39.61999893
PAYMENT,4,4,29.82999992,298.25,Shipping on time,0,Sporting Goods,Caguas,Puerto Rico,Fitness,Pacific Asia,Bundaberg,Australia,Oceania,Queensland,12/3/2017 9:53,12/7/2017 9:53,Standard Class,327.75,1,29.82999992
DEBIT,3,4,126.8399963,294.980011,Advance shipping,0,Sporting Goods,Houston,EE. UU.,Fitness,Pacific Asia,Perth,Australia,Oceania,Australia Occidental,12/3/2017 9:32,12/6/2017 9:32,Standard Class,327.75,1,126.8399963
CASH,2,2,141.3300018,288.4200134,Shipping on time,0,Sporting Goods,Caguas,Puerto Rico,Fitness,Pacific Asia,Ipoh,Malasia,Southeast Asia,Perak,12/3/2017 9:11,12/5/2017 9:11,Second Class,327.75,1,141.3300018
DEBIT,6,2,142.5700073,285.1400146,Late delivery,1,Sporting Goods,Strongsville,EE. UU.,Fitness,Pacific Asia,Tongchuan,China,Eastern Asia,Sichuan,12/3/2017 8:50,12/9/2017 8:50,Second Class,327.75,1,142.5700073
PAYMENT,5,4,5.570000172,278.5899963,Late delivery,1,Sporting Goods,Caguas,Puerto Rico,Fitness,Pacific Asia,Goyang,Corea del Sur,Eastern Asia,Gyeonggi,12/3/2017 8:29,12/8/2017 8:29,Standard Class,327.75,1,5.570000172
TRANSFER,4,4,126.6399994,275.3099976,Shipping on time,0,Sporting Goods,Powder Springs,EE. UU.,Fitness,Pacific Asia,Goyang,Corea del Sur,Eastern Asia,Gyeonggi,12/3/2017 8:08,12/7/2017 8:08,Standard Class,327.75,1,126.6399994
DEBIT,3,4,98.75,272.0299988,Advance shipping,0,Sporting Goods,Lilburn,EE. UU.,Fitness,Pacific Asia,Goyang,Corea del Sur,Eastern Asia,Gyeonggi,12/3/2017 7:47,12/6/2017 7:47,Standard Class,327.75,1,98.75
DEBIT,2,4,94.05999756,268.7600098,Advance shipping,0,Sporting Goods,Parkville,EE. UU.,Fitness,Pacific Asia,Singapur,Singapur,Southeast Asia,Singapur,12/3/2017 7:26,12/5/2017 7:26,Standard Class,327.75,1,94.05999756
DEBIT,6,4,-29.62999916,262.2000122,Late delivery,1,Sporting Goods,Caguas,Puerto Rico,Fitness,Pacific Asia,Depok,Indonesia,Southeast Asia,Yogyakarta,12/3/2017 7:05,12/9/2017 7:05,Standard Class,327.75,1,-29.62999916
DEBIT,5,4,83.08000183,245.8099976,Late delivery,1,Sporting Goods,Saint Paul,EE. UU.,Fitness,Pacific Asia,Depok,Indonesia,Southeast Asia,Yogyakarta,12/3/2017 6:44,12/8/2017 6:44,Standard Class,327.75,1,83.08000183
DEBIT,4,4,114.7099991,327.75,Shipping on time,0,Sporting Goods,Caguas,Puerto Rico,Fitness,Pacific Asia,Depok,Indonesia,Southeast Asia,Yogyakarta,12/3/2017 6:23,12/7/2017 6:23,Standard Class,327.75,1,114.7099991
PAYMENT,3,4,36.66999817,324.4700012,Advance shipping,0,Sporting Goods,Lockport,EE. UU.,Fitness,Pacific Asia,Depok,Indonesia,Southeast Asia,Yogyakarta,12/3/2017 6:02,12/6/2017 6:02,Standard Class,327.75,1,36.66999817
DEBIT,2,4,28.27000046,321.2000122,Advance shipping,0,Sporting Goods,Detroit,EE. UU.,Fitness,Pacific Asia,Depok,Indonesia,Southeast Asia,Yogyakarta,12/3/2017 5:41,12/5/2017 5:41,Standard Class,327.75,1,28.27000046
DEBIT,6,4,-216.1799927,317.9200134,Late delivery,1,Sporting Goods,Caguas,Puerto Rico,Fitness,Pacific Asia,Pasig,Filipinas,Southeast Asia,Capital Nacional,12/3/2017 5:20,12/9/2017 5:20,Standard Class,327.75,1,-216.1799927
TRANSFER,5,4,90.62000275,314.6400146,Late delivery,1,Sporting Goods,Hialeah,EE. UU.,Fitness,Pacific Asia,Pasig,Filipinas,Southeast Asia,Capital Nacional,12/3/2017 4:59,12/8/2017 4:59,Standard Class,327.75,1,90.62000275
PAYMENT,4,4,62.27000046,311.3599854,Shipping on time,0,Sporting Goods,Los Angeles,EE. UU.,Fitness,Pacific Asia,Surabaya,Indonesia,Southeast Asia,Java Oriental,12/3/2017 4:38,12/7/2017 4:38,Standard Class,327.75,1,62.27000046
PAYMENT,3,2,-640.2000122,309.7200012,Late delivery,1,Sporting Goods,Brooklyn,EE. UU.,Fitness,Pacific Asia,Surabaya,Indonesia,Southeast Asia,Java Oriental,12/3/2017 4:17,12/6/2017 4:17,Second Class,327.75,1,-640.2000122
DEBIT,2,4,-213.3699951,304.8099976,Advance shipping,0,Sporting Goods,Caguas,Puerto Rico,Fitness,Pacific Asia,Lahore,Pakistán,South Asia,Punyab,12/3/2017 3:56,12/5/2017 3:56,Standard Class,327.75,1,-213.3699951
TRANSFER,6,4,-218.6199951,298.25,Shipping canceled,0,Sporting Goods,Beloit,EE. UU.,Fitness,Pacific Asia,Lahore,Pakistán,South Asia,Punyab,12/3/2017 3:35,12/9/2017 3:35,Standard Class,327.75,1,-218.6199951
PAYMENT,5,2,73.73999786,294.980011,Late delivery,1,Sporting Goods,Los Angeles,EE. UU.,Fitness,Pacific Asia,Geelong,Australia,Oceania,Victoria,12/3/2017 3:14,12/8/2017 3:14,Second Class,327.75,1,73.73999786
DEBIT,4,2,100.9499969,288.4200134,Late delivery,1,Sporting Goods,Caguas,Puerto Rico,Fitness,Pacific Asia,Geelong,Australia,Oceania,Victoria,12/3/2017 2:53,12/7/2017 2:53,Second Class,327.75,1,100.9499969
DEBIT,3,2,128.3099976,285.1400146,Late delivery,1,Sporting Goods,Hamilton,EE. UU.,Fitness,Pacific Asia,Ichalkaranji,India,South Asia,Maharashtra,12/3/2017 2:32,12/6/2017 2:32,Second Class,327.75,1,128.3099976
TRANSFER,2,2,136.5099945,278.5899963,Shipping on time,0,Sporting Goods,Caguas,Puerto Rico,Fitness,Pacific Asia,Palembang,Indonesia,Southeast Asia,Sumatra Meridional,12/3/2017 2:11,12/5/2017 2:11,Second Class,327.75,1,136.5099945
TRANSFER,0,0,61.93999863,275.3099976,Shipping on time,0,Sporting Goods,Greenville,EE. UU.,Fitness,Pacific Asia,Kota,India,South Asia,Rajastán,12/3/2017 1:50,12/3/2017 13:50,Same Day,327.75,1,61.93999863
TRANSFER,0,0,27.20000076,272.0299988,Shipping on time,0,Sporting Goods,Dallas,EE. UU.,Fitness,Pacific Asia,Newcastle,Australia,Oceania,Nueva Gales del Sur,12/3/2017 1:29,12/3/2017 13:29,Same Day,327.75,1,27.20000076
DEBIT,4,4,72.55999756,268.7600098,Shipping on time,0,Sporting Goods,Miami,EE. UU.,Fitness,Pacific Asia,Newcastle,Australia,Oceania,Nueva Gales del Sur,12/3/2017 1:08,12/7/2017 1:08,Standard Class,327.75,1,72.55999756
TRANSFER,3,4,55.06000137,262.2000122,Advance shipping,0,Sporting Goods,Caguas,Puerto Rico,Fitness,Pacific Asia,Newcastle,Australia,Oceania,Nueva Gales del Sur,12/3/2017 0:47,12/6/2017 0:47,Standard Class,327.75,1,55.06000137
PAYMENT,4,2,-807.4199829,474.9500122,Late delivery,1,Cardio Equipment,Caguas,Puerto Rico,Footwear,LATAM,Tegucigalpa,Honduras,Central America,Francisco Morazán,4/10/2015 0:02,4/14/2015 0:02,Second Class,499.9500122,5,-807.4199829
PAYMENT,6,2,-59.38999939,296.9500122,Late delivery,1,Cleats,Caguas,Puerto Rico,Apparel,LATAM,Managua,Nicaragua,Central America,Managua,3/2/2015 8:19,3/8/2015 8:19,Second Class,299.9500122,5,-59.38999939
PAYMENT,6,2,-244.8600006,293.9500122,Late delivery,1,Cleats,Caguas,Puerto Rico,Apparel,LATAM,Managua,Nicaragua,Central America,Managua,3/2/2015 8:19,3/8/2015 8:19,Second Class,299.9500122,5,-244.8600006
PAYMENT,4,2,141.1000061,293.9500122,Late delivery,1,Cleats,Caguas,Puerto Rico,Apparel,LATAM,Juazeiro,Brasil,South America,Bahía,4/11/2017 15:49,4/15/2017 15:49,Second Class,299.9500122,5,141.1000061
PAYMENT,6,2,99.20999908,283.4500122,Late delivery,1,Cleats,Caguas,Puerto Rico,Apparel,LATAM,Petapa,Guatemala,Central America,Guatemala,3/28/2015 0:55,4/3/2015 0:55,Second Class,299.9500122,5,99.20999908
PAYMENT,3,2,-3.680000067,283.4500122,Late delivery,1,Cleats,Caguas,Puerto Rico,Apparel,LATAM,São Bernardo do Campo,Brasil,South America,São Paulo,4/2/2017 16:01,4/5/2017 16:01,Second Class,299.9500122,5,-3.680000067
PAYMENT,2,2,65.23999786,260.9599915,Shipping on time,0,Cleats,Caguas,Puerto Rico,Apparel,LATAM,San Martín,El Salvador,Central America,Cuscatlán,4/3/2015 7:55,4/5/2015 7:55,Second Class,299.9500122,5,65.23999786
PAYMENT,6,2,71.38999939,254.9600067,Late delivery,1,Cleats,Caguas,Puerto Rico,Apparel,LATAM,San Salvador,El Salvador,Central America,San Salvador,2/28/2015 0:16,3/6/2015 0:16,Second Class,299.9500122,5,71.38999939
PAYMENT,4,2,63.74000168,254.9600067,Late delivery,1,Cleats,Caguas,Puerto Rico,Apparel,LATAM,Lima,Perú,South America,Lima (ciudad),4/30/2015 3:30,5/4/2015 3:30,Second Class,299.9500122,5,63.74000168
PAYMENT,4,2,113.1399994,245.9600067,Late delivery,1,Cleats,Caguas,Puerto Rico,Apparel,LATAM,Dos Quebradas,Colombia,South America,Risaralda,2/18/2017 16:36,2/22/2017 16:36,Second Class,299.9500122,5,113.1399994
PAYMENT,3,2,101.2300034,224.9600067,Late delivery,1,Cleats,Caguas,Puerto Rico,Apparel,LATAM,Irapuato,México,Central America,Guanajuato,2/15/2017 14:40,2/18/2017 14:40,Second Class,299.9500122,5,101.2300034
PAYMENT,3,2,49.0,245.0,Late delivery,1,Women's Apparel,Caguas,Puerto Rico,Golf,LATAM,Santo Domingo,República Dominicana,Caribbean,Santo Domingo,2/28/2015 4:28,3/3/2015 4:28,Second Class,250.0,5,49.0
PAYMENT,4,2,48.99000168,195.9499969,Late delivery,1,Shop By Sport,Caguas,Puerto Rico,Golf,LATAM,Ocotlán,México,Central America,Jalisco,5/6/2015 4:54,5/10/2015 4:54,Second Class,199.9499969,5,48.99000168
PAYMENT,2,2,70.33000183,242.5,Shipping on time,0,Women's Apparel,Caguas,Puerto Rico,Golf,LATAM,Mexico City,México,Central America,Distrito Federal,3/27/2017 2:00,3/29/2017 2:00,Second Class,250.0,5,70.33000183
PAYMENT,5,2,109.25,237.5,Late delivery,1,Women's Apparel,Caguas,Puerto Rico,Golf,LATAM,Presidente Dutra,Brasil,South America,Marañón,5/29/2015 8:33,6/3/2015 8:33,Second Class,250.0,5,109.25
PAYMENT,5,2,-160.6100006,188.9499969,Late delivery,1,Shop By Sport,Caguas,Puerto Rico,Golf,LATAM,Santo Domingo,República Dominicana,Caribbean,Santo Domingo,4/30/2017 3:21,5/5/2017 3:21,Second Class,199.9499969,5,-160.6100006
PAYMENT,6,2,87.33999634,181.9499969,Late delivery,1,Shop By Sport,Caguas,Puerto Rico,Golf,LATAM,San Salvador,El Salvador,Central America,San Salvador,2/28/2015 0:16,3/6/2015 0:16,Second Class,199.9499969,5,87.33999634
PAYMENT,4,2,68.86000061,220.0,Late delivery,1,Women's Apparel,Caguas,Puerto Rico,Golf,LATAM,Mauá,Brasil,South America,São Paulo,3/1/2017 3:05,3/5/2017 3:05,Second Class,250.0,5,68.86000061
PAYMENT,4,2,56.54999924,217.5,Late delivery,1,Women's Apparel,Caguas,Puerto Rico,Golf,LATAM,Mauá,Brasil,South America,São Paulo,3/1/2017 3:05,3/5/2017 3:05,Second Class,250.0,5,56.54999924
PAYMENT,3,2,76.12999725,217.5,Late delivery,1,Women's Apparel,Caguas,Puerto Rico,Golf,LATAM,São Paulo,Brasil,South America,São Paulo,3/15/2015 14:05,3/18/2015 14:05,Second Class,250.0,5,76.12999725
PAYMENT,4,2,30.75,205.0,Late delivery,1,Women's Apparel,Caguas,Puerto Rico,Golf,LATAM,São Paulo,Brasil,South America,São Paulo,1/18/2017 19:37,1/22/2017 19:37,Second Class,250.0,5,30.75
PAYMENT,6,2,128.6900024,494.9500122,Late delivery,1,Cardio Equipment,Caguas,Puerto Rico,Footwear,Pacific Asia,Murray Bridge,Australia,Oceania,Australia del Sur,3/30/2016 4:37,4/5/2016 4:37,Second Class,499.9500122,5,128.6900024
PAYMENT,5,2,-674.9299927,449.9599915,Late delivery,1,Cardio Equipment,Caguas,Puerto Rico,Footwear,Pacific Asia,Newcastle,Australia,Oceania,Nueva Gales del Sur,1/31/2016 13:38,2/5/2016 13:38,Second Class,499.9500122,5,-674.9299927
PAYMENT,5,2,33.22000122,293.9500122,Late delivery,1,Cleats,Caguas,Puerto Rico,Apparel,Pacific Asia,Ho Chi Minh City,Vietnam,Southeast Asia,Ciudad Ho Chi Minh,12/1/2015 14:56,12/6/2015 14:56,Second Class,299.9500122,5,33.22000122
PAYMENT,3,2,98.33999634,290.9500122,Late delivery,1,Cleats,Caguas,Puerto Rico,Apparel,Pacific Asia,Qom,Irán,South Asia,Qom,10/30/2016 3:37,11/2/2016 3:37,Second Class,299.9500122,5,98.33999634
PAYMENT,5,2,60.47000122,287.9500122,Late delivery,1,Cleats,Caguas,Puerto Rico,Apparel,Pacific Asia,Manukau City,Nueva Zelanda,Oceania,Auckland,4/1/2016 0:03,4/6/2016 0:03,Second Class,299.9500122,5,60.47000122
PAYMENT,4,2,124.7200012,283.4500122,Late delivery,1,Cleats,Caguas,Puerto Rico,Apparel,Pacific Asia,Lismore,Australia,Oceania,Nueva Gales del Sur,2/16/2016 12:54,2/20/2016 12:54,Second Class,299.9500122,5,124.7200012
PAYMENT,2,2,115.1800003,239.9600067,Shipping on time,0,Cleats,Caguas,Puerto Rico,Apparel,Pacific Asia,Christchurch,Nueva Zelanda,Oceania,Canterbury,3/27/2016 8:39,3/29/2016 8:39,Second Class,299.9500122,5,115.1800003
PAYMENT,5,2,-127.4000015,245.0,Late delivery,1,Women's Apparel,Caguas,Puerto Rico,Golf,Pacific Asia,Kabul,Afganistán,South Asia,Kabul,10/27/2015 15:52,11/1/2015 15:52,Second Class,250.0,5,-127.4000015
PAYMENT,2,2,84.0,240.0,Shipping on time,0,Women's Apparel,Caguas,Puerto Rico,Golf,Pacific Asia,Melbourne,Australia,Oceania,Victoria,12/26/2015 23:29,12/28/2015 23:29,Second Class,250.0,5,84.0
PAYMENT,2,2,21.73999977,173.9600067,Shipping on time,0,Shop By Sport,Caguas,Puerto Rico,Golf,Pacific Asia,Melbourne,Australia,Oceania,Victoria,12/26/2015 23:29,12/28/2015 23:29,Second Class,199.9499969,5,21.73999977
PAYMENT,3,2,-13.3199997,283.4500122,Late delivery,1,Cleats,Caguas,Puerto Rico,Apparel,USCA,Houston,Estados Unidos,US Center ,Texas,4/7/2016 16:31,4/10/2016 16:31,Second Class,299.9500122,5,-13.3199997
PAYMENT,2,2,16.44000053,260.9599915,Shipping on time,0,Cleats,Caguas,Puerto Rico,Apparel,USCA,Tulsa,Estados Unidos,US Center ,Oklahoma,6/28/2016 3:05,6/30/2016 3:05,Second Class,299.9500122,5,16.44000053
PAYMENT,6,2,9.0,179.9600067,Late delivery,1,Shop By Sport,Caguas,Puerto Rico,Golf,USCA,San Francisco,Estados Unidos,West of USA ,California,6/26/2016 17:27,7/2/2016 17:27,Second Class,199.9499969,5,9.0
PAYMENT,6,2,35.09999847,225.0,Late delivery,1,Women's Apparel,Caguas,Puerto Rico,Golf,USCA,Moreno Valley,Estados Unidos,West of USA ,California,8/16/2016 7:24,8/22/2016 7:24,Second Class,250.0,5,35.09999847
PAYMENT,2,2,60.18000031,207.5,Shipping on time,0,Women's Apparel,Caguas,Puerto Rico,Golf,USCA,Oakland,Estados Unidos,West of USA ,California,5/20/2016 12:25,5/22/2016 12:25,Second Class,250.0,5,60.18000031
PAYMENT,6,2,39.38999939,121.1999969,Late delivery,1,Accessories,Caguas,Puerto Rico,Outdoors,USCA,Philadelphia,Estados Unidos,East of USA,Pensilvania,4/10/2016 17:23,4/16/2016 17:23,Second Class,124.9499969,5,39.38999939
PAYMENT,2,4,1.129999995,37.5,Advance shipping,0,Women's Apparel,Caguas,Puerto Rico,Golf,Africa,Zaria,Nigeria,West Africa,Kaduna,11/16/2016 8:40,11/18/2016 8:40,Standard Class,50.0,1,1.129999995
PAYMENT,6,4,26.25,74.98999786,Late delivery,1,Cardio Equipment,Caguas,Puerto Rico,Footwear,Africa,Kinshasa,República Democrática del Congo,Central Africa,Kinshasa,11/13/2016 1:29,11/19/2016 1:29,Standard Class,99.98999786,1,26.25
PAYMENT,4,4,35.09999847,129.9900055,Shipping on time,0,Men's Footwear,Aguadilla,Puerto Rico,Apparel,Africa,Luanda,Angola,Central Africa,Luanda,10/21/2016 18:31,10/25/2016 18:31,Standard Class,129.9900055,1,35.09999847
PAYMENT,4,4,65.0,129.9900055,Shipping on time,0,Men's Footwear,Caguas,Puerto Rico,Apparel,Africa,Kampala,Uganda,East Africa,Kampala,10/24/2016 23:35,10/28/2016 23:35,Standard Class,129.9900055,1,65.0
PAYMENT,4,4,20.97999954,128.6900024,Shipping on time,0,Men's Footwear,Aguadilla,Puerto Rico,Apparel,Africa,Luanda,Angola,Central Africa,Luanda,10/21/2016 18:31,10/25/2016 18:31,Standard Class,129.9900055,1,20.97999954
PAYMENT,6,4,59.86999893,127.3899994,Late delivery,1,Men's Footwear,Caguas,Puerto Rico,Apparel,Africa,Port Harcourt,Nigeria,West Africa,Ríos,9/18/2016 12:26,9/24/2016 12:26,Standard Class,129.9900055,1,59.86999893
PAYMENT,6,4,9.460000038,126.0899963,Late delivery,1,Men's Footwear,Caguas,Puerto Rico,Apparel,Africa,Johannesburg,SudAfrica,Southern Africa,Gauteng,10/11/2016 8:43,10/17/2016 8:43,Standard Class,129.9900055,1,9.460000038
PAYMENT,4,4,-9.489999771,58.18999863,Shipping on time,0,Cleats,Caguas,Puerto Rico,Apparel,Africa,Minna,Nigeria,West Africa,Níger,1/2/2017 23:30,1/6/2017 23:30,Standard Class,59.99000168,1,-9.489999771
PAYMENT,3,4,39.06000137,124.7900009,Advance shipping,0,Men's Footwear,Caguas,Puerto Rico,Apparel,Africa,Kinshasa,República Democrática del Congo,Central Africa,Kinshasa,12/10/2016 18:06,12/13/2016 18:06,Standard Class,129.9900055,1,39.06000137
PAYMENT,3,4,26.20000076,54.59000015,Advance shipping,0,Cleats,Caguas,Puerto Rico,Apparel,Africa,Constantina,Argelia,North Africa,Constantina,12/18/2016 18:47,12/21/2016 18:47,Standard Class,59.99000168,1,26.20000076
PAYMENT,3,4,8.289999962,110.4899979,Advance shipping,0,Men's Footwear,Caguas,Puerto Rico,Apparel,Africa,Abakaliki,Nigeria,West Africa,Ebonyi,11/15/2016 17:15,11/18/2016 17:15,Standard Class,129.9900055,1,8.289999962
PAYMENT,6,4,-13.44999981,50.38999939,Late delivery,1,Cleats,Caguas,Puerto Rico,Apparel,Africa,Johannesburg,SudAfrica,Southern Africa,Gauteng,10/11/2016 8:43,10/17/2016 8:43,Standard Class,59.99000168,1,-13.44999981
PAYMENT,3,4,-4.150000095,109.1900024,Advance shipping,0,Men's Footwear,Caguas,Puerto Rico,Apparel,Africa,Kano,Nigeria,West Africa,Kano,10/4/2016 16:16,10/7/2016 16:16,Standard Class,129.9900055,1,-4.150000095
PAYMENT,2,4,48.54999924,107.8899994,Advance shipping,0,Men's Footwear,Caguas,Puerto Rico,Apparel,Africa,Stellenbosch,SudAfrica,Southern Africa,Cabo Occidental,10/3/2016 22:24,10/5/2016 22:24,Standard Class,129.9900055,1,48.54999924
PAYMENT,5,4,49.02999878,106.5899963,Late delivery,1,Men's Footwear,Caguas,Puerto Rico,Apparel,Africa,Casablanca,Marruecos,North Africa,Gran Casablanca,8/27/2016 9:18,9/1/2016 9:18,Standard Class,129.9900055,1,49.02999878
PAYMENT,6,4,35.09999847,97.48999786,Late delivery,1,Men's Footwear,Caguas,Puerto Rico,Apparel,Africa,Kinshasa,República Democrática del Congo,Central Africa,Kinshasa,11/13/2016 1:29,11/19/2016 1:29,Standard Class,129.9900055,1,35.09999847
PAYMENT,3,4,0.449999988,44.99000168,Advance shipping,0,Cleats,Caguas,Puerto Rico,Apparel,Africa,Abu Kabir,Egipto,North Africa,Ash Sharqiyah,8/27/2016 22:37,8/30/2016 22:37,Standard Class,59.99000168,1,0.449999988
PAYMENT,6,4,48.75,97.48999786,Late delivery,1,Men's Footwear,Caguas,Puerto Rico,Apparel,Africa,Tangier,Marruecos,North Africa,Tánger-Tetuán,8/30/2016 19:59,9/5/2016 19:59,Standard Class,129.9900055,1,48.75
PAYMENT,6,4,-31.48999977,44.99000168,Late delivery,1,Cleats,Caguas,Puerto Rico,Apparel,Africa,Maseru,Lesoto,Southern Africa,Maseru,12/30/2016 20:52,1/5/2017 20:52,Standard Class,59.99000168,1,-31.48999977
PAYMENT,4,4,9.300000191,46.5,Shipping on time,0,Women's Apparel,Caguas,Puerto Rico,Golf,Africa,Dakar,Senegal,West Africa,Dakar,11/30/2016 7:57,12/4/2016 7:57,Standard Class,50.0,1,9.300000191
PAYMENT,6,4,6.599999905,44.0,Late delivery,1,Women's Apparel,Caguas,Puerto Rico,Golf,Africa,Johannesburg,SudAfrica,Southern Africa,Gauteng,10/11/2016 8:43,10/17/2016 8:43,Standard Class,50.0,1,6.599999905
PAYMENT,3,4,15.52000046,31.67000008,Advance shipping,0,Electronics,Caguas,Puerto Rico,Outdoors,Africa,Soweto,SudAfrica,Southern Africa,Gauteng,8/26/2016 4:35,8/29/2016 4:35,Standard Class,31.98999977,1,15.52000046
PAYMENT,5,4,-34.11000061,22.73999977,Late delivery,1,Accessories,Caguas,Puerto Rico,Outdoors,Africa,Antananarivo,Madagascar,East Africa,Analamanga,1/5/2017 23:40,1/10/2017 23:40,Standard Class,24.98999977,1,-34.11000061
PAYMENT,5,4,-47.43000031,290.980011,Late delivery,1,Camping & Hiking,Caguas,Puerto Rico,Fan Shop,Africa,Lagos,Nigeria,West Africa,Lagos,1/5/2017 4:24,1/10/2017 4:24,Standard Class,299.980011,1,-47.43000031
PAYMENT,6,4,11.52000046,287.980011,Late delivery,1,Camping & Hiking,Caguas,Puerto Rico,Fan Shop,Africa,Port Harcourt,Nigeria,West Africa,Ríos,9/18/2016 12:26,9/24/2016 12:26,Standard Class,299.980011,1,11.52000046
PAYMENT,4,4,27.89999962,278.980011,Shipping on time,0,Camping & Hiking,Caguas,Puerto Rico,Fan Shop,Africa,Dakar,Senegal,West Africa,Dakar,11/30/2016 7:57,12/4/2016 7:57,Standard Class,299.980011,1,27.89999962
PAYMENT,3,4,97.63999939,278.980011,Advance shipping,0,Camping & Hiking,Caguas,Puerto Rico,Fan Shop,Africa,Abakaliki,Nigeria,West Africa,Ebonyi,11/15/2016 17:15,11/18/2016 17:15,Standard Class,299.980011,1,97.63999939
PAYMENT,3,4,33.0,263.980011,Advance shipping,0,Camping & Hiking,Carolina,Puerto Rico,Fan Shop,Africa,Antananarivo,Madagascar,East Africa,Analamanga,9/15/2016 11:33,9/18/2016 11:33,Standard Class,299.980011,1,33.0
PAYMENT,6,4,122.6600037,260.980011,Late delivery,1,Camping & Hiking,Caguas,Puerto Rico,Fan Shop,Africa,Dar es Salaam,Tanzania,East Africa,Dar es Salaam,1/16/2017 1:45,1/22/2017 1:45,Standard Class,299.980011,1,122.6600037
PAYMENT,5,4,-195.5700073,254.9799957,Late delivery,1,Camping & Hiking,Caguas,Puerto Rico,Fan Shop,Africa,Casablanca,Marruecos,North Africa,Gran Casablanca,8/27/2016 9:18,9/1/2016 9:18,Standard Class,299.980011,1,-195.5700073
PAYMENT,6,4,84.16000366,248.9799957,Late delivery,1,Camping & Hiking,Caguas,Puerto Rico,Fan Shop,Africa,Johannesburg,SudAfrica,Southern Africa,Gauteng,10/11/2016 8:43,10/17/2016 8:43,Standard Class,299.980011,1,84.16000366
PAYMENT,4,4,120.5299988,245.9799957,Shipping on time,0,Camping & Hiking,Caguas,Puerto Rico,Fan Shop,Africa,Kampala,Uganda,East Africa,Kampala,10/24/2016 23:35,10/28/2016 23:35,Standard Class,299.980011,1,120.5299988
PAYMENT,4,4,67.19999695,239.9799957,Shipping on time,0,Camping & Hiking,Caguas,Puerto Rico,Fan Shop,Africa,Kampala,Uganda,East Africa,Kampala,10/24/2016 23:35,10/28/2016 23:35,Standard Class,299.980011,1,67.19999695
PAYMENT,3,4,82.41000366,1230.0,Advance shipping,0,Computers,Caguas,Puerto Rico,Technology,Europe,Fontenay-aux-Roses,Francia,Western Europe,Isla de Francia,10/27/2017 19:55,10/30/2017 19:55,Standard Class,1500.0,1,82.41000366
PAYMENT,5,4,-23.97999954,110.4899979,Late delivery,1,Men's Footwear,Caguas,Puerto Rico,Apparel,Europe,Badalona,España,Southern Europe,Cataluña,7/31/2017 9:32,8/5/2017 9:32,Standard Class,129.9900055,1,-23.97999954
PAYMENT,5,4,38.22000122,109.1900024,Late delivery,1,Men's Footwear,Caguas,Puerto Rico,Apparel,Europe,Badalona,España,Southern Europe,Cataluña,7/31/2017 9:32,8/5/2017 9:32,Standard Class,129.9900055,1,38.22000122
PAYMENT,6,4,0.899999976,45.0,Late delivery,1,Women's Apparel,Caguas,Puerto Rico,Golf,Europe,Gothenburg,Suecia,Northern Europe,Västra Götaland,8/3/2017 13:13,8/9/2017 13:13,Standard Class,50.0,1,0.899999976
PAYMENT,3,4,17.34000015,197.0099945,Advance shipping,0,Kids' Golf Clubs,Caguas,Puerto Rico,Outdoors,Europe,Glasgow,Reino Unido,Northern Europe,Escocia,9/7/2017 4:14,9/10/2017 4:14,Standard Class,199.0,1,17.34000015
PAYMENT,4,4,-44.29000092,391.980011,Shipping on time,0,Fishing,Caguas,Puerto Rico,Fan Shop,Europe,Viersen,Alemania,Western Europe,Renania del Norte-Westfalia,6/15/2015 11:51,6/19/2015 11:51,Standard Class,399.980011,1,-44.29000092
PAYMENT,4,4,80.91999817,248.9799957,Shipping on time,0,Camping & Hiking,Caguas,Puerto Rico,Fan Shop,Europe,Viersen,Alemania,Western Europe,Renania del Norte-Westfalia,6/15/2015 11:51,6/19/2015 11:51,Standard Class,299.980011,1,80.91999817
PAYMENT,6,4,13.71000004,27.96999931,Late delivery,1,Books ,Caguas,Puerto Rico,Book Shop,Europe,Turku,Finlandia,Northern Europe,Finlandia del Sudoeste,10/6/2017 13:28,10/12/2017 13:28,Standard Class,31.07999992,1,13.71000004
PAYMENT,6,4,164.0899963,452.0400085,Late delivery,1,Cameras ,Caguas,Puerto Rico,Technology,Europe,Estocolmo,Suecia,Northern Europe,Estocolmo,10/16/2017 8:12,10/22/2017 8:12,Standard Class,452.0400085,1,164.0899963
PAYMENT,2,4,118.8499985,252.8800049,Advance shipping,0,Consumer Electronics,Caguas,Puerto Rico,Technology,Europe,Monza,Italia,Southern Europe,Lombardía,11/4/2017 8:00,11/6/2017 8:00,Standard Class,252.8800049,1,118.8499985
PAYMENT,5,4,-78.3199997,447.519989,Late delivery,1,Cameras ,Caguas,Puerto Rico,Technology,Europe,Swindon,Reino Unido,Northern Europe,Inglaterra,10/12/2017 9:15,10/17/2017 9:15,Standard Class,452.0400085,1,-78.3199997
PAYMENT,6,4,67.12999725,447.519989,Late delivery,1,Cameras ,Caguas,Puerto Rico,Technology,Europe,Brest,Francia,Western Europe,Bretaña,10/14/2017 5:24,10/20/2017 5:24,Standard Class,452.0400085,1,67.12999725
PAYMENT,4,4,131.5399933,438.480011,Shipping on time,0,Cameras ,Caguas,Puerto Rico,Technology,Europe,Le Chesnay,Francia,Western Europe,Isla de Francia,10/14/2017 4:42,10/18/2017 4:42,Standard Class,452.0400085,1,131.5399933
PAYMENT,2,4,201.7899933,420.3999939,Advance shipping,0,Cameras ,Caguas,Puerto Rico,Technology,Europe,Malakoff,Francia,Western Europe,Isla de Francia,10/16/2017 12:03,10/18/2017 12:03,Standard Class,452.0400085,1,201.7899933
PAYMENT,4,4,79.66000366,227.5899963,Shipping on time,0,Consumer Electronics,Caguas,Puerto Rico,Technology,Europe,Valladolid,España,Southern Europe,Castilla y León,11/2/2017 2:24,11/6/2017 2:24,Standard Class,252.8800049,1,79.66000366
PAYMENT,4,4,-69.61000061,397.7999878,Shipping on time,0,Cameras ,Caguas,Puerto Rico,Technology,Europe,Sevran,Francia,Western Europe,Isla de Francia,10/11/2017 4:53,10/15/2017 4:53,Standard Class,452.0400085,1,-69.61000061
PAYMENT,2,4,74.72000122,393.269989,Advance shipping,0,Cameras ,Caguas,Puerto Rico,Technology,Europe,Utrecht,Países Bajos,Western Europe,Utrecht,10/14/2017 14:31,10/16/2017 14:31,Standard Class,452.0400085,1,74.72000122
PAYMENT,2,4,599.25,1275.0,Advance shipping,0,Computers,Caguas,Puerto Rico,Technology,Europe,Madrid,España,Southern Europe,Madrid,10/29/2017 17:07,10/31/2017 17:07,Standard Class,1500.0,1,599.25
PAYMENT,2,4,184.4299927,384.230011,Advance shipping,0,Cameras ,Caguas,Puerto Rico,Technology,Europe,Vincennes,Francia,Western Europe,Isla de Francia,10/11/2017 4:11,10/13/2017 4:11,Standard Class,452.0400085,1,184.4299927
PAYMENT,4,4,9.489999771,379.7099915,Shipping on time,0,Cameras ,Caguas,Puerto Rico,Technology,Europe,Berlín,Alemania,Western Europe,Berlín,10/17/2017 23:47,10/21/2017 23:47,Standard Class,452.0400085,1,9.489999771
PAYMENT,3,4,132.8999939,379.7099915,Advance shipping,0,Cameras ,Caguas,Puerto Rico,Technology,Europe,The Hague,Países Bajos,Western Europe,Holanda Meridional,10/16/2017 3:39,10/19/2017 3:39,Standard Class,452.0400085,1,132.8999939
PAYMENT,6,4,66.44999695,379.7099915,Late delivery,1,Cameras ,Caguas,Puerto Rico,Technology,Europe,Caen,Francia,Western Europe,Normandía,10/13/2017 18:53,10/19/2017 18:53,Standard Class,452.0400085,1,66.44999695
PAYMENT,5,4,410.8500061,1245.0,Late delivery,1,Computers,Caguas,Puerto Rico,Technology,Europe,Nieuwegein,Países Bajos,Western Europe,Utrecht,10/29/2017 16:25,11/3/2017 16:25,Standard Class,1500.0,1,410.8500061
PAYMENT,4,4,86.40000153,287.9899902,Shipping on time,0,Basketball,Caguas,Puerto Rico,Fitness,Europe,Darton,Reino Unido,Northern Europe,Inglaterra,9/15/2017 12:16,9/19/2017 12:16,Standard Class,299.9899902,1,86.40000153
PAYMENT,6,4,17.04999924,65.58999634,Late delivery,1,Soccer,Caguas,Puerto Rico,Fitness,Europe,Northampton,Reino Unido,Northern Europe,Inglaterra,7/1/2017 23:56,7/7/2017 23:56,Standard Class,79.98999786,1,17.04999924
PAYMENT,5,4,-54.99000168,99.98999786,Late delivery,1,Cardio Equipment,Caguas,Puerto Rico,Footwear,Europe,Halle,Alemania,Western Europe,Renania del Norte-Westfalia,8/17/2017 2:41,8/22/2017 2:41,Standard Class,99.98999786,1,-54.99000168
PAYMENT,5,4,19.79999924,98.98999786,Late delivery,1,Cardio Equipment,Caguas,Puerto Rico,Footwear,Europe,Dniprodzerzhyns'k,Ucrania,Eastern Europe,Dnipropetrovsk,11/3/2016 9:55,11/8/2016 9:55,Standard Class,99.98999786,1,19.79999924
PAYMENT,5,4,24.75,98.98999786,Late delivery,1,Cardio Equipment,Caguas,Puerto Rico,Footwear,Europe,The Hague,Países Bajos,Western Europe,Holanda Meridional,6/7/2015 2:45,6/12/2015 2:45,Standard Class,99.98999786,1,24.75
PAYMENT,3,4,12.0,95.98999786,Advance shipping,0,Cardio Equipment,Caguas,Puerto Rico,Footwear,Europe,Roissy-en-Brie,Francia,Western Europe,Isla de Francia,9/9/2017 17:32,9/12/2017 17:32,Standard Class,99.98999786,1,12.0
PAYMENT,2,4,39.15000153,86.98999786,Advance shipping,0,Cardio Equipment,Caguas,Puerto Rico,Footwear,Europe,Brive-la-Gaillarde,Francia,Western Europe,Aquitania-Lemosín-Poitou-Charentes,9/13/2015 12:46,9/15/2015 12:46,Standard Class,99.98999786,1,39.15000153
PAYMENT,6,4,-198.8800049,76.48999786,Late delivery,1,Boxing & MMA,Caguas,Puerto Rico,Footwear,Europe,Turin,Italia,Southern Europe,Piamonte,7/11/2017 9:55,7/17/2017 9:55,Standard Class,89.98999786,1,-198.8800049
PAYMENT,3,4,10.5,83.98999786,Advance shipping,0,Cardio Equipment,Caguas,Puerto Rico,Footwear,Europe,Le Petit-Quevilly,Francia,Western Europe,Normandía,10/22/2015 3:47,10/25/2015 3:47,Standard Class,99.98999786,1,10.5
PAYMENT,6,4,-9.380000114,82.98999786,Late delivery,1,Cardio Equipment,Caguas,Puerto Rico,Footwear,Europe,Northampton,Reino Unido,Northern Europe,Inglaterra,7/1/2017 23:56,7/7/2017 23:56,Standard Class,99.98999786,1,-9.380000114
PAYMENT,5,4,37.72000122,81.98999786,Late delivery,1,Cardio Equipment,Caguas,Puerto Rico,Footwear,Europe,Trier,Alemania,Western Europe,Renania-Palatinado,8/29/2015 19:59,9/3/2015 19:59,Standard Class,99.98999786,1,37.72000122
PAYMENT,2,4,13.03999996,79.98999786,Advance shipping,0,Cardio Equipment,Caguas,Puerto Rico,Footwear,Europe,Gdansk,Polonia,Eastern Europe,Pomerania,10/14/2016 19:24,10/16/2016 19:24,Standard Class,99.98999786,1,13.03999996
PAYMENT,6,4,6.599999905,74.98999786,Late delivery,1,Cardio Equipment,Caguas,Puerto Rico,Footwear,Europe,Perugia,Italia,Southern Europe,Umbría,9/17/2015 4:01,9/23/2015 4:01,Standard Class,99.98999786,1,6.599999905
PAYMENT,6,4,15.60000038,59.99000168,Late delivery,1,Cleats,Caguas,Puerto Rico,Apparel,Europe,London,Reino Unido,Northern Europe,Inglaterra,9/6/2015 22:46,9/12/2015 22:46,Standard Class,59.99000168,1,15.60000038
PAYMENT,2,4,33.79999924,129.9900055,Advance shipping,0,Men's Footwear,Caguas,Puerto Rico,Apparel,Europe,Badalona,España,Southern Europe,Cataluña,9/27/2017 14:22,9/29/2017 14:22,Standard Class,129.9900055,1,33.79999924
PAYMENT,6,4,160.6999969,357.1000061,Late delivery,1,Children's Clothing,Caguas,Puerto Rico,Apparel,Europe,Munich,Alemania,Western Europe,Bavaria,10/24/2017 8:53,10/30/2017 8:53,Standard Class,357.1000061,1,160.6999969
PAYMENT,5,4,46.15000153,461.480011,Late delivery,1,Crafts,Caguas,Puerto Rico,Apparel,Europe,Rouen,Francia,Western Europe,Normandía,11/4/2017 19:34,11/9/2017 19:34,Standard Class,461.480011,1,46.15000153
PAYMENT,6,4,-99.69999695,129.9900055,Late delivery,1,Men's Footwear,Caguas,Puerto Rico,Apparel,Europe,Velbert,Alemania,Western Europe,Renania del Norte-Westfalia,10/5/2015 20:27,10/11/2015 20:27,Standard Class,129.9900055,1,-99.69999695
PAYMENT,5,4,58.5,129.9900055,Late delivery,1,Men's Footwear,Caguas,Puerto Rico,Apparel,Europe,Avignon,Francia,Western Europe,Provenza-Alpes-Costa Azul,9/18/2015 5:56,9/23/2015 5:56,Standard Class,129.9900055,1,58.5
PAYMENT,4,4,169.6900024,353.5299988,Shipping on time,0,Children's Clothing,Caguas,Puerto Rico,Apparel,Europe,Turku,Finlandia,Northern Europe,Finlandia del Sudoeste,10/25/2017 3:28,10/29/2017 3:28,Standard Class,357.1000061,1,169.6900024
PAYMENT,6,4,45.04000092,128.6900024,Late delivery,1,Men's Footwear,Caguas,Puerto Rico,Apparel,Europe,Preston,Reino Unido,Northern Europe,Inglaterra,10/23/2015 14:07,10/29/2015 14:07,Standard Class,129.9900055,1,45.04000092
PAYMENT,6,4,3.859999895,128.6900024,Late delivery,1,Men's Footwear,Caguas,Puerto Rico,Apparel,Europe,Trapani,Italia,Southern Europe,Sicilia,6/23/2017 3:59,6/29/2017 3:59,Standard Class,129.9900055,1,3.859999895
PAYMENT,6,4,57.90999985,128.6900024,Late delivery,1,Men's Footwear,Caguas,Puerto Rico,Apparel,Europe,Aprilia,Italia,Southern Europe,Lacio,6/29/2015 12:53,7/5/2015 12:53,Standard Class,129.9900055,1,57.90999985
PAYMENT,2,4,29.70000076,59.38999939,Advance shipping,0,Cleats,Caguas,Puerto Rico,Apparel,Europe,Meudon,Francia,Western Europe,Isla de Francia,10/3/2015 21:30,10/5/2015 21:30,Standard Class,59.99000168,1,29.70000076
PAYMENT,4,4,15.43999958,59.38999939,Shipping on time,0,Cleats,Caguas,Puerto Rico,Apparel,Europe,Dortmund,Alemania,Western Europe,Renania del Norte-Westfalia,6/28/2015 8:09,7/2/2015 8:09,Standard Class,59.99000168,1,15.43999958
PAYMENT,3,4,36.02999878,128.6900024,Advance shipping,0,Men's Footwear,Caguas,Puerto Rico,Apparel,Europe,Roissy-en-Brie,Francia,Western Europe,Isla de Francia,9/9/2017 17:32,9/12/2017 17:32,Standard Class,129.9900055,1,36.02999878
PAYMENT,5,4,54.04999924,128.6900024,Late delivery,1,Men's Footwear,Caguas,Puerto Rico,Apparel,Europe,Trier,Alemania,Western Europe,Renania-Palatinado,8/29/2015 19:59,9/3/2015 19:59,Standard Class,129.9900055,1,54.04999924
PAYMENT,2,4,-1.659999967,127.3899994,Advance shipping,0,Men's Footwear,Caguas,Puerto Rico,Apparel,Europe,Mykolayiv,Ucrania,Eastern Europe,Mykolayiv,9/17/2016 1:45,9/19/2016 1:45,Standard Class,129.9900055,1,-1.659999967
PAYMENT,6,4,6.639999866,58.79000092,Late delivery,1,Cleats,Caguas,Puerto Rico,Apparel,Europe,Preston,Reino Unido,Northern Europe,Inglaterra,10/23/2015 14:07,10/29/2015 14:07,Standard Class,59.99000168,1,6.639999866
PAYMENT,6,4,38.22000122,127.3899994,Late delivery,1,Men's Footwear,Caguas,Puerto Rico,Apparel,Europe,Colchester,Reino Unido,Northern Europe,Inglaterra,9/12/2015 4:53,9/18/2015 4:53,Standard Class,129.9900055,1,38.22000122
PAYMENT,5,4,28.65999985,127.3899994,Late delivery,1,Men's Footwear,Caguas,Puerto Rico,Apparel,Europe,Cosenza,Italia,Southern Europe,Calabria,9/7/2015 21:11,9/12/2015 21:11,Standard Class,129.9900055,1,28.65999985
PAYMENT,6,4,35.66999817,127.3899994,Late delivery,1,Men's Footwear,Caguas,Puerto Rico,Apparel,Europe,Aprilia,Italia,Southern Europe,Lacio,6/29/2015 12:53,7/5/2015 12:53,Standard Class,129.9900055,1,35.66999817
PAYMENT,4,4,41.40000153,127.3899994,Shipping on time,0,Men's Footwear,Caguas,Puerto Rico,Apparel,Europe,Las Rozas de Madrid,España,Southern Europe,Madrid,6/26/2015 17:37,6/30/2015 17:37,Standard Class,129.9900055,1,41.40000153
PAYMENT,5,4,59.86999893,127.3899994,Late delivery,1,Men's Footwear,Caguas,Puerto Rico,Apparel,Europe,Hasselt,Bélgica,Western Europe,Limburgo,9/19/2015 2:57,9/24/2015 2:57,Standard Class,129.9900055,1,59.86999893
PAYMENT,5,4,38.22000122,127.3899994,Late delivery,1,Men's Footwear,Caguas,Puerto Rico,Apparel,Europe,Trier,Alemania,Western Europe,Renania-Palatinado,8/29/2015 19:59,9/3/2015 19:59,Standard Class,129.9900055,1,38.22000122
PAYMENT,6,4,36.5699997,126.0899963,Late delivery,1,Men's Footwear,Caguas,Puerto Rico,Apparel,Europe,Oslo,Noruega,Northern Europe,Oslo,7/10/2017 9:23,7/16/2017 9:23,Standard Class,129.9900055,1,36.5699997
PAYMENT,6,4,45.77000046,126.0899963,Late delivery,1,Men's Footwear,Caguas,Puerto Rico,Apparel,Europe,Barcelona,España,Southern Europe,Cataluña,7/7/2015 11:49,7/13/2015 11:49,Standard Class,129.9900055,1,45.77000046
PAYMENT,4,4,40.97999954,126.0899963,Shipping on time,0,Men's Footwear,Caguas,Puerto Rico,Apparel,Europe,Madrid,España,Southern Europe,Madrid,7/6/2015 12:21,7/10/2015 12:21,Standard Class,129.9900055,1,40.97999954
PAYMENT,4,4,-23.70000076,126.0899963,Shipping on time,0,Men's Footwear,Caguas,Puerto Rico,Apparel,Europe,Las Rozas de Madrid,España,Southern Europe,Madrid,6/26/2015 17:37,6/30/2015 17:37,Standard Class,129.9900055,1,-23.70000076
PAYMENT,3,4,5.820000172,58.18999863,Advance shipping,0,Cleats,Caguas,Puerto Rico,Apparel,Europe,Paris,Francia,Western Europe,Isla de Francia,8/14/2015 7:55,8/17/2015 7:55,Standard Class,59.99000168,1,5.820000172
PAYMENT,4,4,60.52000046,126.0899963,Shipping on time,0,Men's Footwear,Caguas,Puerto Rico,Apparel,Europe,Rostock,Alemania,Western Europe,Mecklemburgo-Pomerania Occidental,7/19/2017 16:55,7/23/2017 16:55,Standard Class,129.9900055,1,60.52000046
PAYMENT,2,4,2.519999981,126.0899963,Advance shipping,0,Men's Footwear,Caguas,Puerto Rico,Apparel,Europe,Tours,Francia,Western Europe,Centro-Valle de Loira,8/24/2015 4:03,8/26/2015 4:03,Standard Class,129.9900055,1,2.519999981
PAYMENT,6,4,43.68000031,124.7900009,Late delivery,1,Men's Footwear,Caguas,Puerto Rico,Apparel,Europe,Oslo,Noruega,Northern Europe,Oslo,7/10/2017 9:23,7/16/2017 9:23,Standard Class,129.9900055,1,43.68000031
PAYMENT,4,4,10.97999954,124.7900009,Shipping on time,0,Men's Footwear,Caguas,Puerto Rico,Apparel,Europe,Dublín,Irlanda,Northern Europe,Dublín,7/13/2015 14:16,7/17/2015 14:16,Standard Class,129.9900055,1,10.97999954
PAYMENT,6,4,37.43999863,124.7900009,Late delivery,1,Men's Footwear,Caguas,Puerto Rico,Apparel,Europe,Altamura,Italia,Southern Europe,Apulia,7/13/2017 7:27,7/19/2017 7:27,Standard Class,129.9900055,1,37.43999863
PAYMENT,4,4,46.79999924,124.7900009,Shipping on time,0,Men's Footwear,Caguas,Puerto Rico,Apparel,Europe,Madrid,España,Southern Europe,Madrid,7/6/2015 12:21,7/10/2015 12:21,Standard Class,129.9900055,1,46.79999924
PAYMENT,6,4,-475.1799927,287.9899902,Late delivery,1,Cleats,Caguas,Puerto Rico,Apparel,Europe,Rennes,Francia,Western Europe,Bretaña,9/29/2017 1:03,10/5/2017 1:03,Standard Class,299.9899902,1,-475.1799927
PAYMENT,2,4,56.15999985,124.7900009,Advance shipping,0,Men's Footwear,Caguas,Puerto Rico,Apparel,Europe,Toulon,Francia,Western Europe,Provenza-Alpes-Costa Azul,9/17/2015 7:52,9/19/2015 7:52,Standard Class,129.9900055,1,56.15999985
PAYMENT,2,4,57.40000153,124.7900009,Advance shipping,0,Men's Footwear,Caguas,Puerto Rico,Apparel,Europe,Tours,Francia,Western Europe,Centro-Valle de Loira,8/24/2015 4:03,8/26/2015 4:03,Standard Class,129.9900055,1,57.40000153
PAYMENT,6,4,37.43999863,124.7900009,Late delivery,1,Men's Footwear,Caguas,Puerto Rico,Apparel,Europe,Reutlingen,Alemania,Western Europe,Baden-Wurtemberg,6/20/2015 2:54,6/26/2015 2:54,Standard Class,129.9900055,1,37.43999863
PAYMENT,6,4,6.170000076,123.4899979,Late delivery,1,Men's Footwear,Caguas,Puerto Rico,Apparel,Europe,Vilna,Lituania,Northern Europe,Vilna,10/24/2016 13:47,10/30/2016 13:47,Standard Class,129.9900055,1,6.170000076
PAYMENT,5,4,46.31000137,123.4899979,Late delivery,1,Men's Footwear,Caguas,Puerto Rico,Apparel,Europe,Lincoln,Reino Unido,Northern Europe,Inglaterra,6/17/2015 18:30,6/22/2015 18:30,Standard Class,129.9900055,1,46.31000137
PAYMENT,6,4,122.75,438.4100037,Late delivery,1,Crafts,Caguas,Puerto Rico,Apparel,Europe,Aschaffenburg,Alemania,Western Europe,Bavaria,11/5/2017 6:25,11/11/2017 6:25,Standard Class,461.480011,1,122.75
PAYMENT,2,4,0.0,123.4899979,Advance shipping,0,Men's Footwear,Caguas,Puerto Rico,Apparel,Europe,Bremen,Alemania,Western Europe,Bremen,8/19/2017 11:26,8/21/2017 11:26,Standard Class,129.9900055,1,0.0
PAYMENT,2,4,-13.94999981,123.4899979,Advance shipping,0,Men's Footwear,Caguas,Puerto Rico,Apparel,Europe,Heidelberg,Alemania,Western Europe,Baden-Wurtemberg,10/21/2015 11:40,10/23/2015 11:40,Standard Class,129.9900055,1,-13.94999981
PAYMENT,4,4,26.63999939,56.68999863,Shipping on time,0,Cleats,Caguas,Puerto Rico,Apparel,Europe,Bilbao,España,Southern Europe,País Vasco,7/24/2017 0:16,7/28/2017 0:16,Standard Class,59.99000168,1,26.63999939
PAYMENT,2,4,-23.95999908,337.4599915,Advance shipping,0,Children's Clothing,Caguas,Puerto Rico,Apparel,Europe,Wuppertal,Alemania,Western Europe,Renania del Norte-Westfalia,10/20/2017 1:53,10/22/2017 1:53,Standard Class,357.1000061,1,-23.95999908
PAYMENT,4,4,7.369999886,122.8399963,Shipping on time,0,Men's Footwear,Caguas,Puerto Rico,Apparel,Europe,Mont-de-Marsan,Francia,Western Europe,Aquitania-Lemosín-Poitou-Charentes,7/10/2015 14:26,7/14/2015 14:26,Standard Class,129.9900055,1,7.369999886
PAYMENT,4,4,-11.15999985,55.79000092,Shipping on time,0,Cleats,Caguas,Puerto Rico,Apparel,Europe,Stoke-on-Trent,Reino Unido,Northern Europe,Inglaterra,9/14/2017 4:45,9/18/2017 4:45,Standard Class,59.99000168,1,-11.15999985
PAYMENT,3,4,45.33000183,120.8899994,Advance shipping,0,Men's Footwear,Caguas,Puerto Rico,Apparel,Europe,Glasgow,Reino Unido,Northern Europe,Escocia,9/6/2017 5:27,9/9/2017 5:27,Standard Class,129.9900055,1,45.33000183
PAYMENT,4,4,-199.4700012,120.8899994,Shipping on time,0,Men's Footwear,Caguas,Puerto Rico,Apparel,Europe,Trapani,Italia,Southern Europe,Sicilia,6/19/2015 22:42,6/23/2015 22:42,Standard Class,129.9900055,1,-199.4700012
PAYMENT,2,4,12.09000015,120.8899994,Advance shipping,0,Men's Footwear,Caguas,Puerto Rico,Apparel,Europe,Garches,Francia,Western Europe,Isla de Francia,7/8/2017 5:11,7/10/2017 5:11,Standard Class,129.9900055,1,12.09000015
PAYMENT,3,4,34.29999924,118.2900009,Advance shipping,0,Men's Footwear,Caguas,Puerto Rico,Apparel,Europe,Glasgow,Reino Unido,Northern Europe,Escocia,9/6/2017 5:27,9/9/2017 5:27,Standard Class,129.9900055,1,34.29999924
PAYMENT,6,4,11.63000011,54.59000015,Late delivery,1,Cleats,Caguas,Puerto Rico,Apparel,Europe,Trapani,Italia,Southern Europe,Sicilia,6/23/2017 3:59,6/29/2017 3:59,Standard Class,59.99000168,1,11.63000011
PAYMENT,4,4,57.95999908,118.2900009,Shipping on time,0,Men's Footwear,Caguas,Puerto Rico,Apparel,Europe,Bilbao,España,Southern Europe,País Vasco,7/24/2017 0:16,7/28/2017 0:16,Standard Class,129.9900055,1,57.95999908
PAYMENT,6,4,-5.909999847,118.2900009,Late delivery,1,Men's Footwear,Caguas,Puerto Rico,Apparel,Europe,Perugia,Italia,Southern Europe,Umbría,9/17/2015 4:01,9/23/2015 4:01,Standard Class,129.9900055,1,-5.909999847
PAYMENT,4,4,-39.97999954,118.2900009,Shipping on time,0,Men's Footwear,Caguas,Puerto Rico,Apparel,Europe,Trapani,Italia,Southern Europe,Sicilia,6/19/2015 22:42,6/23/2015 22:42,Standard Class,129.9900055,1,-39.97999954
PAYMENT,5,4,1.419999957,118.2900009,Late delivery,1,Men's Footwear,Caguas,Puerto Rico,Apparel,Europe,The Hague,Países Bajos,Western Europe,Holanda Meridional,6/7/2015 2:45,6/12/2015 2:45,Standard Class,129.9900055,1,1.419999957
PAYMENT,4,4,42.11999893,116.9899979,Shipping on time,0,Men's Footwear,Caguas,Puerto Rico,Apparel,Europe,Bilbao,España,Southern Europe,País Vasco,7/24/2017 0:16,7/28/2017 0:16,Standard Class,129.9900055,1,42.11999893
PAYMENT,6,4,14.03999996,116.9899979,Late delivery,1,Men's Footwear,Caguas,Puerto Rico,Apparel,Europe,Pozzuoli,Italia,Southern Europe,Campania,8/20/2015 3:21,8/26/2015 3:21,Standard Class,129.9900055,1,14.03999996
PAYMENT,6,4,24.5699997,116.9899979,Late delivery,1,Men's Footwear,Caguas,Puerto Rico,Apparel,Europe,Rennes,Francia,Western Europe,Bretaña,9/29/2017 1:03,10/5/2017 1:03,Standard Class,129.9900055,1,24.5699997
PAYMENT,4,4,56.15999985,116.9899979,Shipping on time,0,Men's Footwear,Caguas,Puerto Rico,Apparel,Europe,Bordeaux,Francia,Western Europe,Aquitania-Lemosín-Poitou-Charentes,9/22/2015 16:26,9/26/2015 16:26,Standard Class,129.9900055,1,56.15999985
PAYMENT,4,4,-40.49000168,52.79000092,Shipping on time,0,Cleats,Caguas,Puerto Rico,Apparel,Europe,Zwickau,Alemania,Western Europe,Sajonia,10/14/2015 8:42,10/18/2015 8:42,Standard Class,59.99000168,1,-40.49000168
PAYMENT,2,4,21.72999954,114.3899994,Advance shipping,0,Men's Footwear,Caguas,Puerto Rico,Apparel,Europe,Brive-la-Gaillarde,Francia,Western Europe,Aquitania-Lemosín-Poitou-Charentes,9/13/2015 12:46,9/15/2015 12:46,Standard Class,129.9900055,1,21.72999954
PAYMENT,6,4,-200.1799927,114.3899994,Late delivery,1,Men's Footwear,Caguas,Puerto Rico,Apparel,Europe,Offenbach,Alemania,Western Europe,Hesse,6/4/2015 15:33,6/10/2015 15:33,Standard Class,129.9900055,1,-200.1799927
PAYMENT,4,4,22.95999908,52.18999863,Shipping on time,0,Cleats,Caguas,Puerto Rico,Apparel,Europe,Dnipropetrovsk,Ucrania,Eastern Europe,Dnipropetrovsk,12/3/2016 2:31,12/7/2016 2:31,Standard Class,59.99000168,1,22.95999908
PAYMENT,5,4,105.5899963,401.4899902,Late delivery,1,Crafts,Caguas,Puerto Rico,Apparel,Europe,La Baule-Escoublac,Francia,Western Europe,Países del Loira,11/5/2017 4:19,11/10/2017 4:19,Standard Class,461.480011,1,105.5899963
PAYMENT,3,4,11.05000019,110.4899979,Advance shipping,0,Men's Footwear,Caguas,Puerto Rico,Apparel,Europe,Wigan,Reino Unido,Northern Europe,Inglaterra,6/29/2017 0:49,7/2/2017 0:49,Standard Class,129.9900055,1,11.05000019
PAYMENT,2,4,29.82999992,110.4899979,Advance shipping,0,Men's Footwear,Caguas,Puerto Rico,Apparel,Europe,Edinburgh,Reino Unido,Northern Europe,Escocia,8/23/2015 17:32,8/25/2015 17:32,Standard Class,129.9900055,1,29.82999992
PAYMENT,5,4,18.51000023,50.99000168,Late delivery,1,Cleats,Caguas,Puerto Rico,Apparel,Europe,La Seyne-sur-Mer,Francia,Western Europe,Provenza-Alpes-Costa Azul,9/4/2015 3:51,9/9/2015 3:51,Standard Class,59.99000168,1,18.51000023
PAYMENT,3,4,19.34000015,110.4899979,Advance shipping,0,Men's Footwear,Caguas,Puerto Rico,Apparel,Europe,Charleroi,Bélgica,Western Europe,Henao,10/12/2015 14:19,10/15/2015 14:19,Standard Class,129.9900055,1,19.34000015
PAYMENT,5,4,11.05000019,110.4899979,Late delivery,1,Men's Footwear,Caguas,Puerto Rico,Apparel,Europe,Mons-en-Baroeul,Francia,Western Europe,Norte-Paso de Calais-Picardía,6/30/2015 7:48,7/5/2015 7:48,Standard Class,129.9900055,1,11.05000019
PAYMENT,5,4,23.18000031,50.38999939,Late delivery,1,Cleats,Caguas,Puerto Rico,Apparel,Europe,Timisoara,Rumania,Eastern Europe,Timis,11/22/2016 11:07,11/27/2016 11:07,Standard Class,59.99000168,1,23.18000031
PAYMENT,5,4,18.55999947,109.1900024,Late delivery,1,Men's Footwear,Caguas,Puerto Rico,Apparel,Europe,Dniprodzerzhyns'k,Ucrania,Eastern Europe,Dnipropetrovsk,11/3/2016 9:55,11/8/2016 9:55,Standard Class,129.9900055,1,18.55999947
PAYMENT,5,4,25.20000076,50.38999939,Late delivery,1,Cleats,Caguas,Puerto Rico,Apparel,Europe,La Seyne-sur-Mer,Francia,Western Europe,Provenza-Alpes-Costa Azul,9/4/2015 3:51,9/9/2015 3:51,Standard Class,59.99000168,1,25.20000076
PAYMENT,6,4,8.18999958,109.1900024,Late delivery,1,Men's Footwear,Caguas,Puerto Rico,Apparel,Europe,Berne,Suiza,Western Europe,Berna,9/24/2015 4:10,9/30/2015 4:10,Standard Class,129.9900055,1,8.18999958
DEBIT,6,2,12.18999958,107.8899994,Late delivery,1,Men's Footwear,Caguas,Puerto Rico,Apparel,Europe,London,Reino Unido,Northern Europe,Inglaterra,8/21/2017 22:39,8/27/2017 22:39,Second Class,129.9900055,1,12.18999958
DEBIT,3,2,39.15999985,107.8899994,Late delivery,1,Men's Footwear,Humacao,Puerto Rico,Apparel,Europe,Vilna,Lituania,Northern Europe,Vilna,9/20/2016 3:40,9/23/2016 3:40,Second Class,129.9900055,1,39.15999985
DEBIT,3,2,13.48999977,107.8899994,Late delivery,1,Men's Footwear,Caguas,Puerto Rico,Apparel,Europe,Aberdeen,Reino Unido,Northern Europe,Escocia,9/14/2015 15:24,9/17/2015 15:24,Second Class,129.9900055,1,13.48999977
DEBIT,4,2,17.43000031,49.79000092,Late delivery,1,Cleats,Caguas,Puerto Rico,Apparel,Europe,Berlín,Alemania,Western Europe,Berlín,7/2/2017 20:16,7/6/2017 20:16,Second Class,59.99000168,1,17.43000031
DEBIT,2,2,-82.16000366,49.79000092,Shipping on time,0,Cleats,Caguas,Puerto Rico,Apparel,Europe,Lohne,Alemania,Western Europe,Baja Sajonia,8/18/2015 20:10,8/20/2015 20:10,Second Class,59.99000168,1,-82.16000366
DEBIT,5,2,37.75999832,107.8899994,Late delivery,1,Men's Footwear,Caguas,Puerto Rico,Apparel,Europe,Celle,Alemania,Western Europe,Baja Sajonia,7/10/2017 0:17,7/15/2017 0:17,Second Class,129.9900055,1,37.75999832
DEBIT,2,2,36.68000031,107.8899994,Shipping on time,0,Men's Footwear,Caguas,Puerto Rico,Apparel,Europe,Garches,Francia,Western Europe,Isla de Francia,6/20/2015 12:01,6/22/2015 12:01,Second Class,129.9900055,1,36.68000031
DEBIT,6,2,12.03999996,106.5899963,Late delivery,1,Men's Footwear,Caguas,Puerto Rico,Apparel,Europe,London,Reino Unido,Northern Europe,Inglaterra,8/21/2017 22:39,8/27/2017 22:39,Second Class,129.9900055,1,12.03999996
DEBIT,5,2,125.9100037,292.8200073,Late delivery,1,Children's Clothing,Caguas,Puerto Rico,Apparel,Europe,Treviso,Italia,Southern Europe,Véneto,10/20/2017 23:58,10/25/2017 23:58,Second Class,357.1000061,1,125.9100037
DEBIT,3,2,96.62999725,292.8200073,Late delivery,1,Children's Clothing,Caguas,Puerto Rico,Apparel,Europe,Hasselt,Bélgica,Western Europe,Limburgo,10/25/2017 4:52,10/28/2017 4:52,Second Class,357.1000061,1,96.62999725
DEBIT,4,2,5.329999924,106.5899963,Late delivery,1,Men's Footwear,Caguas,Puerto Rico,Apparel,Europe,Nice,Francia,Western Europe,Provenza-Alpes-Costa Azul,9/7/2017 8:05,9/11/2017 8:05,Second Class,129.9900055,1,5.329999924
DEBIT,6,2,52.22999954,106.5899963,Late delivery,1,Men's Footwear,Caguas,Puerto Rico,Apparel,Europe,Le Blanc-Mesnil,Francia,Western Europe,Isla de Francia,10/13/2015 8:53,10/19/2015 8:53,Second Class,129.9900055,1,52.22999954
DEBIT,2,2,10.65999985,106.5899963,Shipping on time,0,Men's Footwear,Caguas,Puerto Rico,Apparel,Europe,Dijon,Francia,Western Europe,Borgoña-Franco Condado,9/5/2015 15:35,9/7/2015 15:35,Second Class,129.9900055,1,10.65999985
DEBIT,6,2,9.380000114,106.5899963,Late delivery,1,Men's Footwear,Caguas,Puerto Rico,Apparel,Europe,Antony,Francia,Western Europe,Isla de Francia,6/4/2015 10:17,6/10/2015 10:17,Second Class,129.9900055,1,9.380000114
DEBIT,4,2,-3.950000048,103.9899979,Late delivery,1,Men's Footwear,Caguas,Puerto Rico,Apparel,Europe,Birmingham,Reino Unido,Northern Europe,Inglaterra,8/25/2015 21:02,8/29/2015 21:02,Second Class,129.9900055,1,-3.950000048
DEBIT,6,2,11.43999958,103.9899979,Late delivery,1,Men's Footwear,Caguas,Puerto Rico,Apparel,Europe,Aylesbury,Reino Unido,Northern Europe,Inglaterra,7/28/2015 0:03,8/3/2015 0:03,Second Class,129.9900055,1,11.43999958
DEBIT,3,2,32.27999878,285.6799927,Late delivery,1,Children's Clothing,Caguas,Puerto Rico,Apparel,Europe,Carrara,Italia,Southern Europe,Toscana,10/20/2017 11:00,10/23/2017 11:00,Second Class,357.1000061,1,32.27999878
DEBIT,4,2,50.95999908,103.9899979,Late delivery,1,Men's Footwear,Caguas,Puerto Rico,Apparel,Europe,Las Rozas de Madrid,España,Southern Europe,Madrid,7/14/2017 10:47,7/18/2017 10:47,Second Class,129.9900055,1,50.95999908
DEBIT,4,2,139.9799957,285.6799927,Late delivery,1,Children's Clothing,Caguas,Puerto Rico,Apparel,Europe,Paris,Francia,Western Europe,Isla de Francia,10/19/2017 16:05,10/23/2017 16:05,Second Class,357.1000061,1,139.9799957
DEBIT,6,2,30.15999985,103.9899979,Late delivery,1,Men's Footwear,Caguas,Puerto Rico,Apparel,Europe,Le Blanc-Mesnil,Francia,Western Europe,Isla de Francia,10/13/2015 8:53,10/19/2015 8:53,Second Class,129.9900055,1,30.15999985
DEBIT,5,2,-14.61999989,97.48999786,Late delivery,1,Men's Footwear,Caguas,Puerto Rico,Apparel,Europe,Leicester,Reino Unido,Northern Europe,Inglaterra,8/25/2017 15:38,8/30/2017 15:38,Second Class,129.9900055,1,-14.61999989
DEBIT,6,2,14.61999989,44.99000168,Late delivery,1,Cleats,Caguas,Puerto Rico,Apparel,Europe,Stuttgart,Alemania,Western Europe,Baden-Wurtemberg,7/6/2017 9:03,7/12/2017 9:03,Second Class,59.99000168,1,14.61999989
DEBIT,3,2,25.35000038,97.48999786,Late delivery,1,Men's Footwear,Caguas,Puerto Rico,Apparel,Europe,Wattrelos,Francia,Western Europe,Norte-Paso de Calais-Picardía,8/13/2017 22:39,8/16/2017 22:39,Second Class,129.9900055,1,25.35000038
DEBIT,6,2,3.519999981,39.99000168,Late delivery,1,Shop By Sport,Caguas,Puerto Rico,Golf,Europe,Turin,Italia,Southern Europe,Piamonte,7/18/2017 6:34,7/24/2017 6:34,Second Class,39.99000168,1,3.519999981
DEBIT,6,2,-8.069999695,49.5,Late delivery,1,Women's Apparel,Caguas,Puerto Rico,Golf,Europe,Edinburgh,Reino Unido,Northern Europe,Escocia,10/15/2015 1:10,10/21/2015 1:10,Second Class,50.0,1,-8.069999695
DEBIT,5,2,-0.50999999,39.59000015,Late delivery,1,Shop By Sport,Caguas,Puerto Rico,Golf,Europe,Alphen aan den Rijn,Países Bajos,Western Europe,Holanda Meridional,7/18/2015 17:14,7/23/2015 17:14,Second Class,39.99000168,1,-0.50999999
DEBIT,2,2,-3.279999971,49.0,Shipping on time,0,Women's Apparel,Caguas,Puerto Rico,Golf,Europe,Budapest,Hungría,Eastern Europe,Budapest,11/21/2016 18:18,11/23/2016 18:18,Second Class,50.0,1,-3.279999971
DEBIT,5,2,23.28000069,48.5,Late delivery,1,Women's Apparel,Caguas,Puerto Rico,Golf,Europe,Viena,Austria,Western Europe,Viena,10/23/2015 8:31,10/28/2015 8:31,Second Class,50.0,1,23.28000069
DEBIT,5,2,-10.80000019,48.0,Late delivery,1,Women's Apparel,Caguas,Puerto Rico,Golf,Europe,Langenhagen,Alemania,Western Europe,Baja Sajonia,8/8/2017 10:13,8/13/2017 10:13,Second Class,50.0,1,-10.80000019
DEBIT,4,2,16.79999924,48.0,Late delivery,1,Women's Apparel,Caguas,Puerto Rico,Golf,Europe,Castres,Francia,Western Europe,Languedoc-Rosellón-Mediodía-Pirineos,7/13/2017 1:30,7/17/2017 1:30,Second Class,50.0,1,16.79999924
DEBIT,4,2,21.60000038,48.0,Late delivery,1,Women's Apparel,Caguas,Puerto Rico,Golf,Europe,Doetinchem,Países Bajos,Western Europe,Güeldres,10/13/2015 20:26,10/17/2015 20:26,Second Class,50.0,1,21.60000038
DEBIT,3,2,4.179999828,47.5,Late delivery,1,Women's Apparel,Caguas,Puerto Rico,Golf,Europe,Milan,Italia,Southern Europe,Lombardía,5/31/2015 14:09,6/3/2015 14:09,Second Class,50.0,1,4.179999828
DEBIT,2,2,4.75,47.5,Shipping on time,0,Women's Apparel,Caguas,Puerto Rico,Golf,Europe,Miramas,Francia,Western Europe,Provenza-Alpes-Costa Azul,9/1/2017 14:45,9/3/2017 14:45,Second Class,50.0,1,4.75
DEBIT,4,2,3.779999971,37.79000092,Late delivery,1,Shop By Sport,Caguas,Puerto Rico,Golf,Europe,Marignane,Francia,Western Europe,Provenza-Alpes-Costa Azul,6/11/2015 2:45,6/15/2015 2:45,Second Class,39.99000168,1,3.779999971
DEBIT,4,2,8.659999847,36.38999939,Late delivery,1,Shop By Sport,Caguas,Puerto Rico,Golf,Europe,Pamplona,España,Southern Europe,Navarra,9/19/2017 3:52,9/23/2017 3:52,Second Class,39.99000168,1,8.659999847
DEBIT,6,2,12.73999977,36.38999939,Late delivery,1,Shop By Sport,Caguas,Puerto Rico,Golf,Europe,Rennes,Francia,Western Europe,Bretaña,10/4/2015 14:40,10/10/2015 14:40,Second Class,39.99000168,1,12.73999977
DEBIT,6,2,21.14999962,45.0,Late delivery,1,Women's Apparel,Caguas,Puerto Rico,Golf,Europe,Ajaccio,Francia,Western Europe,Corse,9/12/2015 22:25,9/18/2015 22:25,Second Class,50.0,1,21.14999962
DEBIT,3,2,2.640000105,35.18999863,Late delivery,1,Shop By Sport,Caguas,Puerto Rico,Golf,Europe,Garforth,Reino Unido,Northern Europe,Inglaterra,6/16/2015 19:02,6/19/2015 19:02,Second Class,39.99000168,1,2.640000105
DEBIT,6,2,1.909999967,25.5,Late delivery,1,Girls' Apparel,Caguas,Puerto Rico,Golf,Europe,Ingolstadt,Alemania,Western Europe,Bavaria,7/1/2015 5:10,7/7/2015 5:10,Second Class,30.0,1,1.909999967
DEBIT,6,2,5.099999905,33.99000168,Late delivery,1,Shop By Sport,Caguas,Puerto Rico,Golf,Europe,Six-Fours-les-Plages,Francia,Western Europe,Provenza-Alpes-Costa Azul,7/5/2017 15:32,7/11/2017 15:32,Second Class,39.99000168,1,5.099999905
DEBIT,4,2,13.76000023,31.98999977,Late delivery,1,Shop By Sport,Caguas,Puerto Rico,Golf,Europe,Martigues,Francia,Western Europe,Provenza-Alpes-Costa Azul,10/8/2015 10:49,10/12/2015 10:49,Second Class,39.99000168,1,13.76000023
DEBIT,2,2,6.400000095,40.0,Shipping on time,0,Women's Apparel,Yauco,Puerto Rico,Golf,Europe,Courbevoie,Francia,Western Europe,Isla de Francia,9/23/2015 0:30,9/25/2015 0:30,Second Class,50.0,1,6.400000095
DEBIT,4,2,9.100000381,19.79000092,Late delivery,1,Golf Balls,Caguas,Puerto Rico,Outdoors,Europe,Banska Bystrica,Eslovaquia,Eastern Europe,Banská Bystrica,11/28/2016 3:24,12/2/2016 3:24,Second Class,19.98999977,1,9.100000381
DEBIT,4,2,8.729999542,24.23999977,Late delivery,1,Accessories,Caguas,Puerto Rico,Outdoors,Europe,Franconville,Francia,Western Europe,Isla de Francia,7/7/2015 5:52,7/11/2015 5:52,Second Class,24.98999977,1,8.729999542
DEBIT,5,2,48.02999878,100.0500031,Late delivery,1,Kids' Golf Clubs,Caguas,Puerto Rico,Outdoors,Europe,Eastbourne,Reino Unido,Northern Europe,Inglaterra,9/5/2017 12:38,9/10/2017 12:38,Second Class,109.9499969,1,48.02999878
DEBIT,2,2,45.5,363.9899902,Shipping on time,0,Kids' Golf Clubs,Caguas,Puerto Rico,Outdoors,Europe,Copenhagen,Dinamarca,Northern Europe,Región Capital,9/16/2017 12:06,9/18/2017 12:06,Second Class,399.9899902,1,45.5
DEBIT,3,2,1.919999957,16.98999977,Late delivery,1,Golf Balls,Caguas,Puerto Rico,Outdoors,Europe,Montreuil,Francia,Western Europe,Isla de Francia,8/31/2015 13:19,9/3/2015 13:19,Second Class,19.98999977,1,1.919999957
DEBIT,6,2,-4.909999847,169.1499939,Late delivery,1,Kids' Golf Clubs,Caguas,Puerto Rico,Outdoors,Europe,Mantes-la-Jolie,Francia,Western Europe,Isla de Francia,8/2/2017 12:41,8/8/2017 12:41,Second Class,199.0,1,-4.909999847
DEBIT,4,2,15.0,299.980011,Late delivery,1,Camping & Hiking,Caguas,Puerto Rico,Fan Shop,Europe,Manchester,Reino Unido,Northern Europe,Inglaterra,9/1/2017 11:57,9/5/2017 11:57,Second Class,299.980011,1,15.0
DEBIT,6,2,-679.9699707,399.980011,Late delivery,1,Fishing,Caguas,Puerto Rico,Fan Shop,Europe,Rennes,Francia,Western Europe,Bretaña,10/4/2015 14:40,10/10/2015 14:40,Second Class,399.980011,1,-679.9699707
DEBIT,2,2,199.9900055,399.980011,Shipping on time,0,Fishing,Caguas,Puerto Rico,Fan Shop,Europe,Erlangen,Alemania,Western Europe,Bavaria,8/18/2015 21:55,8/20/2015 21:55,Second Class,399.980011,1,199.9900055
DEBIT,4,2,-22.27000046,296.980011,Late delivery,1,Camping & Hiking,Caguas,Puerto Rico,Fan Shop,Europe,Marseille,Francia,Western Europe,Provenza-Alpes-Costa Azul,9/18/2015 23:06,9/22/2015 23:06,Second Class,299.980011,1,-22.27000046
DEBIT,4,2,85.25,293.980011,Late delivery,1,Camping & Hiking,Caguas,Puerto Rico,Fan Shop,Europe,Basingstoke,Reino Unido,Northern Europe,Inglaterra,9/29/2015 9:36,10/3/2015 9:36,Second Class,299.980011,1,85.25
DEBIT,2,2,0.0,391.980011,Shipping on time,0,Fishing,Caguas,Puerto Rico,Fan Shop,Europe,Barcelona,España,Southern Europe,Cataluña,6/14/2015 5:22,6/16/2015 5:22,Second Class,399.980011,1,0.0
DEBIT,6,2,136.7599945,290.980011,Late delivery,1,Camping & Hiking,Caguas,Puerto Rico,Fan Shop,Europe,Reims,Francia,Western Europe,Alsacia-Champaña-Ardenas-Lorena,9/17/2017 8:46,9/23/2017 8:46,Second Class,299.980011,1,136.7599945
DEBIT,5,2,-451.019989,290.980011,Late delivery,1,Camping & Hiking,Caguas,Puerto Rico,Fan Shop,Europe,Chaumont,Francia,Western Europe,Alsacia-Champaña-Ardenas-Lorena,6/28/2015 10:15,7/3/2015 10:15,Second Class,299.980011,1,-451.019989
DEBIT,4,2,-590.3599854,287.980011,Late delivery,1,Camping & Hiking,Caguas,Puerto Rico,Fan Shop,Europe,Lublin,Polonia,Eastern Europe,Lublin,10/9/2016 22:44,10/13/2016 22:44,Second Class,299.980011,1,-590.3599854
DEBIT,6,2,-268.7900085,383.980011,Late delivery,1,Fishing,Caguas,Puerto Rico,Fan Shop,Europe,Edinburgh,Reino Unido,Northern Europe,Escocia,10/15/2015 1:10,10/21/2015 1:10,Second Class,399.980011,1,-268.7900085
DEBIT,5,2,184.3099976,383.980011,Late delivery,1,Fishing,Caguas,Puerto Rico,Fan Shop,Europe,Lowestoft,Reino Unido,Northern Europe,Inglaterra,9/20/2015 21:00,9/25/2015 21:00,Second Class,399.980011,1,184.3099976
DEBIT,3,2,72.0,287.980011,Late delivery,1,Camping & Hiking,Caguas,Puerto Rico,Fan Shop,Europe,Seville,España,Southern Europe,Andalucía,6/25/2017 18:00,6/28/2017 18:00,Second Class,299.980011,1,72.0
DEBIT,6,2,-12.67000008,287.980011,Late delivery,1,Camping & Hiking,Caguas,Puerto Rico,Fan Shop,Europe,Marseille,Francia,Western Europe,Provenza-Alpes-Costa Azul,10/13/2015 10:38,10/19/2015 10:38,Second Class,299.980011,1,-12.67000008
DEBIT,3,2,60.47999954,287.980011,Late delivery,1,Camping & Hiking,Caguas,Puerto Rico,Fan Shop,Europe,Lannion,Francia,Western Europe,Bretaña,9/30/2015 20:17,10/3/2015 20:17,Second Class,299.980011,1,60.47999954
DEBIT,6,2,129.7899933,383.980011,Late delivery,1,Fishing,Caguas,Puerto Rico,Fan Shop,Europe,Antony,Francia,Western Europe,Isla de Francia,6/4/2015 10:17,6/10/2015 10:17,Second Class,399.980011,1,129.7899933
DEBIT,6,2,60.13000107,284.980011,Late delivery,1,Camping & Hiking,Caguas,Puerto Rico,Fan Shop,Europe,Aylesbury,Reino Unido,Northern Europe,Inglaterra,7/28/2015 0:03,8/3/2015 0:03,Second Class,299.980011,1,60.13000107
DEBIT,4,2,11.39999962,379.980011,Late delivery,1,Fishing,Caguas,Puerto Rico,Fan Shop,Europe,Martigues,Francia,Western Europe,Provenza-Alpes-Costa Azul,10/8/2015 10:49,10/12/2015 10:49,Second Class,399.980011,1,11.39999962
DEBIT,3,2,110.5599976,283.480011,Late delivery,1,Camping & Hiking,Caguas,Puerto Rico,Fan Shop,Europe,Girona,España,Southern Europe,Cataluña,7/28/2017 12:31,7/31/2017 12:31,Second Class,299.980011,1,110.5599976
DEBIT,6,2,133.2400055,283.480011,Late delivery,1,Camping & Hiking,Caguas,Puerto Rico,Fan Shop,Europe,Burgos,España,Southern Europe,Castilla y León,9/17/2015 9:16,9/23/2015 9:16,Second Class,299.980011,1,133.2400055
DEBIT,2,2,24.95000076,283.480011,Shipping on time,0,Camping & Hiking,Caguas,Puerto Rico,Fan Shop,Europe,Pamiers,Francia,Western Europe,Languedoc-Rosellón-Mediodía-Pirineos,8/2/2015 20:32,8/4/2015 20:32,Second Class,299.980011,1,24.95000076
DEBIT,6,2,111.5899963,278.980011,Late delivery,1,Camping & Hiking,Caguas,Puerto Rico,Fan Shop,Europe,Nacka,Suecia,Northern Europe,Estocolmo,9/22/2017 20:09,9/28/2017 20:09,Second Class,299.980011,1,111.5899963
DEBIT,5,2,128.3300018,278.980011,Late delivery,1,Camping & Hiking,Caguas,Puerto Rico,Fan Shop,Europe,Lowestoft,Reino Unido,Northern Europe,Inglaterra,9/20/2015 21:00,9/25/2015 21:00,Second Class,299.980011,1,128.3300018
DEBIT,5,2,145.0700073,371.980011,Late delivery,1,Fishing,Caguas,Puerto Rico,Fan Shop,Europe,London,Reino Unido,Northern Europe,Inglaterra,9/19/2015 9:58,9/24/2015 9:58,Second Class,399.980011,1,145.0700073
DEBIT,2,2,131.1199951,278.980011,Shipping on time,0,Camping & Hiking,Caguas,Puerto Rico,Fan Shop,Europe,Pamiers,Francia,Western Europe,Languedoc-Rosellón-Mediodía-Pirineos,8/2/2015 20:32,8/4/2015 20:32,Second Class,299.980011,1,131.1199951
DEBIT,4,2,167.4299927,363.980011,Late delivery,1,Fishing,Caguas,Puerto Rico,Fan Shop,Europe,London,Reino Unido,Northern Europe,Inglaterra,7/14/2015 18:17,7/18/2015 18:17,Second Class,399.980011,1,167.4299927
DEBIT,6,2,-91.0,363.980011,Late delivery,1,Fishing,Caguas,Puerto Rico,Fan Shop,Europe,Madrid,España,Southern Europe,Madrid,8/20/2015 6:51,8/26/2015 6:51,Second Class,399.980011,1,-91.0
DEBIT,4,2,88.72000122,272.980011,Late delivery,1,Camping & Hiking,Caguas,Puerto Rico,Fan Shop,Europe,Castres,Francia,Western Europe,Languedoc-Rosellón-Mediodía-Pirineos,7/13/2017 1:30,7/17/2017 1:30,Second Class,299.980011,1,88.72000122
DEBIT,2,2,-409.4700012,272.980011,Shipping on time,0,Camping & Hiking,Caguas,Puerto Rico,Fan Shop,Europe,Pamiers,Francia,Western Europe,Languedoc-Rosellón-Mediodía-Pirineos,8/2/2015 20:32,8/4/2015 20:32,Second Class,299.980011,1,-409.4700012
DEBIT,2,2,-266.7999878,363.980011,Shipping on time,0,Fishing,Caguas,Puerto Rico,Fan Shop,Europe,Dijon,Francia,Western Europe,Borgoña-Franco Condado,9/5/2015 15:35,9/7/2015 15:35,Second Class,399.980011,1,-266.7999878
DEBIT,6,2,167.4299927,363.980011,Late delivery,1,Fishing,Caguas,Puerto Rico,Fan Shop,Europe,Corbeil-Essonnes,Francia,Western Europe,Isla de Francia,8/7/2015 10:33,8/13/2015 10:33,Second Class,399.980011,1,167.4299927
DEBIT,2,2,-197.8999939,269.980011,Shipping on time,0,Camping & Hiking,Caguas,Puerto Rico,Fan Shop,Europe,Dabrowa Gornicza,Polonia,Eastern Europe,Silesia,12/3/2016 17:35,12/5/2016 17:35,Second Class,299.980011,1,-197.8999939
DEBIT,4,2,94.48999786,269.980011,Late delivery,1,Camping & Hiking,Caguas,Puerto Rico,Fan Shop,Europe,Banska Bystrica,Eslovaquia,Eastern Europe,Banská Bystrica,11/28/2016 3:24,12/2/2016 3:24,Second Class,299.980011,1,94.48999786
DEBIT,6,2,176.3899994,359.980011,Late delivery,1,Fishing,Caguas,Puerto Rico,Fan Shop,Europe,Estocolmo,Suecia,Northern Europe,Estocolmo,9/17/2015 23:17,9/23/2015 23:17,Second Class,399.980011,1,176.3899994
DEBIT,3,2,78.29000092,269.980011,Late delivery,1,Camping & Hiking,Caguas,Puerto Rico,Fan Shop,Europe,Treviso,Italia,Southern Europe,Véneto,10/3/2015 6:05,10/6/2015 6:05,Second Class,299.980011,1,78.29000092
DEBIT,4,2,-10.26000023,269.980011,Late delivery,1,Camping & Hiking,San Juan,Puerto Rico,Fan Shop,Europe,Remscheid,Alemania,Western Europe,Renania del Norte-Westfalia,9/5/2015 11:02,9/9/2015 11:02,Second Class,299.980011,1,-10.26000023
DEBIT,2,2,22.68000031,359.980011,Shipping on time,0,Fishing,Caguas,Puerto Rico,Fan Shop,Europe,Dijon,Francia,Western Europe,Borgoña-Franco Condado,9/5/2015 15:35,9/7/2015 15:35,Second Class,399.980011,1,22.68000031
DEBIT,6,2,4.320000172,359.980011,Late delivery,1,Fishing,Caguas,Puerto Rico,Fan Shop,Europe,Nice,Francia,Western Europe,Provenza-Alpes-Costa Azul,8/7/2015 8:48,8/13/2015 8:48,Second Class,399.980011,1,4.320000172
DEBIT,3,2,26.39999962,263.980011,Late delivery,1,Camping & Hiking,Caguas,Puerto Rico,Fan Shop,Europe,Aberdeen,Reino Unido,Northern Europe,Escocia,9/14/2015 15:24,9/17/2015 15:24,Second Class,299.980011,1,26.39999962
DEBIT,2,2,74.97000122,351.980011,Shipping on time,0,Fishing,Caguas,Puerto Rico,Fan Shop,Europe,Porto,Portugal,Southern Europe,Porto,6/9/2015 23:46,6/11/2015 23:46,Second Class,399.980011,1,74.97000122
DEBIT,6,2,118.9700012,351.980011,Late delivery,1,Fishing,Caguas,Puerto Rico,Fan Shop,Europe,Nice,Francia,Western Europe,Provenza-Alpes-Costa Azul,8/7/2015 8:48,8/13/2015 8:48,Second Class,399.980011,1,118.9700012
DEBIT,3,2,101.7799988,260.980011,Late delivery,1,Camping & Hiking,Caguas,Puerto Rico,Fan Shop,Europe,Aberdeen,Reino Unido,Northern Europe,Escocia,9/14/2015 15:24,9/17/2015 15:24,Second Class,299.980011,1,101.7799988
DEBIT,2,2,49.06000137,260.980011,Shipping on time,0,Camping & Hiking,Yauco,Puerto Rico,Fan Shop,Europe,Courbevoie,Francia,Western Europe,Isla de Francia,9/23/2015 0:30,9/25/2015 0:30,Second Class,299.980011,1,49.06000137
DEBIT,3,2,97.44000244,347.980011,Late delivery,1,Fishing,Caguas,Puerto Rico,Fan Shop,Europe,Marseille,Francia,Western Europe,Provenza-Alpes-Costa Azul,9/18/2015 22:45,9/21/2015 22:45,Second Class,399.980011,1,97.44000244
DEBIT,2,2,163.1900024,339.980011,Shipping on time,0,Fishing,Caguas,Puerto Rico,Fan Shop,Europe,Swansea,Reino Unido,Northern Europe,Gales,10/23/2015 12:43,10/25/2015 12:43,Second Class,399.980011,1,163.1900024
DEBIT,2,2,12.75,254.9799957,Shipping on time,0,Camping & Hiking,Caguas,Puerto Rico,Fan Shop,Europe,Parma,Italia,Southern Europe,Emilia-Romaña,8/14/2015 2:18,8/16/2015 2:18,Second Class,299.980011,1,12.75
DEBIT,5,2,71.40000153,254.9799957,Late delivery,1,Camping & Hiking,Caguas,Puerto Rico,Fan Shop,Europe,Castelldefels,España,Southern Europe,Cataluña,6/2/2015 10:38,6/7/2015 10:38,Second Class,299.980011,1,71.40000153
DEBIT,5,2,17.85000038,254.9799957,Late delivery,1,Camping & Hiking,Caguas,Puerto Rico,Fan Shop,Europe,Wolfsburg,Alemania,Western Europe,Baja Sajonia,8/20/2015 20:31,8/25/2015 20:31,Second Class,299.980011,1,17.85000038
DEBIT,2,2,65.51999664,251.9799957,Shipping on time,0,Camping & Hiking,Caguas,Puerto Rico,Fan Shop,Europe,Copenhagen,Dinamarca,Northern Europe,Región Capital,9/16/2017 12:06,9/18/2017 12:06,Second Class,299.980011,1,65.51999664
DEBIT,5,2,109.1900024,335.980011,Late delivery,1,Fishing,Caguas,Puerto Rico,Fan Shop,Europe,Sunderland,Reino Unido,Northern Europe,Inglaterra,8/16/2015 16:40,8/21/2015 16:40,Second Class,399.980011,1,109.1900024
DEBIT,3,2,75.58999634,251.9799957,Late delivery,1,Camping & Hiking,Caguas,Puerto Rico,Fan Shop,Europe,Rome,Italia,Southern Europe,Lacio,10/20/2015 23:45,10/23/2015 23:45,Second Class,299.980011,1,75.58999634
DEBIT,4,2,78.87000275,251.9799957,Late delivery,1,Camping & Hiking,Caguas,Puerto Rico,Fan Shop,Europe,Lisbon,Portugal,Southern Europe,Lisboa,9/25/2015 18:01,9/29/2015 18:01,Second Class,299.980011,1,78.87000275
DEBIT,3,2,113.5599976,335.980011,Late delivery,1,Fishing,Caguas,Puerto Rico,Fan Shop,Europe,Versailles,Francia,Western Europe,Isla de Francia,9/26/2015 9:26,9/29/2015 9:26,Second Class,399.980011,1,113.5599976
DEBIT,4,2,33.59999847,335.980011,Late delivery,1,Fishing,Caguas,Puerto Rico,Fan Shop,Europe,Amsterdam,Países Bajos,Western Europe,Holanda Septentrional,9/6/2015 2:48,9/10/2015 2:48,Second Class,399.980011,1,33.59999847
DEBIT,6,2,120.5100021,331.980011,Late delivery,1,Fishing,Caguas,Puerto Rico,Fan Shop,Europe,West Bromwich,Reino Unido,Northern Europe,Inglaterra,8/4/2015 0:13,8/10/2015 0:13,Second Class,399.980011,1,120.5100021
DEBIT,6,2,64.73999786,248.9799957,Late delivery,1,Camping & Hiking,Caguas,Puerto Rico,Fan Shop,Europe,Duisburg,Alemania,Western Europe,Renania del Norte-Westfalia,8/8/2017 8:49,8/14/2017 8:49,Second Class,299.980011,1,64.73999786
DEBIT,4,2,-373.480011,248.9799957,Late delivery,1,Camping & Hiking,Caguas,Puerto Rico,Fan Shop,Europe,Argenteuil,Francia,Western Europe,Isla de Francia,6/26/2017 20:37,6/30/2017 20:37,Second Class,299.980011,1,-373.480011
DEBIT,4,2,154.1499939,327.980011,Late delivery,1,Fishing,Caguas,Puerto Rico,Fan Shop,Europe,Birmingham,Reino Unido,Northern Europe,Inglaterra,8/17/2015 18:35,8/21/2015 18:35,Second Class,399.980011,1,154.1499939
DEBIT,6,2,-885.5599976,327.980011,Late delivery,1,Fishing,Caguas,Puerto Rico,Fan Shop,Europe,Capannori,Italia,Southern Europe,Toscana,10/14/2015 5:54,10/20/2015 5:54,Second Class,399.980011,1,-885.5599976
DEBIT,3,2,61.5,245.9799957,Late delivery,1,Camping & Hiking,Caguas,Puerto Rico,Fan Shop,Europe,Emmen,Países Bajos,Western Europe,Drenthe,7/27/2017 12:00,7/30/2017 12:00,Second Class,299.980011,1,61.5
DEBIT,5,2,-75.11000061,327.980011,Late delivery,1,Fishing,Caguas,Puerto Rico,Fan Shop,Europe,Viena,Austria,Western Europe,Viena,10/23/2015 8:31,10/28/2015 8:31,Second Class,399.980011,1,-75.11000061
DEBIT,4,2,45.91999817,327.980011,Late delivery,1,Fishing,Caguas,Puerto Rico,Fan Shop,Europe,Herten,Alemania,Western Europe,Renania del Norte-Westfalia,6/18/2015 1:09,6/22/2015 1:09,Second Class,399.980011,1,45.91999817
DEBIT,2,2,-61.65999985,327.980011,Shipping on time,0,Fishing,Caguas,Puerto Rico,Fan Shop,Europe,Saint-Malo,Francia,Western Europe,Bretaña,6/11/2015 16:03,6/13/2015 16:03,Second Class,399.980011,1,-61.65999985
DEBIT,3,2,72.0,239.9799957,Late delivery,1,Camping & Hiking,Caguas,Puerto Rico,Fan Shop,Europe,Blagoveshchensk,Rusia,Eastern Europe,Amur,12/23/2016 16:09,12/26/2016 16:09,Second Class,299.980011,1,72.0
DEBIT,6,2,116.1500015,319.980011,Late delivery,1,Fishing,Caguas,Puerto Rico,Fan Shop,Europe,Capannori,Italia,Southern Europe,Toscana,10/14/2015 5:54,10/20/2015 5:54,Second Class,399.980011,1,116.1500015
DEBIT,2,2,86.40000153,319.980011,Shipping on time,0,Fishing,Caguas,Puerto Rico,Fan Shop,Europe,Pamiers,Francia,Western Europe,Languedoc-Rosellón-Mediodía-Pirineos,8/2/2015 20:32,8/4/2015 20:32,Second Class,399.980011,1,86.40000153
DEBIT,2,2,100.1500015,319.980011,Shipping on time,0,Fishing,Caguas,Puerto Rico,Fan Shop,Europe,Saint-Malo,Francia,Western Europe,Bretaña,6/11/2015 16:03,6/13/2015 16:03,Second Class,399.980011,1,100.1500015
DEBIT,3,2,61.86999893,224.9900055,Late delivery,1,Camping & Hiking,Caguas,Puerto Rico,Fan Shop,Europe,Blagoveshchensk,Rusia,Eastern Europe,Amur,12/23/2016 16:09,12/26/2016 16:09,Second Class,299.980011,1,61.86999893
DEBIT,3,2,45.0,224.9900055,Late delivery,1,Camping & Hiking,Caguas,Puerto Rico,Fan Shop,Europe,Vitoria,España,Southern Europe,País Vasco,7/10/2017 4:50,7/13/2017 4:50,Second Class,299.980011,1,45.0
DEBIT,3,2,108.8899994,299.9899902,Late delivery,1,Fishing,Caguas,Puerto Rico,Fan Shop,Europe,Rome,Italia,Southern Europe,Lacio,10/20/2015 23:45,10/23/2015 23:45,Second Class,399.980011,1,108.8899994
DEBIT,6,2,87.0,299.9899902,Late delivery,1,Fishing,Caguas,Puerto Rico,Fan Shop,Europe,Le Blanc-Mesnil,Francia,Western Europe,Isla de Francia,10/13/2015 8:53,10/19/2015 8:53,Second Class,399.980011,1,87.0
DEBIT,4,2,146.9900055,299.9899902,Late delivery,1,Fishing,Caguas,Puerto Rico,Fan Shop,Europe,Muret,Francia,Western Europe,Languedoc-Rosellón-Mediodía-Pirineos,7/27/2015 4:05,7/31/2015 4:05,Second Class,399.980011,1,146.9900055
DEBIT,3,2,9.25,29.84000015,Late delivery,1,Books ,Caguas,Puerto Rico,Book Shop,Europe,Toulon,Francia,Western Europe,Provenza-Alpes-Costa Azul,10/5/2017 1:23,10/8/2017 1:23,Second Class,31.07999992,1,9.25
DEBIT,2,2,9.460000038,27.04000092,Shipping on time,0,Books ,Caguas,Puerto Rico,Book Shop,Europe,Paris,Francia,Western Europe,Isla de Francia,10/4/2017 4:01,10/6/2017 4:01,Second Class,31.07999992,1,9.460000038
DEBIT,3,2,3.50999999,26.42000008,Late delivery,1,Books ,Caguas,Puerto Rico,Book Shop,Europe,Bari,Italia,Southern Europe,Apulia,10/3/2017 21:21,10/6/2017 21:21,Second Class,31.07999992,1,3.50999999
DEBIT,6,2,6.760000229,23.30999947,Late delivery,1,Books ,Caguas,Puerto Rico,Book Shop,Europe,Essen,Alemania,Western Europe,Renania del Norte-Westfalia,10/6/2017 16:58,10/12/2017 16:58,Second Class,31.07999992,1,6.760000229
DEBIT,3,2,36.15999985,164.3800049,Late delivery,1,DVDs,Caguas,Puerto Rico,Discs Shop,Europe,Reims,Francia,Western Europe,Alsacia-Champaña-Ardenas-Lorena,11/9/2017 23:14,11/12/2017 23:14,Second Class,164.3800049,1,36.15999985
DEBIT,4,2,-410.7900085,161.0899963,Late delivery,1,DVDs,Caguas,Puerto Rico,Discs Shop,Europe,Clichy-sous-Bois,Francia,Western Europe,Isla de Francia,11/10/2017 4:50,11/14/2017 4:50,Second Class,164.3800049,1,-410.7900085
DEBIT,6,2,32.22000122,161.0899963,Late delivery,1,DVDs,Caguas,Puerto Rico,Discs Shop,Europe,Reims,Francia,Western Europe,Alsacia-Champaña-Ardenas-Lorena,11/9/2017 22:32,11/15/2017 22:32,Second Class,164.3800049,1,32.22000122
DEBIT,4,2,-254.3000031,149.5899963,Late delivery,1,DVDs,Caguas,Puerto Rico,Discs Shop,Europe,Gennevilliers,Francia,Western Europe,Isla de Francia,11/9/2017 7:49,11/13/2017 7:49,Second Class,164.3800049,1,-254.3000031
DEBIT,2,2,-115.7200012,144.6499939,Shipping on time,0,DVDs,Caguas,Puerto Rico,Discs Shop,Europe,Toulouse,Francia,Western Europe,Languedoc-Rosellón-Mediodía-Pirineos,11/9/2017 7:07,11/11/2017 7:07,Second Class,164.3800049,1,-115.7200012
DEBIT,6,2,-16.79000092,9.600000381,Late delivery,1,CDs ,Caguas,Puerto Rico,Discs Shop,Europe,Exeter,Reino Unido,Northern Europe,Inglaterra,10/8/2017 9:16,10/14/2017 9:16,Second Class,11.28999996,1,-16.79000092
DEBIT,3,2,2.559999943,9.479999542,Late delivery,1,CDs ,Caguas,Puerto Rico,Discs Shop,Europe,Karlstad,Suecia,Northern Europe,Värmland,10/8/2017 15:13,10/11/2017 15:13,Second Class,11.28999996,1,2.559999943
DEBIT,6,2,16.15999985,138.0800018,Late delivery,1,DVDs,Caguas,Puerto Rico,Discs Shop,Europe,Dublín,Irlanda,Northern Europe,Dublín,11/8/2017 23:46,11/14/2017 23:46,Second Class,164.3800049,1,16.15999985
DEBIT,4,2,-126.8199997,245.2899933,Late delivery,1,Consumer Electronics,Caguas,Puerto Rico,Technology,Europe,Florence,Italia,Southern Europe,Toscana,11/2/2017 23:25,11/6/2017 23:25,Second Class,252.8800049,1,-126.8199997
DEBIT,6,2,281.25,1125.0,Late delivery,1,Computers,Caguas,Puerto Rico,Technology,Europe,Viena,Austria,Western Europe,Viena,10/30/2017 10:17,11/5/2017 10:17,Second Class,1500.0,1,281.25
DEBIT,5,2,26.72999954,98.98999786,Late delivery,1,Cardio Equipment,Caguas,Puerto Rico,Footwear,Europe,Maidstone,Reino Unido,Northern Europe,Inglaterra,6/29/2015 0:16,7/4/2015 0:16,Second Class,99.98999786,1,26.72999954
DEBIT,4,2,14.52999973,86.98999786,Late delivery,1,Cardio Equipment,Caguas,Puerto Rico,Footwear,Europe,Salzburgo,Austria,Western Europe,Salzburgo,6/23/2017 19:03,6/27/2017 19:03,Second Class,99.98999786,1,14.52999973
DEBIT,6,2,-41.99000168,59.99000168,Late delivery,1,Cleats,Caguas,Puerto Rico,Apparel,Europe,Reims,Francia,Western Europe,Alsacia-Champaña-Ardenas-Lorena,8/30/2015 15:36,9/5/2015 15:36,Second Class,59.99000168,1,-41.99000168
DEBIT,6,2,-201.4799957,129.9900055,Late delivery,1,Men's Footwear,Caguas,Puerto Rico,Apparel,Europe,Herford,Alemania,Western Europe,Renania del Norte-Westfalia,10/17/2015 14:29,10/23/2015 14:29,Second Class,129.9900055,1,-201.4799957
DEBIT,4,2,-13.22999954,58.79000092,Late delivery,1,Cleats,Caguas,Puerto Rico,Apparel,Europe,Arnsberg,Alemania,Western Europe,Renania del Norte-Westfalia,6/24/2017 2:03,6/28/2017 2:03,Second Class,59.99000168,1,-13.22999954
DEBIT,5,2,-43.09000015,58.79000092,Late delivery,1,Cleats,Caguas,Puerto Rico,Apparel,Europe,Creil,Francia,Western Europe,Norte-Paso de Calais-Picardía,10/13/2015 6:47,10/18/2015 6:47,Second Class,59.99000168,1,-43.09000015
DEBIT,6,2,210.3899994,447.6400146,Late delivery,1,Crafts,Caguas,Puerto Rico,Apparel,Europe,Langenfeld,Alemania,Western Europe,Renania del Norte-Westfalia,11/5/2017 13:26,11/11/2017 13:26,Second Class,461.480011,1,210.3899994
DEBIT,6,2,-91.47000122,124.7900009,Late delivery,1,Men's Footwear,Caguas,Puerto Rico,Apparel,Europe,Chaumont,Francia,Western Europe,Alsacia-Champaña-Ardenas-Lorena,10/18/2015 6:15,10/24/2015 6:15,Second Class,129.9900055,1,-91.47000122
DEBIT,2,2,24.95999908,124.7900009,Shipping on time,0,Men's Footwear,Caguas,Puerto Rico,Apparel,Europe,Hamburgo,Alemania,Western Europe,Hamburgo,10/7/2015 4:20,10/9/2015 4:20,Second Class,129.9900055,1,24.95999908
DEBIT,5,2,34.93999863,124.7900009,Late delivery,1,Men's Footwear,Caguas,Puerto Rico,Apparel,Europe,Erlangen,Alemania,Western Europe,Bavaria,8/18/2015 21:13,8/23/2015 21:13,Second Class,129.9900055,1,34.93999863
DEBIT,4,2,13.94999981,123.4899979,Late delivery,1,Men's Footwear,Caguas,Puerto Rico,Apparel,Europe,Salzburgo,Austria,Western Europe,Salzburgo,6/23/2017 19:03,6/27/2017 19:03,Second Class,129.9900055,1,13.94999981
DEBIT,5,2,7.78000021,123.4899979,Late delivery,1,Men's Footwear,Caguas,Puerto Rico,Apparel,Europe,Berlín,Alemania,Western Europe,Berlín,9/20/2015 17:30,9/25/2015 17:30,Second Class,129.9900055,1,7.78000021
DEBIT,4,2,6.039999962,120.8899994,Late delivery,1,Men's Footwear,Caguas,Puerto Rico,Apparel,Europe,Saint-Germain-en-Laye,Francia,Western Europe,Isla de Francia,7/25/2017 14:48,7/29/2017 14:48,Second Class,129.9900055,1,6.039999962
DEBIT,5,2,32.75999832,116.9899979,Late delivery,1,Men's Footwear,Caguas,Puerto Rico,Apparel,Europe,Rillieux-la-Pape,Francia,Western Europe,Auvernia-Ródano-Alpes,8/19/2015 9:29,8/24/2015 9:29,Second Class,129.9900055,1,32.75999832
DEBIT,3,2,19.10000038,114.3899994,Late delivery,1,Men's Footwear,Caguas,Puerto Rico,Apparel,Europe,Rome,Italia,Southern Europe,Lacio,6/18/2017 21:20,6/21/2017 21:20,Second Class,129.9900055,1,19.10000038
DEBIT,3,2,28.27000046,113.0899963,Late delivery,1,Men's Footwear,Caguas,Puerto Rico,Apparel,Europe,Rome,Italia,Southern Europe,Lacio,7/7/2015 19:31,7/10/2015 19:31,Second Class,129.9900055,1,28.27000046
DEBIT,5,2,116.5,310.6799927,Late delivery,1,Children's Clothing,Caguas,Puerto Rico,Apparel,Europe,Mougins,Francia,Western Europe,Provenza-Alpes-Costa Azul,10/22/2017 21:30,10/27/2017 21:30,Second Class,357.1000061,1,116.5
DEBIT,2,2,37.34999847,110.4899979,Shipping on time,0,Men's Footwear,Caguas,Puerto Rico,Apparel,Europe,Rambouillet,Francia,Western Europe,Isla de Francia,10/1/2015 11:42,10/3/2015 11:42,Second Class,129.9900055,1,37.34999847
DEBIT,3,2,37.13000107,109.1900024,Late delivery,1,Men's Footwear,Caguas,Puerto Rico,Apparel,Europe,Dresden,Alemania,Western Europe,Sajonia,6/25/2017 2:14,6/28/2017 2:14,Second Class,129.9900055,1,37.13000107
DEBIT,2,2,49.13999939,109.1900024,Shipping on time,0,Men's Footwear,Caguas,Puerto Rico,Apparel,Europe,Rambouillet,Francia,Western Europe,Isla de Francia,10/1/2015 11:42,10/3/2015 11:42,Second Class,129.9900055,1,49.13999939
DEBIT,6,2,50.09999847,106.5899963,Late delivery,1,Men's Footwear,Caguas,Puerto Rico,Apparel,Europe,Espoo,Finlandia,Northern Europe,Uusimaa,8/15/2015 16:30,8/21/2015 16:30,Second Class,129.9900055,1,50.09999847
DEBIT,2,2,2.829999924,37.79000092,Shipping on time,0,Shop By Sport,Caguas,Puerto Rico,Golf,Europe,Elx,España,Southern Europe,Valenciana,10/12/2015 15:43,10/14/2015 15:43,Second Class,39.99000168,1,2.829999924
DEBIT,6,2,14.02999973,41.5,Late delivery,1,Women's Apparel,Caguas,Puerto Rico,Golf,Europe,Colchester,Reino Unido,Northern Europe,Inglaterra,6/12/2015 3:58,6/18/2015 3:58,Second Class,50.0,1,14.02999973
DEBIT,5,2,-30.0,37.5,Late delivery,1,Women's Apparel,Caguas,Puerto Rico,Golf,Europe,Brindisi,Italia,Southern Europe,Apulia,9/20/2017 20:30,9/25/2017 20:30,Second Class,50.0,1,-30.0
DEBIT,3,2,8.159999847,24.73999977,Late delivery,1,Accessories,Caguas,Puerto Rico,Outdoors,Europe,Edinburgh,Reino Unido,Northern Europe,Escocia,6/12/2015 18:41,6/15/2015 18:41,Second Class,24.98999977,1,8.159999847
DEBIT,3,2,121.7600021,296.980011,Late delivery,1,Camping & Hiking,Caguas,Puerto Rico,Fan Shop,Europe,Rome,Italia,Southern Europe,Lacio,7/7/2015 19:31,7/10/2015 19:31,Second Class,299.980011,1,121.7600021
DEBIT,3,2,103.9400024,296.980011,Late delivery,1,Camping & Hiking,Caguas,Puerto Rico,Fan Shop,Europe,Toulouse,Francia,Western Europe,Languedoc-Rosellón-Mediodía-Pirineos,8/2/2015 6:53,8/5/2015 6:53,Second Class,299.980011,1,103.9400024
DEBIT,5,2,154.4299927,395.980011,Late delivery,1,Fishing,Caguas,Puerto Rico,Fan Shop,Europe,Creil,Francia,Western Europe,Norte-Paso de Calais-Picardía,10/13/2015 6:47,10/18/2015 6:47,Second Class,399.980011,1,154.4299927
DEBIT,2,2,97.0,387.980011,Shipping on time,0,Fishing,Caguas,Puerto Rico,Fan Shop,Europe,Aubervilliers,Francia,Western Europe,Isla de Francia,10/7/2015 6:05,10/9/2015 6:05,Second Class,399.980011,1,97.0
DEBIT,6,2,128.4299927,379.980011,Late delivery,1,Fishing,Caguas,Puerto Rico,Fan Shop,Europe,Colchester,Reino Unido,Northern Europe,Inglaterra,6/12/2015 3:58,6/18/2015 3:58,Second Class,399.980011,1,128.4299927
DEBIT,2,2,182.3899994,379.980011,Shipping on time,0,Fishing,Caguas,Puerto Rico,Fan Shop,Europe,Hamburgo,Alemania,Western Europe,Hamburgo,10/7/2015 4:20,10/9/2015 4:20,Second Class,399.980011,1,182.3899994
DEBIT,2,2,29.48999977,260.980011,Shipping on time,0,Camping & Hiking,Caguas,Puerto Rico,Fan Shop,Europe,Hamburgo,Alemania,Western Europe,Hamburgo,10/7/2015 4:20,10/9/2015 4:20,Second Class,299.980011,1,29.48999977
DEBIT,6,2,-76.48999786,254.9799957,Late delivery,1,Camping & Hiking,Caguas,Puerto Rico,Fan Shop,Europe,Reims,Francia,Western Europe,Alsacia-Champaña-Ardenas-Lorena,8/30/2015 15:36,9/5/2015 15:36,Second Class,299.980011,1,-76.48999786
DEBIT,2,2,27.71999931,251.9799957,Shipping on time,0,Camping & Hiking,Caguas,Puerto Rico,Fan Shop,Europe,Rambouillet,Francia,Western Europe,Isla de Francia,10/1/2015 11:42,10/3/2015 11:42,Second Class,299.980011,1,27.71999931
DEBIT,6,2,-418.1700134,245.9799957,Late delivery,1,Camping & Hiking,Caguas,Puerto Rico,Fan Shop,Europe,Espoo,Finlandia,Northern Europe,Uusimaa,8/15/2015 16:30,8/21/2015 16:30,Second Class,299.980011,1,-418.1700134
DEBIT,6,2,-251.5599976,327.980011,Late delivery,1,Fishing,Caguas,Puerto Rico,Fan Shop,Europe,Espoo,Finlandia,Northern Europe,Uusimaa,8/15/2015 16:30,8/21/2015 16:30,Second Class,399.980011,1,-251.5599976
DEBIT,6,2,-273.2099915,327.980011,Late delivery,1,Fishing,Caguas,Puerto Rico,Fan Shop,Europe,Chaumont,Francia,Western Europe,Alsacia-Champaña-Ardenas-Lorena,10/18/2015 6:15,10/24/2015 6:15,Second Class,399.980011,1,-273.2099915
DEBIT,3,2,44.61999893,96.98999786,Late delivery,1,Cardio Equipment,Caguas,Puerto Rico,Footwear,LATAM,Carrefour,Haití,Caribbean,Ouest,4/2/2017 2:00,4/5/2017 2:00,Second Class,99.98999786,1,44.61999893
DEBIT,3,2,12.11999989,96.98999786,Late delivery,1,Cardio Equipment,Caguas,Puerto Rico,Footwear,LATAM,Chihuahua,México,Central America,Chihuahua,2/4/2017 0:09,2/7/2017 0:09,Second Class,99.98999786,1,12.11999989
DEBIT,6,2,25.92000008,95.98999786,Late delivery,1,Cardio Equipment,Caguas,Puerto Rico,Footwear,LATAM,Santo Domingo,República Dominicana,Caribbean,Santo Domingo,5/4/2015 9:48,5/10/2015 9:48,Second Class,99.98999786,1,25.92000008
DEBIT,6,2,23.75,94.98999786,Late delivery,1,Cardio Equipment,Caguas,Puerto Rico,Footwear,LATAM,Santo Domingo,República Dominicana,Caribbean,Santo Domingo,5/4/2015 9:48,5/10/2015 9:48,Second Class,99.98999786,1,23.75
DEBIT,4,2,28.5,94.98999786,Late delivery,1,Cardio Equipment,Bayamon,Puerto Rico,Footwear,LATAM,Pirapora,Brasil,South America,Minas Gerais,5/30/2015 15:43,6/3/2015 15:43,Second Class,99.98999786,1,28.5
DEBIT,2,2,-154.6799927,90.98999786,Shipping on time,0,Cardio Equipment,Caguas,Puerto Rico,Footwear,LATAM,Tartagal,Argentina,South America,Salta,2/24/2017 13:47,2/26/2017 13:47,Second Class,99.98999786,1,-154.6799927
DEBIT,3,2,7.920000076,89.98999786,Late delivery,1,Cardio Equipment,Caguas,Puerto Rico,Footwear,LATAM,Quetzaltenango,Guatemala,Central America,Quezaltenango,1/16/2015 16:58,1/19/2015 16:58,Second Class,99.98999786,1,7.920000076
DEBIT,3,2,13.93999958,81.98999786,Late delivery,1,Cardio Equipment,Caguas,Puerto Rico,Footwear,LATAM,Panama City,Panamá,Central America,Panamá,3/28/2017 23:54,3/31/2017 23:54,Second Class,99.98999786,1,13.93999958
DEBIT,6,2,17.39999962,59.99000168,Late delivery,1,Cleats,Caguas,Puerto Rico,Apparel,LATAM,Santo Domingo,República Dominicana,Caribbean,Santo Domingo,5/4/2015 9:48,5/10/2015 9:48,Second Class,59.99000168,1,17.39999962
DEBIT,5,2,-11.27999973,59.99000168,Late delivery,1,Cleats,Caguas,Puerto Rico,Apparel,LATAM,Ilopango,El Salvador,Central America,San Salvador,4/26/2015 1:45,5/1/2015 1:45,Second Class,59.99000168,1,-11.27999973
TRANSFER,4,4,55.66999817,191.9700012,Shipping on time,0,Cleats,La Mirada,EE. UU.,Apparel,Europe,La Seyne-sur-Mer,Francia,Western Europe,Provenza-Alpes-Costa Azul,9/4/2015 3:30,9/8/2015 3:30,Standard Class,239.9600067,4,55.66999817
TRANSFER,4,4,62.99000168,179.9700012,Shipping on time,0,Cleats,Los Angeles,EE. UU.,Apparel,Europe,Bradford,Reino Unido,Northern Europe,Inglaterra,9/3/2017 2:29,9/7/2017 2:29,Standard Class,239.9600067,4,62.99000168
TRANSFER,6,4,21.95999908,179.9700012,Late delivery,1,Cleats,Greeley,EE. UU.,Apparel,Europe,Bolton,Reino Unido,Northern Europe,Inglaterra,9/24/2017 10:41,9/30/2017 10:41,Standard Class,239.9600067,4,21.95999908
TRANSFER,2,4,46.79000092,179.9700012,Advance shipping,0,Cleats,Dallas,EE. UU.,Apparel,Europe,Lowestoft,Reino Unido,Northern Europe,Inglaterra,9/20/2015 18:12,9/22/2015 18:12,Standard Class,239.9600067,4,46.79000092
TRANSFER,5,4,70.0,200.0,Late delivery,1,Women's Apparel,Carlsbad,EE. UU.,Golf,Europe,Grigny,Francia,Western Europe,Isla de Francia,8/29/2015 7:43,9/3/2015 7:43,Standard Class,200.0,4,70.0
TRANSFER,5,4,-52.86999893,198.0,Late delivery,1,Women's Apparel,Brooklyn,EE. UU.,Golf,Europe,Great Yarmouth,Reino Unido,Northern Europe,Inglaterra,6/8/2015 15:32,6/13/2015 15:32,Standard Class,200.0,4,-52.86999893
TRANSFER,6,4,67.3199997,198.0,Late delivery,1,Women's Apparel,New York,EE. UU.,Golf,Europe,Calais,Francia,Western Europe,Norte-Paso de Calais-Picardía,9/13/2015 7:10,9/19/2015 7:10,Standard Class,200.0,4,67.3199997
TRANSFER,6,4,92.12000275,196.0,Late delivery,1,Women's Apparel,New York,EE. UU.,Golf,Europe,Calais,Francia,Western Europe,Norte-Paso de Calais-Picardía,9/13/2015 7:10,9/19/2015 7:10,Standard Class,200.0,4,92.12000275
TRANSFER,4,4,63.04999924,194.0,Shipping on time,0,Women's Apparel,Fort Lauderdale,EE. UU.,Golf,Europe,Sheffield,Reino Unido,Northern Europe,Inglaterra,6/22/2017 9:46,6/26/2017 9:46,Standard Class,200.0,4,63.04999924
TRANSFER,2,4,55.68000031,192.0,Advance shipping,0,Women's Apparel,Roseburg,EE. UU.,Golf,Europe,Aberdeen,Reino Unido,Northern Europe,Escocia,10/2/2017 8:13,10/4/2017 8:13,Standard Class,200.0,4,55.68000031
TRANSFER,2,4,17.35000038,153.5599976,Advance shipping,0,Shop By Sport,Brooklyn,EE. UU.,Golf,Europe,Magdeburg,Alemania,Western Europe,Sajonia-Anhalt,8/8/2017 21:26,8/10/2017 21:26,Standard Class,159.9600067,4,17.35000038
TRANSFER,3,4,72.0,192.0,Advance shipping,0,Women's Apparel,Saint Peters,EE. UU.,Golf,Europe,Dijon,Francia,Western Europe,Borgoña-Franco Condado,6/23/2015 10:26,6/26/2015 10:26,Standard Class,200.0,4,72.0
TRANSFER,5,4,91.19999695,190.0,Late delivery,1,Women's Apparel,Norfolk,EE. UU.,Golf,Europe,Gallarate,Italia,Southern Europe,Lombardía,9/20/2015 12:14,9/25/2015 12:14,Standard Class,200.0,4,91.19999695
TRANSFER,5,4,28.5,190.0,Late delivery,1,Women's Apparel,Chicago,EE. UU.,Golf,Europe,Chartres,Francia,Western Europe,Centro-Valle de Loira,8/29/2017 0:13,9/3/2017 0:13,Standard Class,200.0,4,28.5
TRANSFER,4,4,20.79000092,189.0,Shipping on time,0,Women's Apparel,San Diego,EE. UU.,Golf,Europe,Torremolinos,España,Southern Europe,Andalucía,8/13/2017 10:45,8/17/2017 10:45,Standard Class,200.0,4,20.79000092
TRANSFER,3,4,51.40000153,151.1600037,Advance shipping,0,Shop By Sport,Chicago,EE. UU.,Golf,Europe,Chemnitz,Alemania,Western Europe,Sajonia,6/12/2015 2:55,6/15/2015 2:55,Standard Class,159.9600067,4,51.40000153
TRANSFER,6,4,43.66999817,145.5599976,Late delivery,1,Shop By Sport,Dallas,EE. UU.,Golf,Europe,Frankfurt,Alemania,Western Europe,Hesse,9/9/2017 1:04,9/15/2017 1:04,Standard Class,159.9600067,4,43.66999817
TRANSFER,3,4,76.44000244,182.0,Advance shipping,0,Women's Apparel,Miami,EE. UU.,Golf,Europe,Bremen,Alemania,Western Europe,Bremen,9/4/2015 8:24,9/7/2015 8:24,Standard Class,200.0,4,76.44000244
TRANSFER,4,4,56.97000122,182.0,Shipping on time,0,Women's Apparel,New Bedford,EE. UU.,Golf,Europe,Zeist,Países Bajos,Western Europe,Utrecht,8/7/2017 12:51,8/11/2017 12:51,Standard Class,200.0,4,56.97000122
TRANSFER,4,4,45.06000137,143.9600067,Shipping on time,0,Shop By Sport,San Diego,EE. UU.,Golf,Europe,Savigny-le-Temple,Francia,Western Europe,Isla de Francia,9/23/2015 20:28,9/27/2015 20:28,Standard Class,159.9600067,4,45.06000137
TRANSFER,3,4,-28.69000053,176.0,Advance shipping,0,Women's Apparel,Augusta,EE. UU.,Golf,Europe,London,Reino Unido,Northern Europe,Inglaterra,10/11/2015 19:02,10/14/2015 19:02,Standard Class,200.0,4,-28.69000053
TRANSFER,3,4,43.5,174.0,Advance shipping,0,Women's Apparel,Bakersfield,EE. UU.,Golf,Europe,Essen,Alemania,Western Europe,Renania del Norte-Westfalia,7/12/2015 22:09,7/15/2015 22:09,Standard Class,200.0,4,43.5
TRANSFER,2,4,19.65999985,174.0,Advance shipping,0,Women's Apparel,San Antonio,EE. UU.,Golf,Europe,Friedrichshafen,Alemania,Western Europe,Baden-Wurtemberg,10/7/2015 0:50,10/9/2015 0:50,Standard Class,200.0,4,19.65999985
TRANSFER,6,4,65.26000214,135.9700012,Late delivery,1,Shop By Sport,Albuquerque,EE. UU.,Golf,Europe,Berlín,Alemania,Western Europe,Berlín,7/12/2015 21:27,7/18/2015 21:27,Standard Class,159.9600067,4,65.26000214
TRANSFER,4,4,42.5,170.0,Shipping on time,0,Women's Apparel,Waipahu,EE. UU.,Golf,Europe,Mechelen,Bélgica,Western Europe,Amberes,7/23/2015 12:30,7/27/2015 12:30,Standard Class,200.0,4,42.5
TRANSFER,4,4,-107.5199966,168.0,Shipping on time,0,Women's Apparel,Philadelphia,EE. UU.,Golf,Europe,Wolverhampton,Reino Unido,Northern Europe,Inglaterra,8/14/2015 10:01,8/18/2015 10:01,Standard Class,200.0,4,-107.5199966
TRANSFER,4,4,56.77999878,168.0,Shipping on time,0,Women's Apparel,Long Beach,EE. UU.,Golf,Europe,Bordeaux,Francia,Western Europe,Aquitania-Lemosín-Poitou-Charentes,7/1/2017 16:14,7/5/2017 16:14,Standard Class,200.0,4,56.77999878
TRANSFER,5,4,52.08000183,168.0,Late delivery,1,Women's Apparel,New York,EE. UU.,Golf,Europe,Bochum,Alemania,Western Europe,Renania del Norte-Westfalia,9/6/2017 4:24,9/11/2017 4:24,Standard Class,200.0,4,52.08000183
TRANSFER,2,4,-100.6100006,131.1699982,Advance shipping,0,Shop By Sport,Ontario,EE. UU.,Golf,Europe,Oslo,Noruega,Northern Europe,Oslo,8/19/2017 23:42,8/21/2017 23:42,Standard Class,159.9600067,4,-100.6100006
TRANSFER,6,4,-131.1999969,164.0,Late delivery,1,Women's Apparel,Chapel Hill,EE. UU.,Golf,Europe,Halle,Alemania,Western Europe,Renania del Norte-Westfalia,10/17/2015 0:28,10/23/2015 0:28,Standard Class,200.0,4,-131.1999969
TRANSFER,3,4,-18.07999992,160.0,Advance shipping,0,Women's Apparel,San Diego,EE. UU.,Golf,Europe,Piacenza,Italia,Southern Europe,Emilia-Romaña,8/2/2017 8:08,8/5/2017 8:08,Standard Class,200.0,4,-18.07999992
TRANSFER,2,4,12.0,160.0,Advance shipping,0,Women's Apparel,Detroit,EE. UU.,Golf,Europe,Palma de Mallorca,España,Southern Europe,Islas Baleares,6/5/2015 19:55,6/7/2015 19:55,Standard Class,200.0,4,12.0
TRANSFER,4,4,-22.38999939,127.9700012,Shipping on time,0,Shop By Sport,San Jose,EE. UU.,Golf,Europe,Bondy,Francia,Western Europe,Isla de Francia,8/19/2017 22:39,8/23/2017 22:39,Standard Class,159.9600067,4,-22.38999939
TRANSFER,6,4,-25.59000015,127.9700012,Late delivery,1,Shop By Sport,Ypsilanti,EE. UU.,Golf,Europe,Le Havre,Francia,Western Europe,Normandía,7/21/2015 6:54,7/27/2015 6:54,Standard Class,159.9600067,4,-25.59000015
TRANSFER,5,4,33.27000046,127.9700012,Late delivery,1,Shop By Sport,Astoria,EE. UU.,Golf,Europe,Viena,Austria,Western Europe,Viena,12/28/2016 12:28,1/2/2017 12:28,Standard Class,159.9600067,4,33.27000046
TRANSFER,3,4,37.22999954,77.55999756,Advance shipping,0,Golf Balls,New Bedford,EE. UU.,Outdoors,Europe,Bielefeld,Alemania,Western Europe,Renania del Norte-Westfalia,8/7/2015 7:45,8/10/2015 7:45,Standard Class,79.95999908,4,37.22999954
TRANSFER,5,4,18.21999931,58.20000076,Late delivery,1,Trade-In,Rome,EE. UU.,Outdoors,Europe,Berlín,Alemania,Western Europe,Berlín,6/2/2015 15:54,6/7/2015 15:54,Standard Class,63.95999908,4,18.21999931
TRANSFER,5,4,55.27999878,115.1600037,Late delivery,1,Electronics,Phoenix,EE. UU.,Outdoors,Europe,Birmingham,Reino Unido,Northern Europe,Inglaterra,10/5/2015 16:36,10/10/2015 16:36,Standard Class,127.9599991,4,55.27999878
TRANSFER,4,4,-11.98999977,56.27999878,Shipping on time,0,Trade-In,San Diego,EE. UU.,Outdoors,Europe,Marseille,Francia,Western Europe,Provenza-Alpes-Costa Azul,9/16/2015 2:47,9/20/2015 2:47,Standard Class,63.95999908,4,-11.98999977
TRANSFER,4,4,56.09000015,180.9299927,Shipping on time,0,Electronics,East Lansing,EE. UU.,Outdoors,Europe,Bayonne,Francia,Western Europe,Aquitania-Lemosín-Poitou-Charentes,8/9/2015 2:08,8/13/2015 2:08,Standard Class,207.9600067,4,56.09000015
TRANSFER,4,4,-108.8300018,163.1699982,Shipping on time,0,Electronics,Brooklyn,EE. UU.,Outdoors,Europe,Sumy,Ucrania,Eastern Europe,Sumy,12/29/2016 2:08,1/2/2017 2:08,Standard Class,191.9600067,4,-108.8300018
TRANSFER,5,4,30.84000015,84.97000122,Late delivery,1,Accessories,Rome,EE. UU.,Outdoors,Europe,Berlín,Alemania,Western Europe,Berlín,6/2/2015 15:54,6/7/2015 15:54,Standard Class,99.95999908,4,30.84000015
TRANSFER,2,4,28.79000092,63.97000122,Advance shipping,0,Golf Balls,Endicott,EE. UU.,Outdoors,Europe,Pescara,Italia,Southern Europe,Abruzos,8/28/2015 21:54,8/30/2015 21:54,Standard Class,79.95999908,4,28.79000092
TRANSFER,2,4,159.9799957,319.9599915,Advance shipping,0,Soccer,Stamford,EE. UU.,Fitness,Europe,Gothenburg,Suecia,Northern Europe,Västra Götaland,9/5/2017 23:51,9/7/2017 23:51,Standard Class,319.9599915,4,159.9799957
TRANSFER,6,4,116.0500031,297.5599976,Late delivery,1,Soccer,Hanover,EE. UU.,Fitness,Europe,Menton,Francia,Western Europe,Provenza-Alpes-Costa Azul,8/13/2017 2:41,8/19/2017 2:41,Standard Class,319.9599915,4,116.0500031
TRANSFER,2,4,157.4199982,327.9700012,Advance shipping,0,Lacrosse,Bronx,EE. UU.,Fitness,Europe,Brescia,Italia,Southern Europe,Lombardía,9/8/2017 14:55,9/10/2017 14:55,Standard Class,399.9599915,4,157.4199982
TRANSFER,3,4,37.58000183,79.97000122,Advance shipping,0,Lacrosse,Diamond Bar,EE. UU.,Fitness,Europe,Bacau,Rumania,Eastern Europe,Bacau,11/12/2016 8:40,11/15/2016 8:40,Standard Class,99.95999908,4,37.58000183
TRANSFER,3,4,176.3800049,391.9599915,Advance shipping,0,Cardio Equipment,Elyria,EE. UU.,Footwear,Europe,Pantin,Francia,Western Europe,Isla de Francia,8/24/2015 2:38,8/27/2015 2:38,Standard Class,399.9599915,4,176.3800049
TRANSFER,6,4,135.7899933,387.9599915,Late delivery,1,Cardio Equipment,Bronx,EE. UU.,Footwear,Europe,Bologna,Italia,Southern Europe,Emilia-Romaña,6/15/2015 0:17,6/21/2015 0:17,Standard Class,399.9599915,4,135.7899933
TRANSFER,4,4,32.58000183,108.5999985,Shipping on time,0,Electronics,Houston,EE. UU.,Footwear,Europe,Berlín,Alemania,Western Europe,Berlín,8/11/2015 6:41,8/15/2015 6:41,Standard Class,111.9599991,4,32.58000183
TRANSFER,3,4,-99.43000031,134.3600006,Advance shipping,0,Fitness Accessories,Los Angeles,EE. UU.,Footwear,Europe,Kotka,Finlandia,Northern Europe,Kymenlaakso,9/3/2015 23:39,9/6/2015 23:39,Standard Class,139.9600067,4,-99.43000031
TRANSFER,3,4,-633.539978,383.9599915,Advance shipping,0,Cardio Equipment,Hayward,EE. UU.,Footwear,Europe,Ulm,Alemania,Western Europe,Baden-Wurtemberg,8/5/2017 6:12,8/8/2017 6:12,Standard Class,399.9599915,4,-633.539978
TRANSFER,5,4,35.34000015,114.0,Late delivery,1,Cardio Equipment,Milwaukee,EE. UU.,Footwear,Europe,Opole,Polonia,Eastern Europe,Opole,11/19/2016 23:33,11/24/2016 23:33,Standard Class,120.0,4,35.34000015
TRANSFER,3,4,98.79000092,379.9599915,Advance shipping,0,Cardio Equipment,West Orange,EE. UU.,Footwear,Europe,Estocolmo,Suecia,Northern Europe,Estocolmo,8/8/2015 13:31,8/11/2015 13:31,Standard Class,399.9599915,4,98.79000092
TRANSFER,3,4,132.9900055,379.9599915,Advance shipping,0,As Seen on  TV!,Lawrenceville,EE. UU.,Footwear,Europe,Sarcelles,Francia,Western Europe,Isla de Francia,7/1/2017 17:38,7/4/2017 17:38,Standard Class,399.9599915,4,132.9900055
TRANSFER,3,4,-230.6199951,371.9599915,Advance shipping,0,Cardio Equipment,Manchester,EE. UU.,Footwear,Europe,Oosterhout,Países Bajos,Western Europe,Brabante Septentrional,6/26/2017 22:01,6/29/2017 22:01,Standard Class,399.9599915,4,-230.6199951
TRANSFER,6,4,165.5800018,359.9599915,Late delivery,1,Cardio Equipment,Brooklyn,EE. UU.,Footwear,Europe,Bari,Italia,Southern Europe,Apulia,6/21/2015 10:26,6/27/2015 10:26,Standard Class,399.9599915,4,165.5800018
TRANSFER,3,4,98.58999634,339.9700012,Advance shipping,0,Cardio Equipment,La Puente,EE. UU.,Footwear,Europe,Berlín,Alemania,Western Europe,Berlín,10/15/2015 14:08,10/18/2015 14:08,Standard Class,399.9599915,4,98.58999634
TRANSFER,4,4,-79.20999908,339.9700012,Shipping on time,0,Cardio Equipment,New Bedford,EE. UU.,Footwear,Europe,Magdeburg,Alemania,Western Europe,Sajonia-Anhalt,9/25/2017 21:01,9/29/2017 21:01,Standard Class,399.9599915,4,-79.20999908
TRANSFER,6,4,87.34999847,335.9700012,Late delivery,1,Cardio Equipment,Los Angeles,EE. UU.,Footwear,Europe,Madrid,España,Southern Europe,Madrid,7/24/2017 4:28,7/30/2017 4:28,Standard Class,399.9599915,4,87.34999847
TRANSFER,3,4,-571.1400146,335.9700012,Advance shipping,0,Cardio Equipment,Victorville,EE. UU.,Footwear,Europe,Heilbronn,Alemania,Western Europe,Baden-Wurtemberg,6/18/2017 9:04,6/21/2017 9:04,Standard Class,399.9599915,4,-571.1400146
TRANSFER,3,4,94.0699997,335.9700012,Advance shipping,0,Cardio Equipment,Richmond,EE. UU.,Footwear,Europe,Roissy-en-Brie,Francia,Western Europe,Isla de Francia,8/1/2017 4:06,8/4/2017 4:06,Standard Class,399.9599915,4,94.0699997
TRANSFER,4,4,24.60000038,327.9700012,Shipping on time,0,Cardio Equipment,Florissant,EE. UU.,Footwear,Europe,Bari,Italia,Southern Europe,Apulia,8/28/2017 2:50,9/1/2017 2:50,Standard Class,399.9599915,4,24.60000038
TRANSFER,6,4,49.54999924,303.9700012,Late delivery,1,Boxing & MMA,Baltimore,EE. UU.,Footwear,Europe,Berlín,Alemania,Western Europe,Berlín,8/7/2017 1:18,8/13/2017 1:18,Standard Class,379.9599915,4,49.54999924
TRANSFER,3,4,100.1500015,319.9700012,Advance shipping,0,Cardio Equipment,Jacksonville,EE. UU.,Footwear,Europe,Aulnay-sous-Bois,Francia,Western Europe,Isla de Francia,6/23/2017 23:57,6/26/2017 23:57,Standard Class,399.9599915,4,100.1500015
TRANSFER,3,4,40.63999939,111.9700012,Advance shipping,0,Fitness Accessories,La Puente,EE. UU.,Footwear,Europe,Berlín,Alemania,Western Europe,Berlín,10/15/2015 14:08,10/18/2015 14:08,Standard Class,139.9600067,4,40.63999939
TRANSFER,5,4,81.11000061,239.9600067,Late delivery,1,Cleats,Buffalo,EE. UU.,Apparel,Europe,Stuttgart,Alemania,Western Europe,Baden-Wurtemberg,6/18/2015 15:31,6/23/2015 15:31,Standard Class,239.9600067,4,81.11000061
TRANSFER,6,4,109.2799988,237.5599976,Late delivery,1,Cleats,Miami,EE. UU.,Apparel,Europe,Khmelnytskyi,Ucrania,Eastern Europe,Khmelnytskyi,10/29/2016 19:54,11/4/2016 19:54,Standard Class,239.9600067,4,109.2799988
TRANSFER,2,4,20.67000008,237.5599976,Advance shipping,0,Cleats,Cupertino,EE. UU.,Apparel,Europe,Vigneux-sur-Seine,Francia,Western Europe,Isla de Francia,6/21/2017 12:03,6/23/2017 12:03,Standard Class,239.9600067,4,20.67000008
TRANSFER,5,4,35.27000046,235.1600037,Late delivery,1,Cleats,Littleton,EE. UU.,Apparel,Europe,Marbella,España,Southern Europe,Andalucía,6/18/2015 6:46,6/23/2015 6:46,Standard Class,239.9600067,4,35.27000046
TRANSFER,5,4,87.29000092,232.7599945,Late delivery,1,Cleats,Eagle Pass,EE. UU.,Apparel,Europe,Viena,Austria,Western Europe,Viena,7/24/2017 0:37,7/29/2017 0:37,Standard Class,239.9600067,4,87.29000092
TRANSFER,5,4,112.8799973,230.3600006,Late delivery,1,Cleats,Carlsbad,EE. UU.,Apparel,Europe,Hamburgo,Alemania,Western Europe,Hamburgo,7/31/2015 6:32,8/5/2015 6:32,Standard Class,239.9600067,4,112.8799973
TRANSFER,4,4,13.68000031,227.9600067,Shipping on time,0,Cleats,Riverside,EE. UU.,Apparel,Europe,Palermo,Italia,Southern Europe,Sicilia,9/19/2017 10:52,9/23/2017 10:52,Standard Class,239.9600067,4,13.68000031
TRANSFER,4,4,-53.11999893,227.9600067,Shipping on time,0,Cleats,Escondido,EE. UU.,Apparel,Europe,Recklinghausen,Alemania,Western Europe,Renania del Norte-Westfalia,6/24/2015 9:33,6/28/2015 9:33,Standard Class,239.9600067,4,-53.11999893
TRANSFER,3,4,66.94999695,223.1600037,Advance shipping,0,Cleats,Elyria,EE. UU.,Apparel,Europe,Pantin,Francia,Western Europe,Isla de Francia,8/24/2015 2:38,8/27/2015 2:38,Standard Class,239.9600067,4,66.94999695
TRANSFER,6,4,73.80999756,218.3600006,Late delivery,1,Cleats,Lithonia,EE. UU.,Apparel,Europe,Stockton-on-Tees,Reino Unido,Northern Europe,Inglaterra,8/13/2015 11:56,8/19/2015 11:56,Standard Class,239.9600067,4,73.80999756
TRANSFER,5,4,16.37999916,218.3600006,Late delivery,1,Cleats,Fontana,EE. UU.,Apparel,Europe,Cerignola,Italia,Southern Europe,Apulia,6/7/2015 20:16,6/12/2015 20:16,Standard Class,239.9600067,4,16.37999916
TRANSFER,5,4,21.84000015,218.3600006,Late delivery,1,Cleats,Ballwin,EE. UU.,Apparel,Europe,Clamart,Francia,Western Europe,Isla de Francia,7/26/2015 23:11,7/31/2015 23:11,Standard Class,239.9600067,4,21.84000015
TRANSFER,5,4,103.6600037,215.9600067,Late delivery,1,Cleats,Brooklyn,EE. UU.,Apparel,Europe,Veenendaal,Países Bajos,Western Europe,Utrecht,8/19/2015 21:45,8/24/2015 21:45,Standard Class,239.9600067,4,103.6600037
TRANSFER,5,4,76.65000153,211.1600037,Late delivery,1,Cleats,Carlisle,EE. UU.,Apparel,Europe,Gloucester,Reino Unido,Northern Europe,Inglaterra,7/12/2015 8:50,7/17/2015 8:50,Standard Class,239.9600067,4,76.65000153
TRANSFER,6,4,61.24000168,211.1600037,Late delivery,1,Cleats,New Braunfels,EE. UU.,Apparel,Europe,Carpi,Italia,Southern Europe,Emilia-Romaña,9/29/2017 20:19,10/5/2017 20:19,Standard Class,239.9600067,4,61.24000168
TRANSFER,5,4,8.449999809,211.1600037,Late delivery,1,Cleats,Saint Charles,EE. UU.,Apparel,Europe,Fontenay-aux-Roses,Francia,Western Europe,Isla de Francia,9/18/2015 0:41,9/23/2015 0:41,Standard Class,239.9600067,4,8.449999809
TRANSFER,2,4,103.4700012,211.1600037,Advance shipping,0,Cleats,Spring Valley,EE. UU.,Apparel,Europe,Carcassonne,Francia,Western Europe,Languedoc-Rosellón-Mediodía-Pirineos,10/4/2015 6:16,10/6/2015 6:16,Standard Class,239.9600067,4,103.4700012
TRANSFER,6,4,90.80000305,211.1600037,Late delivery,1,Cleats,Madison,EE. UU.,Apparel,Europe,Frankfurt,Alemania,Western Europe,Hesse,8/7/2017 13:33,8/13/2017 13:33,Standard Class,239.9600067,4,90.80000305
TRANSFER,3,4,35.49000168,208.7700043,Advance shipping,0,Cleats,West Orange,EE. UU.,Apparel,Europe,Estocolmo,Suecia,Northern Europe,Estocolmo,8/8/2015 13:31,8/11/2015 13:31,Standard Class,239.9600067,4,35.49000168
TRANSFER,4,4,100.2099991,208.7700043,Shipping on time,0,Cleats,Las Vegas,EE. UU.,Apparel,Europe,Dublín,Irlanda,Northern Europe,Dublín,10/4/2015 5:13,10/8/2015 5:13,Standard Class,239.9600067,4,100.2099991
TRANSFER,6,4,100.2099991,208.7700043,Late delivery,1,Cleats,Albuquerque,EE. UU.,Apparel,Europe,Miramas,Francia,Western Europe,Provenza-Alpes-Costa Azul,9/1/2017 12:39,9/7/2017 12:39,Standard Class,239.9600067,4,100.2099991
TRANSFER,6,4,67.84999847,208.7700043,Late delivery,1,Cleats,Goose Creek,EE. UU.,Apparel,Europe,Garbsen,Alemania,Western Europe,Baja Sajonia,6/26/2015 6:03,7/2/2015 6:03,Standard Class,239.9600067,4,67.84999847
TRANSFER,3,4,-26.30999947,203.9700012,Advance shipping,0,Cleats,Carlsbad,EE. UU.,Apparel,Europe,Barcelona,España,Southern Europe,Cataluña,10/7/2015 2:56,10/10/2015 2:56,Standard Class,239.9600067,4,-26.30999947
TRANSFER,2,4,97.90000153,203.9700012,Advance shipping,0,Cleats,Tampa,EE. UU.,Apparel,Europe,Palermo,Italia,Southern Europe,Sicilia,6/19/2015 20:15,6/21/2015 20:15,Standard Class,239.9600067,4,97.90000153
TRANSFER,6,4,-48.54000092,203.9700012,Late delivery,1,Cleats,Irvington,EE. UU.,Apparel,Europe,Toulouse,Francia,Western Europe,Languedoc-Rosellón-Mediodía-Pirineos,7/22/2017 1:40,7/28/2017 1:40,Standard Class,239.9600067,4,-48.54000092
TRANSFER,6,4,97.90000153,203.9700012,Late delivery,1,Cleats,Goose Creek,EE. UU.,Apparel,Europe,Garbsen,Alemania,Western Europe,Baja Sajonia,6/26/2015 6:03,7/2/2015 6:03,Standard Class,239.9600067,4,97.90000153
TRANSFER,3,4,-149.1600037,201.5700073,Advance shipping,0,Cleats,Ontario,EE. UU.,Apparel,Europe,Argenteuil,Francia,Western Europe,Isla de Francia,7/11/2017 7:07,7/14/2017 7:07,Standard Class,239.9600067,4,-149.1600037
TRANSFER,3,4,96.75,201.5700073,Advance shipping,0,Cleats,Bronx,EE. UU.,Apparel,Europe,Dreux,Francia,Western Europe,Centro-Valle de Loira,8/15/2017 7:56,8/18/2017 7:56,Standard Class,239.9600067,4,96.75
TRANSFER,5,4,-30.22999954,201.5700073,Late delivery,1,Cleats,Pharr,EE. UU.,Apparel,Europe,Berlín,Alemania,Western Europe,Berlín,10/1/2017 8:45,10/6/2017 8:45,Standard Class,239.9600067,4,-30.22999954
TRANSFER,5,4,95.59999847,199.1699982,Late delivery,1,Cleats,Yonkers,EE. UU.,Apparel,Europe,Mazyr,Bielorrusia,Eastern Europe,Gómel,9/15/2016 21:01,9/20/2016 21:01,Standard Class,239.9600067,4,95.59999847
TRANSFER,4,4,-13.63000011,191.9700012,Shipping on time,0,Cleats,El Monte,EE. UU.,Apparel,Europe,Sandnes,Noruega,Northern Europe,Rogaland,6/18/2015 16:55,6/22/2015 16:55,Standard Class,239.9600067,4,-13.63000011
TRANSFER,5,4,62.38999939,191.9700012,Late delivery,1,Cleats,Honolulu,EE. UU.,Apparel,Europe,Castrop-Rauxel,Alemania,Western Europe,Renania del Norte-Westfalia,6/7/2015 1:00,6/12/2015 1:00,Standard Class,239.9600067,4,62.38999939
TRANSFER,5,4,-149.9199982,179.9700012,Late delivery,1,Cleats,Pharr,EE. UU.,Apparel,Europe,Rijeka,Croacia,Southern Europe,Primorje-Gorski Kotar,11/23/2016 8:08,11/28/2016 8:08,Standard Class,239.9600067,4,-149.9199982
TRANSFER,6,4,-48.59999847,200.0,Late delivery,1,Women's Apparel,Winnetka,EE. UU.,Golf,Europe,London,Reino Unido,Northern Europe,Inglaterra,10/16/2015 15:42,10/22/2015 15:42,Standard Class,200.0,4,-48.59999847
TRANSFER,3,4,-35.99000168,159.9600067,Advance shipping,0,Shop By Sport,Pompano Beach,EE. UU.,Golf,Europe,Catania,Italia,Southern Europe,Sicilia,9/3/2017 9:08,9/6/2017 9:08,Standard Class,159.9600067,4,-35.99000168
TRANSFER,6,4,47.99000168,159.9600067,Late delivery,1,Shop By Sport,Reynoldsburg,EE. UU.,Golf,Europe,Barcelona,España,Southern Europe,Cataluña,8/17/2015 12:17,8/23/2015 12:17,Standard Class,159.9600067,4,47.99000168
TRANSFER,5,4,70.0,200.0,Late delivery,1,Women's Apparel,Hamtramck,EE. UU.,Golf,Europe,Celle,Alemania,Western Europe,Baja Sajonia,9/21/2015 0:30,9/26/2015 0:30,Standard Class,200.0,4,70.0
TRANSFER,3,4,41.16999817,158.3600006,Advance shipping,0,Shop By Sport,Bolingbrook,EE. UU.,Golf,Europe,Florence,Italia,Southern Europe,Toscana,8/10/2015 4:04,8/13/2015 4:04,Standard Class,159.9600067,4,41.16999817
TRANSFER,4,4,71.87000275,198.0,Shipping on time,0,Women's Apparel,Lancaster,EE. UU.,Golf,Europe,La Teste-de-Buch,Francia,Western Europe,Aquitania-Lemosín-Poitou-Charentes,7/29/2015 15:38,8/2/2015 15:38,Standard Class,200.0,4,71.87000275
TRANSFER,6,4,-25.54999924,156.7599945,Late delivery,1,Shop By Sport,Union City,EE. UU.,Golf,Europe,Hanover,Alemania,Western Europe,Baja Sajonia,9/13/2015 17:41,9/19/2015 17:41,Standard Class,159.9600067,4,-25.54999924
TRANSFER,5,4,96.04000092,196.0,Late delivery,1,Women's Apparel,Medina,EE. UU.,Golf,Europe,Cologne,Alemania,Western Europe,Renania del Norte-Westfalia,8/22/2015 5:48,8/27/2015 5:48,Standard Class,200.0,4,96.04000092
TRANSFER,4,4,76.02999878,155.1600037,Shipping on time,0,Shop By Sport,Fort Lauderdale,EE. UU.,Golf,Europe,Tarbes,Francia,Western Europe,Languedoc-Rosellón-Mediodía-Pirineos,6/27/2015 11:08,7/1/2015 11:08,Standard Class,159.9600067,4,76.02999878
TRANSFER,6,4,60.72000122,194.0,Late delivery,1,Women's Apparel,Highland,EE. UU.,Golf,Europe,Pessac,Francia,Western Europe,Aquitania-Lemosín-Poitou-Charentes,7/11/2017 2:54,7/17/2017 2:54,Standard Class,200.0,4,60.72000122
TRANSFER,6,4,50.43999863,194.0,Late delivery,1,Women's Apparel,Los Angeles,EE. UU.,Golf,Europe,Bayeux,Francia,Western Europe,Normandía,6/23/2015 11:29,6/29/2015 11:29,Standard Class,200.0,4,50.43999863
TRANSFER,3,4,93.12000275,194.0,Advance shipping,0,Women's Apparel,Richmond,EE. UU.,Golf,Europe,Roissy-en-Brie,Francia,Western Europe,Isla de Francia,8/1/2017 4:06,8/4/2017 4:06,Standard Class,200.0,4,93.12000275
TRANSFER,5,4,36.47999954,192.0,Late delivery,1,Women's Apparel,Roseville,EE. UU.,Golf,Europe,Bochum,Alemania,Western Europe,Renania del Norte-Westfalia,7/2/2015 21:06,7/7/2015 21:06,Standard Class,200.0,4,36.47999954
TRANSFER,6,4,-19.0,190.0,Late delivery,1,Women's Apparel,Jonesboro,EE. UU.,Golf,Europe,Ronchin,Francia,Western Europe,Norte-Paso de Calais-Picardía,6/25/2017 22:33,7/1/2017 22:33,Standard Class,200.0,4,-19.0
TRANSFER,2,4,54.81000137,189.0,Advance shipping,0,Women's Apparel,Elk Grove,EE. UU.,Golf,Europe,Carlisle,Reino Unido,Northern Europe,Inglaterra,8/17/2017 1:38,8/19/2017 1:38,Standard Class,200.0,4,54.81000137
TRANSFER,6,4,33.08000183,189.0,Late delivery,1,Women's Apparel,Tallahassee,EE. UU.,Golf,Europe,Toulouse,Francia,Western Europe,Languedoc-Rosellón-Mediodía-Pirineos,8/20/2017 22:07,8/26/2017 22:07,Standard Class,200.0,4,33.08000183
TRANSFER,6,4,-58.22999954,145.5599976,Late delivery,1,Shop By Sport,Oceanside,EE. UU.,Golf,Europe,Kaunas,Lituania,Northern Europe,Kaunas,1/12/2017 1:24,1/18/2017 1:24,Standard Class,159.9600067,4,-58.22999954
TRANSFER,2,4,65.5,145.5599976,Advance shipping,0,Shop By Sport,North Las Vegas,EE. UU.,Golf,Europe,Birmingham,Reino Unido,Northern Europe,Inglaterra,7/16/2017 14:38,7/18/2017 14:38,Standard Class,159.9600067,4,65.5
TRANSFER,5,4,47.3199997,182.0,Late delivery,1,Women's Apparel,Bridgeton,EE. UU.,Golf,Europe,Rugby,Reino Unido,Northern Europe,Inglaterra,8/15/2015 14:23,8/20/2015 14:23,Standard Class,200.0,4,47.3199997
TRANSFER,6,4,88.19999695,180.0,Late delivery,1,Women's Apparel,Fullerton,EE. UU.,Golf,Europe,Vínnytsia,Ucrania,Eastern Europe,Vínnytsia,12/10/2016 8:38,12/16/2016 8:38,Standard Class,200.0,4,88.19999695
TRANSFER,2,4,63.0,180.0,Advance shipping,0,Women's Apparel,Bronx,EE. UU.,Golf,Europe,Kashira,Rusia,Eastern Europe,Moscú,11/6/2016 22:42,11/8/2016 22:42,Standard Class,200.0,4,63.0
TRANSFER,5,4,32.40000153,180.0,Late delivery,1,Women's Apparel,New Bedford,EE. UU.,Golf,Europe,Derby,Reino Unido,Northern Europe,Inglaterra,8/31/2017 4:46,9/5/2017 4:46,Standard Class,200.0,4,32.40000153
TRANSFER,3,4,18.0,180.0,Advance shipping,0,Women's Apparel,Encinitas,EE. UU.,Golf,Europe,Mulhouse,Francia,Western Europe,Alsacia-Champaña-Ardenas-Lorena,8/15/2015 1:26,8/18/2015 1:26,Standard Class,200.0,4,18.0
TRANSFER,5,4,55.09000015,176.0,Late delivery,1,Women's Apparel,Carlsbad,EE. UU.,Golf,Europe,Crewe,Reino Unido,Northern Europe,Inglaterra,8/28/2017 13:42,9/2/2017 13:42,Standard Class,200.0,4,55.09000015
TRANSFER,2,4,2.819999933,140.7599945,Advance shipping,0,Shop By Sport,Montebello,EE. UU.,Golf,Europe,Dormagen,Alemania,Western Europe,Renania del Norte-Westfalia,8/21/2017 10:44,8/23/2017 10:44,Standard Class,159.9600067,4,2.819999933
TRANSFER,5,4,86.23999786,176.0,Late delivery,1,Women's Apparel,Honolulu,EE. UU.,Golf,Europe,Castrop-Rauxel,Alemania,Western Europe,Renania del Norte-Westfalia,6/7/2015 1:00,6/12/2015 1:00,Standard Class,200.0,4,86.23999786
TRANSFER,5,4,81.77999878,174.0,Late delivery,1,Women's Apparel,Milwaukee,EE. UU.,Golf,Europe,Opole,Polonia,Eastern Europe,Opole,11/19/2016 23:33,11/24/2016 23:33,Standard Class,200.0,4,81.77999878
TRANSFER,5,4,17.0,135.9700012,Late delivery,1,Shop By Sport,Brooklyn,EE. UU.,Golf,Europe,Veenendaal,Países Bajos,Western Europe,Utrecht,8/19/2015 21:45,8/24/2015 21:45,Standard Class,159.9600067,4,17.0
TRANSFER,3,4,81.59999847,170.0,Advance shipping,0,Women's Apparel,San Francisco,EE. UU.,Golf,Europe,Zeist,Países Bajos,Western Europe,Utrecht,7/31/2015 9:20,8/3/2015 9:20,Standard Class,200.0,4,81.59999847
TRANSFER,5,4,63.75,170.0,Late delivery,1,Women's Apparel,Augusta,EE. UU.,Golf,Europe,Ginebra,Suiza,Western Europe,Ginebra,8/8/2015 8:58,8/13/2015 8:58,Standard Class,200.0,4,63.75
TRANSFER,4,4,42.5,170.0,Shipping on time,0,Women's Apparel,Glenview,EE. UU.,Golf,Europe,Rambouillet,Francia,Western Europe,Isla de Francia,8/19/2015 16:08,8/23/2015 16:08,Standard Class,200.0,4,42.5
TRANSFER,2,4,16.38999939,134.3699951,Advance shipping,0,Shop By Sport,Chicago,EE. UU.,Golf,Europe,Mulhouse,Francia,Western Europe,Alsacia-Champaña-Ardenas-Lorena,6/22/2015 23:34,6/24/2015 23:34,Standard Class,159.9600067,4,16.38999939
TRANSFER,5,4,80.63999939,168.0,Late delivery,1,Women's Apparel,Tempe,EE. UU.,Golf,Europe,Gera,Alemania,Western Europe,Turingia,7/28/2017 14:58,8/2/2017 14:58,Standard Class,200.0,4,80.63999939
TRANSFER,3,4,56.77999878,168.0,Advance shipping,0,Women's Apparel,Freeport,EE. UU.,Golf,Europe,Mantes-la-Ville,Francia,Western Europe,Isla de Francia,7/20/2017 4:49,7/23/2017 4:49,Standard Class,200.0,4,56.77999878
TRANSFER,2,4,26.55999947,166.0,Advance shipping,0,Women's Apparel,San Jose,EE. UU.,Golf,Europe,Glasgow,Reino Unido,Northern Europe,Escocia,9/16/2017 19:06,9/18/2017 19:06,Standard Class,200.0,4,26.55999947
TRANSFER,2,4,81.33999634,166.0,Advance shipping,0,Women's Apparel,Rock Hill,EE. UU.,Golf,Europe,Burgos,España,Southern Europe,Castilla y León,9/21/2015 6:27,9/23/2015 6:27,Standard Class,200.0,4,81.33999634
TRANSFER,3,4,20.5,164.0,Advance shipping,0,Women's Apparel,Rome,EE. UU.,Golf,Europe,Bebington,Reino Unido,Northern Europe,Inglaterra,9/27/2015 18:43,9/30/2015 18:43,Standard Class,200.0,4,20.5
TRANSFER,2,4,55.43000031,164.0,Advance shipping,0,Women's Apparel,Tampa,EE. UU.,Golf,Europe,Palermo,Italia,Southern Europe,Sicilia,6/19/2015 20:15,6/21/2015 20:15,Standard Class,200.0,4,55.43000031
TRANSFER,6,4,1.970000029,164.0,Late delivery,1,Women's Apparel,Chicago,EE. UU.,Golf,Europe,Novara,Italia,Southern Europe,Piamonte,6/30/2017 21:40,7/6/2017 21:40,Standard Class,200.0,4,1.970000029
TRANSFER,3,4,31.21999931,131.1699982,Advance shipping,0,Shop By Sport,Los Angeles,EE. UU.,Golf,Europe,Munich,Alemania,Western Europe,Bavaria,7/14/2017 3:26,7/17/2017 3:26,Standard Class,159.9600067,4,31.21999931
TRANSFER,6,4,-272.0,160.0,Late delivery,1,Women's Apparel,New Bedford,EE. UU.,Golf,Europe,Angarsk,Rusia,Eastern Europe,Irkutsk,10/25/2016 12:33,10/31/2016 12:33,Standard Class,200.0,4,-272.0
TRANSFER,5,4,46.95000076,150.0,Late delivery,1,Women's Apparel,Tucson,EE. UU.,Golf,Europe,Ploiesti,Rumania,Eastern Europe,Prahova,10/3/2016 18:11,10/8/2016 18:11,Standard Class,200.0,4,46.95000076
TRANSFER,5,4,58.5,150.0,Late delivery,1,Women's Apparel,Austin,EE. UU.,Golf,Europe,London,Reino Unido,Northern Europe,Inglaterra,7/23/2017 5:21,7/28/2017 5:21,Standard Class,200.0,4,58.5
TRANSFER,3,4,-26.54999924,97.95999908,Advance shipping,0,Accessories,Scottsdale,EE. UU.,Outdoors,Europe,Loughborough,Reino Unido,Northern Europe,Inglaterra,8/30/2015 16:18,9/2/2015 16:18,Standard Class,99.95999908,4,-26.54999924
TRANSFER,6,4,37.93000031,199.6399994,Late delivery,1,Electronics,Riverside,EE. UU.,Outdoors,Europe,London,Reino Unido,Northern Europe,Inglaterra,9/5/2015 11:44,9/11/2015 11:44,Standard Class,207.9600067,4,37.93000031
TRANSFER,4,4,24.59000015,65.5699997,Shipping on time,0,Golf Balls,El Monte,EE. UU.,Outdoors,Europe,Sandnes,Noruega,Northern Europe,Rogaland,6/18/2015 16:55,6/22/2015 16:55,Standard Class,79.95999908,4,24.59000015
TRANSFER,6,4,34.93000031,107.4800034,Shipping canceled,0,Electronics,Santa Cruz,EE. UU.,Footwear,Europe,Halle,Alemania,Western Europe,Renania del Norte-Westfalia,7/27/2015 10:02,8/2/2015 10:02,Standard Class,111.9599991,4,34.93000031
TRANSFER,4,4,113.9899979,379.9599915,Shipping canceled,0,Cardio Equipment,Oregon City,EE. UU.,Footwear,Europe,Deuil-la-Barre,Francia,Western Europe,Isla de Francia,6/21/2017 19:45,6/25/2017 19:45,Standard Class,399.9599915,4,113.9899979
TRANSFER,2,4,97.43000031,335.9700012,Shipping canceled,0,Cardio Equipment,Dallas,EE. UU.,Footwear,Europe,Leeds,Reino Unido,Northern Europe,Inglaterra,9/3/2015 9:17,9/5/2015 9:17,Standard Class,399.9599915,4,97.43000031
TRANSFER,5,4,162.6600037,331.9700012,Shipping canceled,0,Cardio Equipment,Escondido,EE. UU.,Footwear,Europe,Hamburgo,Alemania,Western Europe,Hamburgo,6/30/2017 3:48,7/5/2017 3:48,Standard Class,399.9599915,4,162.6600037
TRANSFER,2,4,81.47000122,232.7599945,Shipping canceled,0,Cleats,Tonawanda,EE. UU.,Apparel,Europe,Bordeaux,Francia,Western Europe,Aquitania-Lemosín-Poitou-Charentes,8/30/2017 17:12,9/1/2017 17:12,Standard Class,239.9600067,4,81.47000122
TRANSFER,2,4,55.79000092,223.1600037,Shipping canceled,0,Cleats,Annandale,EE. UU.,Apparel,Europe,Járkov,Ucrania,Eastern Europe,Járkov,9/27/2016 17:30,9/29/2016 17:30,Standard Class,239.9600067,4,55.79000092
TRANSFER,5,4,81.01000214,223.1600037,Shipping canceled,0,Cleats,Memphis,EE. UU.,Apparel,Europe,Tarragona,España,Southern Europe,Cataluña,8/29/2015 5:58,9/3/2015 5:58,Standard Class,239.9600067,4,81.01000214
TRANSFER,6,4,42.22999954,211.1600037,Shipping canceled,0,Cleats,Wheaton,EE. UU.,Apparel,Europe,Pontivy,Francia,Western Europe,Bretaña,8/23/2015 15:26,8/29/2015 15:26,Standard Class,239.9600067,4,42.22999954
TRANSFER,3,4,-38.20000076,208.7700043,Shipping canceled,0,Cleats,Plano,EE. UU.,Apparel,Europe,Hartlepool,Reino Unido,Northern Europe,Inglaterra,9/29/2015 18:00,10/2/2015 18:00,Standard Class,239.9600067,4,-38.20000076
TRANSFER,2,4,-322.5100098,201.5700073,Shipping canceled,0,Cleats,Piscataway,EE. UU.,Apparel,Europe,Brindisi,Italia,Southern Europe,Apulia,9/12/2015 12:15,9/14/2015 12:15,Standard Class,239.9600067,4,-322.5100098
TRANSFER,6,4,-305.9500122,179.9700012,Shipping canceled,0,Cleats,Miami,EE. UU.,Apparel,Europe,Rome,Italia,Southern Europe,Lacio,10/13/2015 5:22,10/19/2015 5:22,Standard Class,239.9600067,4,-305.9500122
TRANSFER,3,4,88.0,200.0,Shipping canceled,0,Women's Apparel,Bismarck,EE. UU.,Golf,Europe,Cheltenham,Reino Unido,Northern Europe,Inglaterra,8/18/2017 21:46,8/21/2017 21:46,Standard Class,200.0,4,88.0
TRANSFER,2,4,-130.6799927,198.0,Shipping canceled,0,Women's Apparel,Chesapeake,EE. UU.,Golf,Europe,Viena,Austria,Western Europe,Viena,7/17/2015 8:39,7/19/2015 8:39,Standard Class,200.0,4,-130.6799927
TRANSFER,2,4,47.56000137,151.9600067,Shipping canceled,0,Shop By Sport,Piscataway,EE. UU.,Golf,Europe,Brindisi,Italia,Southern Europe,Apulia,9/12/2015 12:15,9/14/2015 12:15,Standard Class,159.9600067,4,47.56000137
TRANSFER,2,4,55.09999847,190.0,Shipping canceled,0,Women's Apparel,Toms River,EE. UU.,Golf,Europe,Zamora,España,Southern Europe,Castilla y León,7/26/2017 7:37,7/28/2017 7:37,Standard Class,200.0,4,55.09999847
TRANSFER,2,4,19.36000061,176.0,Shipping canceled,0,Women's Apparel,Annandale,EE. UU.,Golf,Europe,Járkov,Ucrania,Eastern Europe,Járkov,9/27/2016 17:30,9/29/2016 17:30,Standard Class,200.0,4,19.36000061
TRANSFER,2,4,38.00999832,140.7599945,Shipping canceled,0,Shop By Sport,Los Angeles,EE. UU.,Golf,Europe,Villenave-d'Ornon,Francia,Western Europe,Aquitania-Lemosín-Poitou-Charentes,9/21/2017 5:58,9/23/2017 5:58,Standard Class,159.9600067,4,38.00999832
TRANSFER,2,4,66.16000366,140.7599945,Shipping canceled,0,Shop By Sport,Vista,EE. UU.,Golf,Europe,Le Plessis-Robinson,Francia,Western Europe,Isla de Francia,7/2/2017 17:49,7/4/2017 17:49,Standard Class,159.9600067,4,66.16000366
TRANSFER,2,4,57.45999908,170.0,Shipping canceled,0,Women's Apparel,Dallas,EE. UU.,Golf,Europe,Leeds,Reino Unido,Northern Europe,Inglaterra,9/3/2015 9:17,9/5/2015 9:17,Standard Class,200.0,4,57.45999908
TRANSFER,4,4,50.45000076,132.7700043,Shipping canceled,0,Shop By Sport,Algonquin,EE. UU.,Golf,Europe,Roanne,Francia,Western Europe,Auvernia-Ródano-Alpes,8/12/2015 0:12,8/16/2015 0:12,Standard Class,159.9600067,4,50.45000076
TRANSFER,3,4,9.0,150.0,Shipping canceled,0,Women's Apparel,Aurora,EE. UU.,Golf,Europe,Fontenay-aux-Roses,Francia,Western Europe,Isla de Francia,10/10/2015 2:45,10/13/2015 2:45,Standard Class,200.0,4,9.0
TRANSFER,5,4,42.56000137,201.7200012,Shipping canceled,0,Electronics,Philadelphia,EE. UU.,Outdoors,Europe,Barcelona,España,Southern Europe,Cataluña,9/7/2015 15:56,9/12/2015 15:56,Standard Class,207.9600067,4,42.56000137
TRANSFER,2,4,44.15000153,95.97000122,Shipping canceled,0,Electronics,Piscataway,EE. UU.,Outdoors,Europe,Brindisi,Italia,Southern Europe,Apulia,9/12/2015 12:15,9/14/2015 12:15,Standard Class,127.9599991,4,44.15000153
TRANSFER,3,4,-20.87999916,208.7700043,Shipping canceled,0,Baseball & Softball,Escondido,EE. UU.,Fitness,LATAM,San Miguelito,Panamá,Central America,Panamá,2/12/2015 3:05,2/15/2015 3:05,Standard Class,239.9600067,4,-20.87999916
TRANSFER,2,4,182.1399994,395.9599915,Shipping canceled,0,Cardio Equipment,Chicago,EE. UU.,Footwear,LATAM,Tepic,México,Central America,Nayarit,1/18/2015 7:09,1/20/2015 7:09,Standard Class,399.9599915,4,182.1399994
TRANSFER,4,4,161.2599945,335.9700012,Shipping canceled,0,Cardio Equipment,Detroit,EE. UU.,Footwear,LATAM,Posadas,Argentina,South America,Misiones,5/4/2015 21:22,5/8/2015 21:22,Standard Class,399.9599915,4,161.2599945
TRANSFER,6,4,-255.9700012,319.9700012,Shipping canceled,0,Cardio Equipment,San Jose,EE. UU.,Footwear,LATAM,Culiacán,México,Central America,Sinaloa,3/13/2017 20:35,3/19/2017 20:35,Standard Class,399.9599915,4,-255.9700012
TRANSFER,2,4,56.77000046,218.3600006,Shipping canceled,0,Cleats,Marietta,EE. UU.,Apparel,LATAM,Panama City,Panamá,Central America,Panamá,3/16/2017 19:01,3/18/2017 19:01,Standard Class,239.9600067,4,56.77000046
TRANSFER,2,4,17.95000076,203.9700012,Shipping canceled,0,Cleats,Chicago,EE. UU.,Apparel,LATAM,Tepic,México,Central America,Nayarit,1/18/2015 7:09,1/20/2015 7:09,Standard Class,239.9600067,4,17.95000076
TRANSFER,4,4,-2.650000095,203.9700012,Shipping canceled,0,Cleats,Pekin,EE. UU.,Apparel,LATAM,Santana de Parnaíba,Brasil,South America,São Paulo,1/21/2015 4:10,1/25/2015 4:10,Standard Class,239.9600067,4,-2.650000095
TRANSFER,2,4,70.55000305,201.5700073,Shipping canceled,0,Cleats,Santa Ana,EE. UU.,Apparel,LATAM,Bogotá,Colombia,South America,Bogotá,2/21/2017 3:27,2/23/2017 3:27,Standard Class,239.9600067,4,70.55000305
TRANSFER,4,4,100.7799988,201.5700073,Shipping canceled,0,Cleats,Pekin,EE. UU.,Apparel,LATAM,Santana de Parnaíba,Brasil,South America,São Paulo,1/21/2015 4:10,1/25/2015 4:10,Standard Class,239.9600067,4,100.7799988
TRANSFER,5,4,-318.6700134,199.1699982,Shipping canceled,0,Cleats,Dallas,EE. UU.,Apparel,LATAM,Cienfuegos,Cuba,Caribbean,Cienfuegos,4/19/2017 1:06,4/24/2017 1:06,Standard Class,239.9600067,4,-318.6700134
TRANSFER,4,4,53.77999878,199.1699982,Shipping canceled,0,Cleats,Canyon Country,EE. UU.,Apparel,LATAM,São Bernardo do Campo,Brasil,South America,São Paulo,1/11/2015 18:12,1/15/2015 18:12,Standard Class,239.9600067,4,53.77999878
TRANSFER,2,4,57.75999832,199.1699982,Shipping canceled,0,Cleats,Indianapolis,EE. UU.,Apparel,LATAM,Birigui,Brasil,South America,São Paulo,4/4/2017 9:42,4/6/2017 9:42,Standard Class,239.9600067,4,57.75999832
TRANSFER,4,4,99.58000183,199.1699982,Shipping canceled,0,Cleats,Detroit,EE. UU.,Apparel,LATAM,Posadas,Argentina,South America,Misiones,5/4/2015 21:22,5/8/2015 21:22,Standard Class,239.9600067,4,99.58000183
TRANSFER,2,4,63.68000031,181.9499969,Advance shipping,0,Shop By Sport,Caguas,Puerto Rico,Golf,Pacific Asia,Surabaya,Indonesia,Southeast Asia,Java Oriental,12/21/2015 6:51,12/23/2015 6:51,Standard Class,199.9499969,5,63.68000031
TRANSFER,3,4,-48.83000183,225.0,Advance shipping,0,Women's Apparel,Caguas,Puerto Rico,Golf,Pacific Asia,Mersin,Turquía,West Asia,Mersin,9/16/2016 10:20,9/19/2016 10:20,Standard Class,250.0,5,-48.83000183
TRANSFER,4,4,74.36000061,220.0,Shipping on time,0,Women's Apparel,Caguas,Puerto Rico,Golf,Pacific Asia,Kathmandu,Nepal,South Asia,Central,11/22/2015 11:37,11/26/2015 11:37,Standard Class,250.0,5,74.36000061
TRANSFER,5,4,11.89999962,297.5,Late delivery,1,Girls' Apparel,Caguas,Puerto Rico,Golf,Pacific Asia,Denizli,Turquía,West Asia,Denizli,9/30/2016 11:22,10/5/2016 11:22,Standard Class,350.0,5,11.89999962
TRANSFER,5,4,79.66000366,165.9600067,Late delivery,1,Shop By Sport,Caguas,Puerto Rico,Golf,Pacific Asia,Newcastle,Australia,Oceania,Nueva Gales del Sur,12/26/2015 0:01,12/31/2015 0:01,Standard Class,199.9499969,5,79.66000366
TRANSFER,3,4,63.38000107,187.5,Advance shipping,0,Women's Apparel,Caguas,Puerto Rico,Golf,Pacific Asia,Masterton,Nueva Zelanda,Oceania,Wellington,3/25/2016 14:57,3/28/2016 14:57,Standard Class,250.0,5,63.38000107
TRANSFER,2,4,-37.5,187.5,Advance shipping,0,Women's Apparel,Caguas,Puerto Rico,Golf,Pacific Asia,Melbourne,Australia,Oceania,Victoria,2/7/2016 16:15,2/9/2016 16:15,Standard Class,250.0,5,-37.5
TRANSFER,2,4,18.69000053,109.9499969,Advance shipping,0,Trade-In,Caguas,Puerto Rico,Outdoors,Pacific Asia,Bagdad,Irak,West Asia,Bagdad,11/14/2016 0:37,11/16/2016 0:37,Standard Class,109.9499969,5,18.69000053
TRANSFER,2,4,6.170000076,97.94999695,Advance shipping,0,Golf Balls,Caguas,Puerto Rico,Outdoors,Pacific Asia,Guwahati,India,South Asia,Assam,12/19/2015 21:34,12/21/2015 21:34,Standard Class,99.94999695,5,6.170000076
TRANSFER,4,4,-12.18999958,65.55999756,Shipping on time,0,Trade-In,Caguas,Puerto Rico,Outdoors,Pacific Asia,Asahikawa,Japón,Eastern Asia,Hokkaido,11/6/2015 8:30,11/10/2015 8:30,Standard Class,79.94999695,5,-12.18999958
TRANSFER,5,4,186.1799927,489.9500122,Late delivery,1,Cardio Equipment,Caguas,Puerto Rico,Footwear,Pacific Asia,Jinan,China,Eastern Asia,Shandong,11/18/2015 18:38,11/23/2015 18:38,Standard Class,499.9500122,5,186.1799927
TRANSFER,4,4,226.7799988,472.4500122,Shipping on time,0,Cardio Equipment,Caguas,Puerto Rico,Footwear,Pacific Asia,Auckland,Nueva Zelanda,Oceania,Auckland,3/19/2016 13:55,3/23/2016 13:55,Standard Class,499.9500122,5,226.7799988
TRANSFER,2,4,37.79999924,472.4500122,Advance shipping,0,Cardio Equipment,Caguas,Puerto Rico,Footwear,Pacific Asia,Corum,Turquía,West Asia,Corum,9/28/2016 2:15,9/30/2016 2:15,Standard Class,499.9500122,5,37.79999924
TRANSFER,5,4,206.9799957,449.9599915,Late delivery,1,Cardio Equipment,Caguas,Puerto Rico,Footwear,Pacific Asia,Perth,Australia,Oceania,Australia Occidental,1/16/2016 2:16,1/21/2016 2:16,Standard Class,499.9500122,5,206.9799957
TRANSFER,2,4,206.9799957,449.9599915,Advance shipping,0,Cardio Equipment,Caguas,Puerto Rico,Footwear,Pacific Asia,Rawalpindi,Pakistán,South Asia,Punyab,2/20/2016 3:47,2/22/2016 3:47,Standard Class,499.9500122,5,206.9799957
TRANSFER,2,4,30.79999924,439.9599915,Advance shipping,0,Cardio Equipment,Caguas,Puerto Rico,Footwear,Pacific Asia,Huainan,China,Eastern Asia,Anhui,3/1/2016 23:03,3/3/2016 23:03,Standard Class,499.9500122,5,30.79999924
TRANSFER,3,4,-87.98999786,439.9599915,Advance shipping,0,Cardio Equipment,Caguas,Puerto Rico,Footwear,Pacific Asia,Newcastle,Australia,Oceania,Nueva Gales del Sur,2/25/2016 19:01,2/28/2016 19:01,Standard Class,499.9500122,5,-87.98999786
TRANSFER,6,4,148.7100067,439.9599915,Late delivery,1,Cardio Equipment,Caguas,Puerto Rico,Footwear,Pacific Asia,Gujranwala,Pakistán,South Asia,Punyab,1/1/2016 19:17,1/7/2016 19:17,Standard Class,499.9500122,5,148.7100067
TRANSFER,5,4,39.5699997,121.7600021,Late delivery,1,Electronics,Caguas,Puerto Rico,Footwear,Pacific Asia,Luoyang,China,Eastern Asia,Fujian,11/12/2015 15:30,11/17/2015 15:30,Standard Class,139.9499969,5,39.5699997
TRANSFER,4,4,106.2399979,424.9599915,Shipping on time,0,Cardio Equipment,Caguas,Puerto Rico,Footwear,Pacific Asia,Surabaya,Indonesia,Southeast Asia,Java Oriental,12/8/2015 6:00,12/12/2015 6:00,Standard Class,499.9500122,5,106.2399979
TRANSFER,5,4,23.62000084,374.9599915,Late delivery,1,Cardio Equipment,Caguas,Puerto Rico,Footwear,Pacific Asia,Bangkok,Tailandia,Southeast Asia,Bangkok,2/17/2016 8:31,2/22/2016 8:31,Standard Class,499.9500122,5,23.62000084
TRANSFER,2,4,37.11999893,296.9500122,Advance shipping,0,Cleats,Caguas,Puerto Rico,Apparel,Pacific Asia,Hangzhou,China,Eastern Asia,Zhejiang,12/1/2015 15:38,12/3/2015 15:38,Standard Class,299.9500122,5,37.11999893
TRANSFER,2,4,99.36000061,293.9500122,Advance shipping,0,Cleats,Caguas,Puerto Rico,Apparel,Pacific Asia,Raipur,India,South Asia,Rajastán,3/3/2016 11:50,3/5/2016 11:50,Standard Class,299.9500122,5,99.36000061
TRANSFER,3,4,-64.79000092,287.9500122,Advance shipping,0,Cleats,Caguas,Puerto Rico,Apparel,Pacific Asia,Adelaide,Australia,Oceania,Australia del Sur,11/16/2015 6:23,11/19/2015 6:23,Standard Class,299.9500122,5,-64.79000092
TRANSFER,5,4,142.4799957,284.9500122,Late delivery,1,Cleats,Caguas,Puerto Rico,Apparel,Pacific Asia,Luoyang,China,Eastern Asia,Fujian,11/12/2015 15:30,11/17/2015 15:30,Standard Class,299.9500122,5,142.4799957
TRANSFER,5,4,-199.4700012,284.9500122,Late delivery,1,Cleats,Caguas,Puerto Rico,Apparel,Pacific Asia,Jeddah,Arabia Saudí,West Asia,Meca,12/6/2016 13:12,12/11/2016 13:12,Standard Class,299.9500122,5,-199.4700012
TRANSFER,2,4,20.92000008,278.9500122,Advance shipping,0,Cleats,Caguas,Puerto Rico,Apparel,Pacific Asia,Huaiyin,China,Eastern Asia,Jiangsu,2/26/2016 8:41,2/28/2016 8:41,Standard Class,299.9500122,5,20.92000008
TRANSFER,3,4,68.23999786,272.9500122,Advance shipping,0,Cleats,Caguas,Puerto Rico,Apparel,Pacific Asia,Newcastle,Australia,Oceania,Nueva Gales del Sur,2/25/2016 19:01,2/28/2016 19:01,Standard Class,299.9500122,5,68.23999786
TRANSFER,5,4,81.68000031,260.9599915,Late delivery,1,Cleats,Caguas,Puerto Rico,Apparel,Pacific Asia,Guangshui,China,Eastern Asia,Hubei,1/16/2016 7:31,1/21/2016 7:31,Standard Class,299.9500122,5,81.68000031
TRANSFER,2,4,68.83999634,254.9600067,Advance shipping,0,Cleats,Caguas,Puerto Rico,Apparel,Pacific Asia,Baguio City,Filipinas,Southeast Asia,Cordillera,2/11/2016 14:50,2/13/2016 14:50,Standard Class,299.9500122,5,68.83999634
TRANSFER,5,4,117.2799988,254.9600067,Late delivery,1,Cleats,Caguas,Puerto Rico,Apparel,Pacific Asia,Estambul,Turquía,West Asia,Estambul,11/23/2016 11:38,11/28/2016 11:38,Standard Class,299.9500122,5,117.2799988
TRANSFER,6,4,85.16000366,251.9600067,Late delivery,1,Cleats,Caguas,Puerto Rico,Apparel,Pacific Asia,Vientiane,Laos,Southeast Asia,Prefectura de Vientián,12/28/2015 13:41,1/3/2016 13:41,Standard Class,299.9500122,5,85.16000366
TRANSFER,4,4,65.51000214,251.9600067,Shipping on time,0,Cleats,Caguas,Puerto Rico,Apparel,Pacific Asia,Riyadh,Arabia Saudí,West Asia,Riad,9/3/2016 16:08,9/7/2016 16:08,Standard Class,299.9500122,5,65.51000214
TRANSFER,3,4,87.13999939,248.9600067,Advance shipping,0,Cleats,Caguas,Puerto Rico,Apparel,Pacific Asia,Gwalior,India,South Asia,Madhya Pradesh,1/21/2016 9:26,1/24/2016 9:26,Standard Class,299.9500122,5,87.13999939
TRANSFER,3,4,114.5199966,248.9600067,Advance shipping,0,Cleats,Caguas,Puerto Rico,Apparel,Pacific Asia,Hanoi,Vietnam,Southeast Asia,Th? Dô Hà N?i,2/19/2016 14:08,2/22/2016 14:08,Standard Class,299.9500122,5,114.5199966
TRANSFER,4,4,18.75,150.0,Shipping on time,0,Shop By Sport,Caguas,Puerto Rico,Golf,Pacific Asia,Raipur,India,South Asia,Uttarakhand,12/16/2015 13:42,12/20/2015 13:42,Standard Class,150.0,5,18.75
TRANSFER,2,4,74.98000336,199.9499969,Advance shipping,0,Shop By Sport,Caguas,Puerto Rico,Golf,Pacific Asia,Mumbai,India,South Asia,Maharashtra,1/21/2016 21:21,1/23/2016 21:21,Standard Class,199.9499969,5,74.98000336
TRANSFER,2,4,-309.9200134,199.9499969,Advance shipping,0,Shop By Sport,Caguas,Puerto Rico,Golf,Pacific Asia,Nakhon Ratchasima,Tailandia,Southeast Asia,Nakhon Ratchasima,2/3/2016 7:09,2/5/2016 7:09,Standard Class,199.9499969,5,-309.9200134
TRANSFER,4,4,64.34999847,247.5,Shipping on time,0,Women's Apparel,Caguas,Puerto Rico,Golf,Pacific Asia,Yingcheng,China,Eastern Asia,Hubei,12/12/2015 18:36,12/16/2015 18:36,Standard Class,250.0,5,64.34999847
TRANSFER,6,4,68.59999847,245.0,Late delivery,1,Women's Apparel,Caguas,Puerto Rico,Golf,Pacific Asia,Qarshi,Uzbekistán,Central Asia,Kashkadar,10/24/2016 10:17,10/30/2016 10:17,Standard Class,250.0,5,68.59999847
TRANSFER,4,4,6.130000114,245.0,Shipping on time,0,Women's Apparel,Caguas,Puerto Rico,Golf,Pacific Asia,Yingcheng,China,Eastern Asia,Hubei,12/12/2015 18:36,12/16/2015 18:36,Standard Class,250.0,5,6.130000114
TRANSFER,6,4,113.9800034,242.5,Late delivery,1,Women's Apparel,Caguas,Puerto Rico,Golf,Pacific Asia,Wollongong,Australia,Oceania,Nueva Gales del Sur,2/6/2016 20:38,2/12/2016 20:38,Standard Class,250.0,5,113.9800034
TRANSFER,4,4,84.87999725,242.5,Shipping on time,0,Women's Apparel,Caguas,Puerto Rico,Golf,Pacific Asia,Zahedan,Irán,South Asia,Sistán y Baluchistán,12/26/2016 9:19,12/30/2016 9:19,Standard Class,250.0,5,84.87999725
TRANSFER,2,4,67.19999695,240.0,Advance shipping,0,Women's Apparel,Caguas,Puerto Rico,Golf,Pacific Asia,Adelaide,Australia,Oceania,Australia del Sur,3/15/2016 12:52,3/17/2016 12:52,Standard Class,250.0,5,67.19999695
TRANSFER,5,4,-168.0,240.0,Late delivery,1,Women's Apparel,Caguas,Puerto Rico,Golf,Pacific Asia,Izmir,Turquía,West Asia,Izmir,12/11/2016 21:04,12/16/2016 21:04,Standard Class,250.0,5,-168.0
TRANSFER,2,4,79.84999847,236.25,Advance shipping,0,Women's Apparel,Caguas,Puerto Rico,Golf,Pacific Asia,Rawalpindi,Pakistán,South Asia,Punyab,2/20/2016 3:47,2/22/2016 3:47,Standard Class,250.0,5,79.84999847
TRANSFER,6,4,20.45999908,232.5,Late delivery,1,Women's Apparel,Caguas,Puerto Rico,Golf,Pacific Asia,Anjo,Japón,Eastern Asia,Aichi,2/10/2016 1:42,2/16/2016 1:42,Standard Class,250.0,5,20.45999908
TRANSFER,5,4,43.70999908,232.5,Late delivery,1,Women's Apparel,Caguas,Puerto Rico,Golf,Pacific Asia,Rawalpindi,Pakistán,South Asia,Punyab,11/23/2015 16:00,11/28/2015 16:00,Standard Class,250.0,5,43.70999908
TRANSFER,4,4,103.5,225.0,Shipping on time,0,Women's Apparel,Caguas,Puerto Rico,Golf,Pacific Asia,Manukau City,Nueva Zelanda,Oceania,Auckland,3/31/2016 13:12,4/4/2016 13:12,Standard Class,250.0,5,103.5
TRANSFER,5,4,22.5,225.0,Late delivery,1,Women's Apparel,Caguas,Puerto Rico,Golf,Pacific Asia,Brisbane,Australia,Oceania,Queensland,2/9/2016 4:20,2/14/2016 4:20,Standard Class,250.0,5,22.5
TRANSFER,5,4,77.0,220.0,Late delivery,1,Women's Apparel,Caguas,Puerto Rico,Golf,Pacific Asia,Abadan,Irán,South Asia,Juzestán,10/11/2016 18:53,10/16/2016 18:53,Standard Class,250.0,5,77.0
TRANSFER,3,4,59.49000168,169.9600067,Advance shipping,0,Shop By Sport,Caguas,Puerto Rico,Golf,Pacific Asia,Canberra,Australia,Oceania,Territorio de la Capital Australiana,11/15/2015 18:07,11/18/2015 18:07,Standard Class,199.9499969,5,59.49000168
TRANSFER,2,4,46.20000076,210.0,Advance shipping,0,Women's Apparel,Caguas,Puerto Rico,Golf,Pacific Asia,Hangzhou,China,Eastern Asia,Zhejiang,12/1/2015 15:38,12/3/2015 15:38,Standard Class,250.0,5,46.20000076
TRANSFER,3,4,18.04000092,205.0,Advance shipping,0,Women's Apparel,Caguas,Puerto Rico,Golf,Pacific Asia,Kendari,Indonesia,Southeast Asia,Célebes Suroriental,1/14/2016 16:17,1/17/2016 16:17,Standard Class,250.0,5,18.04000092
TRANSFER,5,4,71.98000336,159.9600067,Late delivery,1,Shop By Sport,Caguas,Puerto Rico,Golf,Pacific Asia,Anshan,China,Eastern Asia,Liaoning,11/20/2015 2:10,11/25/2015 2:10,Standard Class,199.9499969,5,71.98000336
TRANSFER,3,4,43.18999863,159.9600067,Advance shipping,0,Shop By Sport,Caguas,Puerto Rico,Golf,Pacific Asia,Kuala Terengganu,Malasia,Southeast Asia,Trengganu,1/27/2016 14:20,1/30/2016 14:20,Standard Class,199.9499969,5,43.18999863
TRANSFER,5,4,21.19000053,187.5,Late delivery,1,Women's Apparel,Caguas,Puerto Rico,Golf,Pacific Asia,Jeddah,Arabia Saudí,West Asia,Meca,12/6/2016 13:12,12/11/2016 13:12,Standard Class,250.0,5,21.19000053
TRANSFER,2,4,37.24000168,155.1499939,Advance shipping,0,Electronics,Caguas,Puerto Rico,Outdoors,Pacific Asia,Canberra,Australia,Oceania,Territorio de la Capital Australiana,11/17/2015 6:33,11/19/2015 6:33,Standard Class,159.9499969,5,37.24000168
TRANSFER,3,4,-213.2899933,96.94999695,Advance shipping,0,Golf Balls,Caguas,Puerto Rico,Outdoors,Pacific Asia,Nom Pen,Camboya,Southeast Asia,Nom Pen,2/26/2016 2:02,2/29/2016 2:02,Standard Class,99.94999695,5,-213.2899933
TRANSFER,2,4,30.93000031,106.6500015,Advance shipping,0,Trade-In,Caguas,Puerto Rico,Outdoors,Pacific Asia,Corum,Turquía,West Asia,Corum,9/28/2016 2:15,9/30/2016 2:15,Standard Class,109.9499969,5,30.93000031
TRANSFER,3,4,14.57999992,76.75,Advance shipping,0,Trade-In,Caguas,Puerto Rico,Outdoors,Pacific Asia,Caloundra,Australia,Oceania,Queensland,1/23/2016 22:45,1/26/2016 22:45,Standard Class,79.94999695,5,14.57999992
TRANSFER,6,4,31.26000023,67.95999908,Late delivery,1,Trade-In,Caguas,Puerto Rico,Outdoors,Pacific Asia,Visakhapatnam,India,South Asia,Andhra Pradesh,3/13/2016 20:14,3/19/2016 20:14,Standard Class,79.94999695,5,31.26000023
TRANSFER,3,4,37.02000046,75.55999756,Advance shipping,0,Golf Balls,Caguas,Puerto Rico,Outdoors,Pacific Asia,Shanwei,China,Eastern Asia,Guangdong,11/8/2015 2:11,11/11/2015 2:11,Standard Class,89.94999695,5,37.02000046
TRANSFER,6,4,35.86000061,102.4599991,Late delivery,1,Accessories,Caguas,Puerto Rico,Outdoors,Pacific Asia,Caloocan,Filipinas,Southeast Asia,Capital Nacional,10/31/2015 6:03,11/6/2015 6:03,Standard Class,124.9499969,5,35.86000061
TRANSFER,3,4,30.70000076,63.95999908,Advance shipping,0,Trade-In,San Juan,Puerto Rico,Outdoors,Pacific Asia,Kollam,India,South Asia,Kerala,2/13/2016 23:15,2/16/2016 23:15,Standard Class,79.94999695,5,30.70000076
TRANSFER,3,4,6.599999905,87.95999908,Advance shipping,0,Trade-In,Caguas,Puerto Rico,Outdoors,Pacific Asia,Al Muharraq,Baréin,West Asia,Muharraq,11/25/2016 6:44,11/28/2016 6:44,Standard Class,109.9499969,5,6.599999905
TRANSFER,6,4,38.99000168,119.9599991,Late delivery,1,Electronics,Caguas,Puerto Rico,Outdoors,Pacific Asia,Zaozhuang,China,Eastern Asia,Shandong,3/6/2016 11:18,3/12/2016 11:18,Standard Class,159.9499969,5,38.99000168
TRANSFER,2,4,24.82999992,179.9600067,Advance shipping,0,Electronics,Caguas,Puerto Rico,Outdoors,Pacific Asia,Xichang,China,Eastern Asia,Sichuan,12/11/2015 1:37,12/13/2015 1:37,Standard Class,239.9499969,5,24.82999992
TRANSFER,5,4,48.0,137.1499939,Shipping canceled,0,Electronics,Caguas,Puerto Rico,Footwear,Pacific Asia,Christchurch,Nueva Zelanda,Oceania,Canterbury,3/27/2016 9:42,4/1/2016 9:42,Standard Class,139.9499969,5,48.0
TRANSFER,3,4,140.6399994,484.9500122,Shipping canceled,0,Cardio Equipment,Caguas,Puerto Rico,Footwear,Pacific Asia,Dubbo,Australia,Oceania,Nueva Gales del Sur,10/27/2015 8:09,10/30/2015 8:09,Standard Class,499.9500122,5,140.6399994
TRANSFER,6,4,94.83999634,278.9500122,Shipping canceled,0,Cleats,Caguas,Puerto Rico,Apparel,Pacific Asia,Nellore,India,South Asia,Andhra Pradesh,12/26/2015 19:38,1/1/2016 19:38,Standard Class,299.9500122,5,94.83999634
TRANSFER,6,4,0.0,272.9500122,Shipping canceled,0,Cleats,Caguas,Puerto Rico,Apparel,Pacific Asia,Nellore,India,South Asia,Andhra Pradesh,12/26/2015 19:38,1/1/2016 19:38,Standard Class,299.9500122,5,0.0
TRANSFER,6,4,-27.0,269.9599915,Shipping canceled,0,Cleats,Caguas,Puerto Rico,Apparel,Pacific Asia,Nellore,India,South Asia,Andhra Pradesh,12/26/2015 19:38,1/1/2016 19:38,Standard Class,299.9500122,5,-27.0
TRANSFER,4,4,-494.8800049,197.9499969,Shipping canceled,0,Shop By Sport,Caguas,Puerto Rico,Golf,Pacific Asia,Manukau City,Nueva Zelanda,Oceania,Auckland,3/18/2016 16:53,3/22/2016 16:53,Standard Class,199.9499969,5,-494.8800049
TRANSFER,3,4,-372.0,240.0,Shipping canceled,0,Women's Apparel,Caguas,Puerto Rico,Golf,Pacific Asia,Semarang,Indonesia,Southeast Asia,Java Central,12/7/2015 3:22,12/10/2015 3:22,Standard Class,250.0,5,-372.0
TRANSFER,3,4,79.84999847,236.25,Shipping canceled,0,Women's Apparel,Caguas,Puerto Rico,Golf,Pacific Asia,Albany,Australia,Oceania,Australia Occidental,2/23/2016 14:28,2/26/2016 14:28,Standard Class,250.0,5,79.84999847
TRANSFER,4,4,57.40999985,173.9600067,Shipping canceled,0,Shop By Sport,Caguas,Puerto Rico,Golf,Pacific Asia,Mount Isa,Australia,Oceania,Queensland,3/24/2016 13:02,3/28/2016 13:02,Standard Class,199.9499969,5,57.40999985
TRANSFER,4,4,-635.4400024,409.9599915,Shipping canceled,0,Cardio Equipment,Caguas,Puerto Rico,Footwear,USCA,Tulsa,Estados Unidos,US Center ,Oklahoma,7/4/2016 13:56,7/8/2016 13:56,Standard Class,499.9500122,5,-635.4400024
TRANSFER,3,4,4.0,399.9599915,Shipping canceled,0,Cardio Equipment,Caguas,Puerto Rico,Footwear,USCA,Clinton,Estados Unidos,East of USA,Maryland,5/25/2016 13:39,5/28/2016 13:39,Standard Class,499.9500122,5,4.0
TRANSFER,4,4,25.30999947,290.9500122,Shipping canceled,0,Cleats,Caguas,Puerto Rico,Apparel,USCA,San Francisco,Estados Unidos,West of USA ,California,8/8/2016 21:46,8/12/2016 21:46,Standard Class,299.9500122,5,25.30999947
TRANSFER,2,4,-54.59000015,272.9500122,Shipping canceled,0,Cleats,Caguas,Puerto Rico,Apparel,USCA,Oswego,Estados Unidos,US Center ,Illinois,8/18/2016 5:17,8/20/2016 5:17,Standard Class,299.9500122,5,-54.59000015
TRANSFER,3,4,98.26000214,272.9500122,Shipping canceled,0,Cleats,Caguas,Puerto Rico,Apparel,USCA,Saint Charles,Estados Unidos,US Center ,Illinois,7/31/2016 18:59,8/3/2016 18:59,Standard Class,299.9500122,5,98.26000214
TRANSFER,5,4,49.99000168,199.9499969,Shipping canceled,0,Girls' Apparel,Caguas,Puerto Rico,Golf,USCA,Columbus,Estados Unidos,South of  USA ,Georgia,5/15/2016 10:51,5/20/2016 10:51,Standard Class,199.9499969,5,49.99000168
TRANSFER,3,4,42.24000168,240.0,Shipping canceled,0,Women's Apparel,Caguas,Puerto Rico,Golf,USCA,Decatur,Estados Unidos,US Center ,Illinois,8/23/2016 13:31,8/26/2016 13:31,Standard Class,250.0,5,42.24000168
TRANSFER,3,4,30.45000076,217.5,Shipping canceled,0,Women's Apparel,Caguas,Puerto Rico,Golf,USCA,Costa Mesa,Estados Unidos,West of USA ,California,8/25/2016 16:19,8/28/2016 16:19,Standard Class,250.0,5,30.45000076
TRANSFER,2,4,94.5,210.0,Shipping canceled,0,Women's Apparel,Caguas,Puerto Rico,Golf,USCA,Asheville,Estados Unidos,South of  USA ,Carolina del Norte,6/4/2016 9:46,6/6/2016 9:46,Standard Class,250.0,5,94.5
TRANSFER,3,4,11.8199997,134.3600006,Shipping canceled,0,Electronics,Caguas,Puerto Rico,Outdoors,USCA,Costa Mesa,Estados Unidos,West of USA ,California,8/25/2016 16:19,8/28/2016 16:19,Standard Class,159.9499969,5,11.8199997
TRANSFER,2,4,101.4100037,220.4499969,Advance shipping,0,Electronics,Caguas,Puerto Rico,Footwear,USCA,Florence,Estados Unidos,South of  USA ,Alabama,4/20/2016 8:58,4/22/2016 8:58,Standard Class,224.9499969,5,101.4100037
TRANSFER,6,4,-348.9500122,454.9500122,Late delivery,1,Cardio Equipment,Caguas,Puerto Rico,Footwear,USCA,Lowell,Estados Unidos,East of USA,Massachusetts,7/27/2016 16:11,8/2/2016 16:11,Standard Class,499.9500122,5,-348.9500122
TRANSFER,5,4,143.6399994,424.9599915,Late delivery,1,Cardio Equipment,Caguas,Puerto Rico,Footwear,USCA,New York City,Estados Unidos,East of USA,Nueva York,8/16/2016 10:33,8/21/2016 10:33,Standard Class,499.9500122,5,143.6399994
TRANSFER,2,4,163.7799988,419.9599915,Advance shipping,0,Cardio Equipment,Caguas,Puerto Rico,Footwear,USCA,Seattle,Estados Unidos,West of USA ,Washington,7/31/2016 8:07,8/2/2016 8:07,Standard Class,499.9500122,5,163.7799988
TRANSFER,5,4,51.65000153,184.4600067,Late delivery,1,Electronics,Caguas,Puerto Rico,Footwear,USCA,Akron,Estados Unidos,East of USA,Ohio,5/31/2016 13:59,6/5/2016 13:59,Standard Class,224.9499969,5,51.65000153
TRANSFER,3,4,18.70999908,296.9500122,Advance shipping,0,Cleats,Caguas,Puerto Rico,Apparel,USCA,San Francisco,Estados Unidos,West of USA ,California,4/15/2016 20:42,4/18/2016 20:42,Standard Class,299.9500122,5,18.70999908
TRANSFER,2,4,-54.70000076,290.9500122,Advance shipping,0,Cleats,Caguas,Puerto Rico,Apparel,USCA,London,Canada,Canada,Ontario,12/16/2016 17:23,12/18/2016 17:23,Standard Class,299.9500122,5,-54.70000076
TRANSFER,2,4,77.75,287.9500122,Advance shipping,0,Cleats,Caguas,Puerto Rico,Apparel,USCA,London,Canada,Canada,Ontario,12/16/2016 17:23,12/18/2016 17:23,Standard Class,299.9500122,5,77.75
TRANSFER,5,4,127.5500031,283.4500122,Late delivery,1,Cleats,Caguas,Puerto Rico,Apparel,USCA,Springfield,Estados Unidos,South of  USA ,Virginia,4/15/2016 9:09,4/20/2016 9:09,Standard Class,299.9500122,5,127.5500031
TRANSFER,2,4,114.6399994,272.9500122,Advance shipping,0,Cleats,Caguas,Puerto Rico,Apparel,USCA,Henderson,Estados Unidos,West of USA ,Nevada,7/14/2016 16:44,7/16/2016 16:44,Standard Class,299.9500122,5,114.6399994
TRANSFER,3,4,26.10000038,260.9599915,Advance shipping,0,Cleats,Caguas,Puerto Rico,Apparel,USCA,North York,Canada,Canada,Ontario,12/5/2016 18:59,12/8/2016 18:59,Standard Class,299.9500122,5,26.10000038
TRANSFER,5,4,-168.0599976,251.9600067,Late delivery,1,Cleats,Caguas,Puerto Rico,Apparel,USCA,Los Angeles,Estados Unidos,West of USA ,California,8/20/2016 17:54,8/25/2016 17:54,Standard Class,299.9500122,5,-168.0599976
TRANSFER,3,4,118.8000031,247.5,Advance shipping,0,Women's Apparel,Caguas,Puerto Rico,Golf,USCA,New York City,Estados Unidos,East of USA,Nueva York,4/10/2016 21:35,4/13/2016 21:35,Standard Class,250.0,5,118.8000031
TRANSFER,2,4,62.40000153,240.0,Advance shipping,0,Women's Apparel,Caguas,Puerto Rico,Golf,USCA,Grand Rapids,Estados Unidos,US Center ,Michigan,8/6/2016 18:16,8/8/2016 18:16,Standard Class,250.0,5,62.40000153
TRANSFER,3,4,61.75,237.5,Advance shipping,0,Women's Apparel,Caguas,Puerto Rico,Golf,USCA,Mississauga,Canada,Canada,Ontario,10/15/2016 23:47,10/18/2016 23:47,Standard Class,250.0,5,61.75
TRANSFER,2,4,-68.23999786,185.9499969,Advance shipping,0,Shop By Sport,Caguas,Puerto Rico,Golf,USCA,New York City,Estados Unidos,East of USA,Nueva York,8/18/2016 1:47,8/20/2016 1:47,Standard Class,199.9499969,5,-68.23999786
TRANSFER,6,4,25.43000031,225.0,Late delivery,1,Women's Apparel,Caguas,Puerto Rico,Golf,USCA,Round Rock,Estados Unidos,US Center ,Texas,6/16/2016 17:28,6/22/2016 17:28,Standard Class,250.0,5,25.43000031
TRANSFER,6,4,104.4000015,217.5,Late delivery,1,Women's Apparel,Caguas,Puerto Rico,Golf,USCA,Arlington,Estados Unidos,US Center ,Texas,7/7/2016 21:28,7/13/2016 21:28,Standard Class,250.0,5,104.4000015
TRANSFER,3,4,-155.7599945,212.5,Advance shipping,0,Women's Apparel,Caguas,Puerto Rico,Golf,USCA,San Francisco,Estados Unidos,West of USA ,California,4/15/2016 20:42,4/18/2016 20:42,Standard Class,250.0,5,-155.7599945
TRANSFER,4,4,15.75,210.0,Shipping on time,0,Women's Apparel,Caguas,Puerto Rico,Golf,USCA,San Diego,Estados Unidos,West of USA ,California,4/27/2016 13:20,5/1/2016 13:20,Standard Class,250.0,5,15.75
TRANSFER,2,4,18.04000092,205.0,Advance shipping,0,Women's Apparel,Caguas,Puerto Rico,Golf,USCA,New York City,Estados Unidos,East of USA,Nueva York,8/18/2016 1:47,8/20/2016 1:47,Standard Class,250.0,5,18.04000092
TRANSFER,6,4,-320.0,200.0,Late delivery,1,Women's Apparel,Caguas,Puerto Rico,Golf,USCA,Tucson,Estados Unidos,West of USA ,Arizona,6/21/2016 18:20,6/27/2016 18:20,Standard Class,250.0,5,-320.0
TRANSFER,3,4,31.84000015,113.6999969,Advance shipping,0,Accessories,Caguas,Puerto Rico,Outdoors,USCA,Los Angeles,Estados Unidos,West of USA ,California,4/1/2016 22:08,4/4/2016 22:08,Standard Class,124.9499969,5,31.84000015
TRANSFER,3,4,-367.1199951,215.9600067,Advance shipping,0,Electronics,Caguas,Puerto Rico,Outdoors,USCA,Mississauga,Canada,Canada,Ontario,10/15/2016 23:47,10/18/2016 23:47,Standard Class,239.9499969,5,-367.1199951
TRANSFER,4,4,-66.48000336,166.1999969,Shipping on time,0,Baseball & Softball,Caguas,Puerto Rico,Fitness,USCA,Detroit,Estados Unidos,US Center ,Michigan,4/8/2016 6:53,4/12/2016 6:53,Standard Class,174.9499969,5,-66.48000336
TRANSFER,4,4,51.13000107,116.1999969,Shipping on time,0,Lacrosse,Caguas,Puerto Rico,Fitness,USCA,Minneapolis,Estados Unidos,US Center ,Minnesota,5/31/2016 15:23,6/4/2016 15:23,Standard Class,124.9499969,5,51.13000107
TRANSFER,2,4,40.36000061,139.1600037,Advance shipping,0,Electronics,Caguas,Puerto Rico,Footwear,USCA,Charlotte,Estados Unidos,South of  USA ,Carolina del Norte,7/24/2016 11:27,7/26/2016 11:27,Standard Class,159.9499969,5,40.36000061
TRANSFER,2,4,208.7799988,434.9599915,Advance shipping,0,Cardio Equipment,Vega Baja,Puerto Rico,Footwear,USCA,Houston,Estados Unidos,US Center ,Texas,8/17/2016 8:16,8/19/2016 8:16,Standard Class,499.9500122,5,208.7799988
TRANSFER,3,4,42.5,424.9599915,Advance shipping,0,Cardio Equipment,Caguas,Puerto Rico,Footwear,USCA,Windsor,Canada,Canada,Ontario,8/30/2016 10:11,9/2/2016 10:11,Standard Class,499.9500122,5,42.5
TRANSFER,4,4,68.44999695,419.9599915,Shipping on time,0,Cardio Equipment,Caguas,Puerto Rico,Footwear,USCA,Newport News,Estados Unidos,South of  USA ,Virginia,6/13/2016 20:27,6/17/2016 20:27,Standard Class,499.9500122,5,68.44999695
TRANSFER,5,4,-671.9299927,419.9599915,Late delivery,1,Cardio Equipment,Caguas,Puerto Rico,Footwear,USCA,San Francisco,Estados Unidos,West of USA ,California,8/16/2016 3:32,8/21/2016 3:32,Standard Class,499.9500122,5,-671.9299927
TRANSFER,4,4,104.9800034,299.9500122,Shipping on time,0,Cleats,Caguas,Puerto Rico,Apparel,USCA,Minneapolis,Estados Unidos,US Center ,Minnesota,5/31/2016 15:23,6/4/2016 15:23,Standard Class,299.9500122,5,104.9800034
TRANSFER,5,4,77.75,287.9500122,Late delivery,1,Cleats,Caguas,Puerto Rico,Apparel,USCA,San Francisco,Estados Unidos,West of USA ,California,6/19/2016 1:10,6/24/2016 1:10,Standard Class,299.9500122,5,77.75
TRANSFER,2,4,35.43000031,283.4500122,Advance shipping,0,Cleats,Caguas,Puerto Rico,Apparel,USCA,Oceanside,Estados Unidos,East of USA,Nueva York,6/18/2016 18:52,6/20/2016 18:52,Standard Class,299.9500122,5,35.43000031
TRANSFER,2,4,126.6999969,263.9599915,Advance shipping,0,Cleats,San Juan,Puerto Rico,Apparel,USCA,Surrey,Canada,Canada,Columbia británica,11/28/2016 16:43,11/30/2016 16:43,Standard Class,299.9500122,5,126.6999969
TRANSFER,2,4,31.87000084,254.9600067,Advance shipping,0,Cleats,San Juan,Puerto Rico,Apparel,USCA,San Antonio,Estados Unidos,US Center ,Texas,5/29/2016 18:54,5/31/2016 18:54,Standard Class,299.9500122,5,31.87000084
TRANSFER,5,4,119.8300018,254.9600067,Late delivery,1,Cleats,Caguas,Puerto Rico,Apparel,USCA,Omaha,Estados Unidos,US Center ,Nebraska,5/12/2016 14:32,5/17/2016 14:32,Standard Class,299.9500122,5,119.8300018
TRANSFER,2,4,40.09000015,245.9600067,Advance shipping,0,Cleats,Caguas,Puerto Rico,Apparel,USCA,North York,Canada,Canada,Ontario,1/8/2017 4:55,1/10/2017 4:55,Standard Class,299.9500122,5,40.09000015
TRANSFER,5,4,95.01999664,197.9499969,Late delivery,1,Shop By Sport,Caguas,Puerto Rico,Golf,USCA,North York,Canada,Canada,Ontario,11/13/2016 8:09,11/18/2016 8:09,Standard Class,199.9499969,5,95.01999664
TRANSFER,5,4,89.08000183,197.9499969,Late delivery,1,Shop By Sport,Caguas,Puerto Rico,Golf,USCA,Baltimore,Estados Unidos,East of USA,Maryland,6/22/2016 13:15,6/27/2016 13:15,Standard Class,199.9499969,5,89.08000183
TRANSFER,2,4,47.11000061,197.9499969,Advance shipping,0,Shop By Sport,Caguas,Puerto Rico,Golf,USCA,Dallas,Estados Unidos,US Center ,Texas,7/26/2016 19:31,7/28/2016 19:31,Standard Class,199.9499969,5,47.11000061
TRANSFER,3,4,30.62999916,245.0,Advance shipping,0,Women's Apparel,Caguas,Puerto Rico,Golf,USCA,Calgary,Canada,Canada,Alberta,11/16/2016 23:02,11/19/2016 23:02,Standard Class,250.0,5,30.62999916
TRANSFER,3,4,28.79000092,191.9499969,Advance shipping,0,Shop By Sport,Caguas,Puerto Rico,Golf,USCA,New York City,Estados Unidos,East of USA,Nueva York,4/16/2016 3:43,4/19/2016 3:43,Standard Class,199.9499969,5,28.79000092
TRANSFER,2,4,59.15000153,227.5,Advance shipping,0,Women's Apparel,San Juan,Puerto Rico,Golf,USCA,Surrey,Canada,Canada,Columbia británica,11/28/2016 16:43,11/30/2016 16:43,Standard Class,250.0,5,59.15000153
TRANSFER,2,4,20.55999947,181.9499969,Advance shipping,0,Shop By Sport,Caguas,Puerto Rico,Golf,USCA,Oceanside,Estados Unidos,East of USA,Nueva York,6/18/2016 18:52,6/20/2016 18:52,Standard Class,199.9499969,5,20.55999947
TRANSFER,4,4,65.98000336,227.5,Shipping on time,0,Women's Apparel,Caguas,Puerto Rico,Golf,USCA,New York City,Estados Unidos,East of USA,Nueva York,7/30/2016 13:33,8/3/2016 13:33,Standard Class,250.0,5,65.98000336
TRANSFER,3,4,68.23000336,181.9499969,Advance shipping,0,Shop By Sport,Caguas,Puerto Rico,Golf,USCA,San Francisco,Estados Unidos,West of USA ,California,6/26/2016 18:09,6/29/2016 18:09,Standard Class,199.9499969,5,68.23000336
TRANSFER,3,4,73.94000244,227.5,Advance shipping,0,Women's Apparel,Caguas,Puerto Rico,Golf,USCA,Seattle,Estados Unidos,West of USA ,Washington,8/16/2016 8:06,8/19/2016 8:06,Standard Class,250.0,5,73.94000244
TRANSFER,3,4,96.0,200.0,Advance shipping,0,Women's Apparel,Caguas,Puerto Rico,Golf,USCA,Jackson,Estados Unidos,US Center ,Michigan,4/18/2016 20:32,4/21/2016 20:32,Standard Class,250.0,5,96.0
TRANSFER,6,4,70.48000336,149.9600067,Late delivery,1,Shop By Sport,Caguas,Puerto Rico,Golf,USCA,Columbus,Estados Unidos,East of USA,Ohio,4/3/2016 11:58,4/9/2016 11:58,Standard Class,199.9499969,5,70.48000336
TRANSFER,3,4,8.550000191,85.44999695,Advance shipping,0,Golf Balls,Caguas,Puerto Rico,Outdoors,USCA,Arlington,Estados Unidos,US Center ,Texas,4/11/2016 11:36,4/14/2016 11:36,Standard Class,89.94999695,5,8.550000191
TRANSFER,3,4,-20.09000015,145.5500031,Advance shipping,0,Electronics,Caguas,Puerto Rico,Outdoors,USCA,Chicago,Estados Unidos,US Center ,Illinois,6/21/2016 17:17,6/24/2016 17:17,Standard Class,159.9499969,5,-20.09000015
TRANSFER,6,4,6.800000191,67.95999908,Late delivery,1,Trade-In,Caguas,Puerto Rico,Outdoors,USCA,Waterbury,Estados Unidos,East of USA,Connecticut,7/3/2016 22:52,7/9/2016 22:52,Standard Class,79.94999695,5,6.800000191
TRANSFER,2,4,20.79999924,93.70999908,Advance shipping,0,Accessories,Caguas,Puerto Rico,Outdoors,USCA,Seattle,Estados Unidos,West of USA ,Washington,4/19/2016 22:27,4/21/2016 22:27,Standard Class,124.9499969,5,20.79999924
TRANSFER,2,4,22.07999992,116.1999969,Shipping canceled,0,Lacrosse,Caguas,Puerto Rico,Fitness,USCA,Houston,Estados Unidos,US Center ,Texas,4/2/2016 10:02,4/4/2016 10:02,Standard Class,124.9499969,5,22.07999992
TRANSFER,2,4,41.58000183,472.4500122,Shipping canceled,0,Cardio Equipment,Caguas,Puerto Rico,Footwear,USCA,New York City,Estados Unidos,East of USA,Nueva York,4/24/2016 11:03,4/26/2016 11:03,Standard Class,499.9500122,5,41.58000183
TRANSFER,4,4,48.02000046,424.9599915,Shipping canceled,0,Cardio Equipment,Caguas,Puerto Rico,Footwear,USCA,Los Angeles,Estados Unidos,West of USA ,California,5/27/2016 2:47,5/31/2016 2:47,Standard Class,499.9500122,5,48.02000046
TRANSFER,2,4,121.8600006,374.9599915,Shipping canceled,0,Cardio Equipment,Caguas,Puerto Rico,Footwear,USCA,San Francisco,Estados Unidos,West of USA ,California,7/23/2016 19:41,7/25/2016 19:41,Standard Class,499.9500122,5,121.8600006
TRANSFER,4,4,54.70000076,290.9500122,Shipping canceled,0,Cleats,Caguas,Puerto Rico,Apparel,USCA,Philadelphia,Estados Unidos,East of USA,Pensilvania,7/1/2016 7:07,7/5/2016 7:07,Standard Class,299.9500122,5,54.70000076
TRANSFER,5,4,76.98999786,245.9600067,Shipping canceled,0,Cleats,Caguas,Puerto Rico,Apparel,USCA,Henderson,Estados Unidos,South of  USA ,Kentucky,5/5/2016 17:52,5/10/2016 17:52,Standard Class,299.9500122,5,76.98999786
TRANSFER,3,4,88.55000305,245.9600067,Shipping canceled,0,Cleats,Caguas,Puerto Rico,Apparel,USCA,Parker,Estados Unidos,West of USA ,Colorado,4/9/2016 3:33,4/12/2016 3:33,Standard Class,299.9500122,5,88.55000305
TRANSFER,3,4,59.99000168,239.9600067,Shipping canceled,0,Cleats,Caguas,Puerto Rico,Apparel,USCA,Parker,Estados Unidos,West of USA ,Colorado,4/9/2016 3:33,4/12/2016 3:33,Standard Class,299.9500122,5,59.99000168
TRANSFER,5,4,71.20999908,227.5,Shipping canceled,0,Women's Apparel,Caguas,Puerto Rico,Golf,USCA,Fairfield,Estados Unidos,West of USA ,California,4/20/2016 18:46,4/25/2016 18:46,Standard Class,250.0,5,71.20999908
TRANSFER,4,4,67.43000031,217.5,Shipping canceled,0,Women's Apparel,Caguas,Puerto Rico,Golf,USCA,Seattle,Estados Unidos,West of USA ,Washington,5/12/2016 19:26,5/16/2016 19:26,Standard Class,250.0,5,67.43000031
TRANSFER,4,4,67.44000244,207.5,Shipping canceled,0,Women's Apparel,Caguas,Puerto Rico,Golf,USCA,San Diego,Estados Unidos,West of USA ,California,6/24/2016 19:12,6/28/2016 19:12,Standard Class,250.0,5,67.44000244
TRANSFER,5,4,50.38000107,134.3600006,Shipping canceled,0,Electronics,Caguas,Puerto Rico,Outdoors,USCA,Los Angeles,Estados Unidos,West of USA ,California,6/14/2016 12:34,6/19/2016 12:34,Standard Class,159.9499969,5,50.38000107
TRANSFER,2,4,-41.65999985,191.9600067,Shipping canceled,0,Electronics,Caguas,Puerto Rico,Outdoors,USCA,Houston,Estados Unidos,US Center ,Texas,4/2/2016 10:02,4/4/2016 10:02,Standard Class,239.9499969,5,-41.65999985
CASH,2,1,43.68000031,124.7900009,Late delivery,1,Men's Footwear,Caguas,Puerto Rico,Apparel,Africa,Cape Town,SudAfrica,Southern Africa,Cabo Occidental,11/9/2016 16:55,11/11/2016 16:55,First Class,129.9900055,1,43.68000031
CASH,2,1,12.27999973,122.8399963,Late delivery,1,Men's Footwear,Caguas,Puerto Rico,Apparel,Africa,Fayún,Egipto,North Africa,Fayún,1/3/2017 7:33,1/5/2017 7:33,First Class,129.9900055,1,12.27999973
CASH,2,1,120.2699966,384.230011,Late delivery,1,Cameras ,Caguas,Puerto Rico,Technology,Europe,Bournemouth,Reino Unido,Northern Europe,Inglaterra,10/17/2017 5:13,10/19/2017 5:13,First Class,452.0400085,1,120.2699966
CASH,2,1,9.489999771,83.98999786,Late delivery,1,Cardio Equipment,Caguas,Puerto Rico,Footwear,Europe,Dnipropetrovsk,Ucrania,Eastern Europe,Dnipropetrovsk,12/6/2016 11:27,12/8/2016 11:27,First Class,99.98999786,1,9.489999771
CASH,2,1,61.09999847,129.9900055,Late delivery,1,Men's Footwear,Caguas,Puerto Rico,Apparel,Europe,Turin,Italia,Southern Europe,Piamonte,9/23/2015 1:54,9/25/2015 1:54,First Class,129.9900055,1,61.09999847
CASH,2,1,29.60000038,128.6900024,Late delivery,1,Men's Footwear,Caguas,Puerto Rico,Apparel,Europe,Turin,Italia,Southern Europe,Piamonte,9/23/2015 1:54,9/25/2015 1:54,First Class,129.9900055,1,29.60000038
CASH,2,1,62.40000153,124.7900009,Late delivery,1,Men's Footwear,Caguas,Puerto Rico,Apparel,Europe,Courbevoie,Francia,Western Europe,Isla de Francia,9/22/2015 23:48,9/24/2015 23:48,First Class,129.9900055,1,62.40000153
CASH,2,1,43.68000031,124.7900009,Late delivery,1,Men's Footwear,Caguas,Puerto Rico,Apparel,Europe,Argentan,Francia,Western Europe,Normandía,6/1/2015 17:07,6/3/2015 17:07,First Class,129.9900055,1,43.68000031
CASH,2,1,17.29000092,123.4899979,Late delivery,1,Men's Footwear,Caguas,Puerto Rico,Apparel,Europe,Cognac,Francia,Western Europe,Aquitania-Lemosín-Poitou-Charentes,10/20/2015 8:42,10/22/2015 8:42,First Class,129.9900055,1,17.29000092
CASH,2,1,42.99000168,122.8399963,Late delivery,1,Men's Footwear,Caguas,Puerto Rico,Apparel,Europe,Turin,Italia,Southern Europe,Piamonte,8/27/2017 14:35,8/29/2017 14:35,First Class,129.9900055,1,42.99000168
CASH,2,1,-12.27999973,122.8399963,Late delivery,1,Men's Footwear,Caguas,Puerto Rico,Apparel,Europe,Stuttgart,Alemania,Western Europe,Baden-Wurtemberg,8/12/2015 21:14,8/14/2015 21:14,First Class,129.9900055,1,-12.27999973
CASH,2,1,83.98999786,419.9500122,Late delivery,1,Crafts,Caguas,Puerto Rico,Apparel,Europe,La Baule-Escoublac,Francia,Western Europe,Países del Loira,11/5/2017 5:22,11/7/2017 5:22,First Class,461.480011,1,83.98999786
CASH,2,1,34.29999924,118.2900009,Late delivery,1,Men's Footwear,Caguas,Puerto Rico,Apparel,Europe,Saint-Michel-sur-Orge,Francia,Western Europe,Isla de Francia,9/10/2015 5:15,9/12/2015 5:15,First Class,129.9900055,1,34.29999924
CASH,2,1,36.27000046,116.9899979,Late delivery,1,Men's Footwear,Caguas,Puerto Rico,Apparel,Europe,Saint-Malo,Francia,Western Europe,Bretaña,8/6/2017 2:52,8/8/2017 2:52,First Class,129.9900055,1,36.27000046
CASH,2,1,8.579999924,114.3899994,Late delivery,1,Men's Footwear,Caguas,Puerto Rico,Apparel,Europe,Ghent,Bélgica,Western Europe,Flanders Oriental,8/29/2015 12:16,8/31/2015 12:16,First Class,129.9900055,1,8.579999924
CASH,2,1,23.75,113.0899963,Late delivery,1,Men's Footwear,Caguas,Puerto Rico,Apparel,Europe,Ghent,Bélgica,Western Europe,Flanders Oriental,8/29/2015 12:16,8/31/2015 12:16,First Class,129.9900055,1,23.75
CASH,2,1,51.93000031,110.4899979,Late delivery,1,Men's Footwear,Caguas,Puerto Rico,Apparel,Europe,Rome,Italia,Southern Europe,Lacio,7/24/2015 9:31,7/26/2015 9:31,First Class,129.9900055,1,51.93000031
CASH,2,1,9.06000042,110.4899979,Late delivery,1,Men's Footwear,Caguas,Puerto Rico,Apparel,Europe,Ghent,Bélgica,Western Europe,Flanders Oriental,8/29/2015 12:16,8/31/2015 12:16,First Class,129.9900055,1,9.06000042
CASH,2,1,22.68000031,50.38999939,Late delivery,1,Cleats,Caguas,Puerto Rico,Apparel,Europe,Montpellier,Francia,Western Europe,Languedoc-Rosellón-Mediodía-Pirineos,10/1/2015 21:09,10/3/2015 21:09,First Class,59.99000168,1,22.68000031
CASH,2,1,51.3199997,109.1900024,Late delivery,1,Men's Footwear,Caguas,Puerto Rico,Apparel,Europe,Maisons-Alfort,Francia,Western Europe,Isla de Francia,8/2/2015 10:02,8/4/2015 10:02,First Class,129.9900055,1,51.3199997
CASH,2,1,13.68999958,49.79000092,Late delivery,1,Cleats,Caguas,Puerto Rico,Apparel,Europe,Stuttgart,Alemania,Western Europe,Baden-Wurtemberg,8/12/2015 21:14,8/14/2015 21:14,First Class,59.99000168,1,13.68999958
CASH,2,1,-29.23999977,107.8899994,Late delivery,1,Men's Footwear,Caguas,Puerto Rico,Apparel,Europe,Hamburgo,Alemania,Western Europe,Hamburgo,8/13/2015 8:05,8/15/2015 8:05,First Class,129.9900055,1,-29.23999977
CASH,2,1,96.55999756,285.6799927,Late delivery,1,Children's Clothing,Caguas,Puerto Rico,Apparel,Europe,Cholet,Francia,Western Europe,Países del Loira,10/19/2017 3:28,10/21/2017 3:28,First Class,357.1000061,1,96.55999756
CASH,2,1,16.32999992,44.99000168,Late delivery,1,Cleats,Caguas,Puerto Rico,Apparel,Europe,Estocolmo,Suecia,Northern Europe,Estocolmo,8/14/2015 22:58,8/16/2015 22:58,First Class,59.99000168,1,16.32999992
CASH,2,1,6.75,44.99000168,Late delivery,1,Cleats,Caguas,Puerto Rico,Apparel,Europe,Trier,Alemania,Western Europe,Renania-Palatinado,8/3/2017 9:42,8/5/2017 9:42,First Class,59.99000168,1,6.75
CASH,2,1,4.840000153,44.0,Late delivery,1,Women's Apparel,Caguas,Puerto Rico,Golf,Europe,Trier,Alemania,Western Europe,Renania-Palatinado,8/3/2017 9:42,8/5/2017 9:42,First Class,50.0,1,4.840000153
CASH,2,1,3.650000095,41.5,Late delivery,1,Women's Apparel,Caguas,Puerto Rico,Golf,Europe,Rome,Italia,Southern Europe,Lacio,7/24/2015 9:31,7/26/2015 9:31,First Class,50.0,1,3.650000095
DEBIT,2,4,69.70999908,248.9600067,Advance shipping,0,Cleats,Bronx,EE. UU.,Apparel,Europe,Mulhouse,Francia,Western Europe,Alsacia-Champaña-Ardenas-Lorena,7/10/2017 16:45,7/12/2017 16:45,Standard Class,299.9500122,5,69.70999908
DEBIT,6,4,30.73999977,245.9600067,Late delivery,1,Cleats,Plymouth,EE. UU.,Apparel,Europe,Amsterdam,Países Bajos,Western Europe,Holanda Septentrional,8/31/2017 3:22,9/6/2017 3:22,Standard Class,299.9500122,5,30.73999977
DEBIT,5,4,113.1399994,245.9600067,Late delivery,1,Cleats,Detroit,EE. UU.,Apparel,Europe,Vannes,Francia,Western Europe,Bretaña,9/18/2015 7:41,9/23/2015 7:41,Standard Class,299.9500122,5,113.1399994
DEBIT,3,4,24.60000038,245.9600067,Advance shipping,0,Cleats,Princeton,EE. UU.,Apparel,Europe,Bochum,Alemania,Western Europe,Renania del Norte-Westfalia,9/29/2017 1:45,10/2/2017 1:45,Standard Class,299.9500122,5,24.60000038
DEBIT,3,4,6.0,239.9600067,Advance shipping,0,Cleats,Chandler,EE. UU.,Apparel,Europe,Solihull,Reino Unido,Northern Europe,Inglaterra,9/24/2015 8:23,9/27/2015 8:23,Standard Class,299.9500122,5,6.0
DEBIT,3,4,-53.99000168,239.9600067,Advance shipping,0,Cleats,Los Angeles,EE. UU.,Apparel,Europe,Palermo,Italia,Southern Europe,Sicilia,10/20/2015 15:00,10/23/2015 15:00,Standard Class,299.9500122,5,-53.99000168
DEBIT,6,4,83.98999786,239.9600067,Late delivery,1,Cleats,El Cajon,EE. UU.,Apparel,Europe,Perpignan,Francia,Western Europe,Languedoc-Rosellón-Mediodía-Pirineos,6/21/2017 11:42,6/27/2017 11:42,Standard Class,299.9500122,5,83.98999786
DEBIT,5,4,-419.9299927,239.9600067,Late delivery,1,Cleats,Saint Paul,EE. UU.,Apparel,Europe,Trier,Alemania,Western Europe,Renania-Palatinado,8/4/2015 15:38,8/9/2015 15:38,Standard Class,299.9500122,5,-419.9299927
DEBIT,2,4,24.0,239.9600067,Advance shipping,0,Cleats,Hilliard,EE. UU.,Apparel,Europe,Amsterdam,Países Bajos,Western Europe,Holanda Septentrional,8/13/2015 10:32,8/15/2015 10:32,Standard Class,299.9500122,5,24.0
DEBIT,4,4,65.23999786,224.9600067,Shipping on time,0,Cleats,Orange Park,EE. UU.,Apparel,Europe,Ufa,Rusia,Eastern Europe,Bashkortostán,9/28/2016 2:57,10/2/2016 2:57,Standard Class,299.9500122,5,65.23999786
DEBIT,3,4,73.11000061,224.9600067,Advance shipping,0,Cleats,New York,EE. UU.,Apparel,Europe,Milan,Italia,Southern Europe,Lombardía,9/10/2017 16:19,9/13/2017 16:19,Standard Class,299.9500122,5,73.11000061
DEBIT,2,4,36.66999817,224.9600067,Advance shipping,0,Cleats,Dallas,EE. UU.,Apparel,Europe,Madrid,España,Southern Europe,Madrid,9/11/2015 18:44,9/13/2015 18:44,Standard Class,299.9500122,5,36.66999817
DEBIT,6,4,112.4800034,224.9600067,Late delivery,1,Cleats,Hyattsville,EE. UU.,Apparel,Europe,Mougins,Francia,Western Europe,Provenza-Alpes-Costa Azul,6/28/2015 14:06,7/4/2015 14:06,Standard Class,299.9500122,5,112.4800034
DEBIT,5,4,-47.0,250.0,Late delivery,1,Women's Apparel,Tustin,EE. UU.,Golf,Europe,Lowestoft,Reino Unido,Northern Europe,Inglaterra,9/6/2017 16:40,9/11/2017 16:40,Standard Class,250.0,5,-47.0
DEBIT,3,4,75.0,250.0,Advance shipping,0,Women's Apparel,Chicago,EE. UU.,Golf,Europe,Kumanovo,Macedonia,Southern Europe,Kumanovo,9/6/2016 17:21,9/9/2016 17:21,Standard Class,250.0,5,75.0
DEBIT,4,4,59.99000168,199.9499969,Shipping on time,0,Shop By Sport,Tonawanda,EE. UU.,Golf,Europe,Nantes,Francia,Western Europe,Países del Loira,6/30/2017 19:13,7/4/2017 19:13,Standard Class,199.9499969,5,59.99000168
DEBIT,3,4,65.98000336,199.9499969,Advance shipping,0,Shop By Sport,Amarillo,EE. UU.,Golf,Europe,Athis-Mons,Francia,Western Europe,Isla de Francia,9/15/2017 6:40,9/18/2017 6:40,Standard Class,199.9499969,5,65.98000336
DEBIT,4,4,6.25,250.0,Shipping on time,0,Women's Apparel,Bismarck,EE. UU.,Golf,Europe,Almelo,Países Bajos,Western Europe,Overijssel,7/4/2017 10:48,7/8/2017 10:48,Standard Class,250.0,5,6.25
DEBIT,6,4,103.9499969,247.5,Late delivery,1,Women's Apparel,Decatur,EE. UU.,Golf,Europe,Odense,Dinamarca,Northern Europe,Dinamarca Meridional,6/10/2015 22:11,6/16/2015 22:11,Standard Class,250.0,5,103.9499969
DEBIT,3,4,83.66000366,247.5,Advance shipping,0,Women's Apparel,Chicago,EE. UU.,Golf,Europe,Kumanovo,Macedonia,Southern Europe,Kumanovo,9/6/2016 17:21,9/9/2016 17:21,Standard Class,250.0,5,83.66000366
DEBIT,3,4,67.30000305,197.9499969,Advance shipping,0,Shop By Sport,San Pablo,EE. UU.,Golf,Europe,Hasselt,Bélgica,Western Europe,Limburgo,7/19/2017 0:48,7/22/2017 0:48,Standard Class,199.9499969,5,67.30000305
DEBIT,4,4,95.01999664,197.9499969,Shipping on time,0,Shop By Sport,Hialeah,EE. UU.,Golf,Europe,Clamart,Francia,Western Europe,Isla de Francia,7/26/2015 22:50,7/30/2015 22:50,Standard Class,199.9499969,5,95.01999664
DEBIT,4,4,118.8000031,247.5,Shipping on time,0,Women's Apparel,Anaheim,EE. UU.,Golf,Europe,Frankfurt,Alemania,Western Europe,Hesse,9/11/2017 17:11,9/15/2017 17:11,Standard Class,250.0,5,118.8000031
DEBIT,2,4,64.34999847,247.5,Advance shipping,0,Women's Apparel,Orlando,EE. UU.,Golf,Europe,Bergheim,Alemania,Western Europe,Renania del Norte-Westfalia,8/14/2017 5:19,8/16/2017 5:19,Standard Class,250.0,5,64.34999847
DEBIT,2,4,0.0,195.9499969,Advance shipping,0,Shop By Sport,Brooklyn,EE. UU.,Golf,Europe,Astracán,Rusia,Eastern Europe,Astracán,9/26/2016 2:58,9/28/2016 2:58,Standard Class,199.9499969,5,0.0
DEBIT,4,4,117.5999985,245.0,Shipping on time,0,Women's Apparel,San Antonio,EE. UU.,Golf,Europe,Lublin,Polonia,Eastern Europe,Lublin,11/10/2016 2:43,11/14/2016 2:43,Standard Class,250.0,5,117.5999985
DEBIT,4,4,117.5999985,245.0,Shipping on time,0,Women's Apparel,Philadelphia,EE. UU.,Golf,Europe,Redditch,Reino Unido,Northern Europe,Inglaterra,8/25/2015 22:47,8/29/2015 22:47,Standard Class,250.0,5,117.5999985
DEBIT,3,4,66.15000153,245.0,Advance shipping,0,Women's Apparel,Long Beach,EE. UU.,Golf,Europe,Barcelona,España,Southern Europe,Cataluña,9/20/2015 1:02,9/23/2015 1:02,Standard Class,250.0,5,66.15000153
DEBIT,3,4,63.68000031,195.9499969,Advance shipping,0,Shop By Sport,Sacramento,EE. UU.,Golf,Europe,Rotterdam,Países Bajos,Western Europe,Holanda Meridional,7/11/2015 23:22,7/14/2015 23:22,Standard Class,199.9499969,5,63.68000031
DEBIT,4,4,63.70000076,245.0,Shipping on time,0,Women's Apparel,Simi Valley,EE. UU.,Golf,Europe,Herford,Alemania,Western Europe,Renania del Norte-Westfalia,6/5/2015 13:37,6/9/2015 13:37,Standard Class,250.0,5,63.70000076
DEBIT,6,4,109.1299973,242.5,Late delivery,1,Women's Apparel,Douglasville,EE. UU.,Golf,Europe,Kaliningrado,Rusia,Eastern Europe,Kaliningrado,12/29/2016 1:05,1/4/2017 1:05,Standard Class,250.0,5,109.1299973
DEBIT,3,4,67.87999725,193.9499969,Advance shipping,0,Shop By Sport,Catonsville,EE. UU.,Golf,Europe,Tamworth,Reino Unido,Northern Europe,Inglaterra,8/7/2017 3:45,8/10/2017 3:45,Standard Class,199.9499969,5,67.87999725
DEBIT,6,4,111.5500031,242.5,Late delivery,1,Women's Apparel,Oak Lawn,EE. UU.,Golf,Europe,Mulhouse,Francia,Western Europe,Alsacia-Champaña-Ardenas-Lorena,9/3/2015 22:57,9/9/2015 22:57,Standard Class,250.0,5,111.5500031
DEBIT,3,4,-3.400000095,242.5,Advance shipping,0,Women's Apparel,Henderson,EE. UU.,Golf,Europe,Augsburg,Alemania,Western Europe,Bavaria,8/9/2017 4:48,8/12/2017 4:48,Standard Class,250.0,5,-3.400000095
DEBIT,2,4,108.0,240.0,Advance shipping,0,Women's Apparel,Lompoc,EE. UU.,Golf,Europe,Copenhagen,Dinamarca,Northern Europe,Región Capital,8/16/2015 8:36,8/18/2015 8:36,Standard Class,250.0,5,108.0
DEBIT,3,4,67.18000031,191.9499969,Advance shipping,0,Shop By Sport,North Las Vegas,EE. UU.,Golf,Europe,Bergamo,Italia,Southern Europe,Lombardía,7/23/2017 18:39,7/26/2017 18:39,Standard Class,199.9499969,5,67.18000031
DEBIT,3,4,45.11999893,240.0,Advance shipping,0,Women's Apparel,Cumberland,EE. UU.,Golf,Europe,Foggia,Italia,Southern Europe,Apulia,9/10/2015 1:02,9/13/2015 1:02,Standard Class,250.0,5,45.11999893
DEBIT,6,4,61.41999817,191.9499969,Late delivery,1,Shop By Sport,Jonesboro,EE. UU.,Golf,Europe,Heilbronn,Alemania,Western Europe,Baden-Wurtemberg,8/24/2015 19:27,8/30/2015 19:27,Standard Class,199.9499969,5,61.41999817
DEBIT,3,4,84.0,240.0,Advance shipping,0,Women's Apparel,Chandler,EE. UU.,Golf,Europe,Mainz,Alemania,Western Europe,Renania-Palatinado,7/4/2017 3:26,7/7/2017 3:26,Standard Class,250.0,5,84.0
DEBIT,4,4,62.40000153,240.0,Shipping on time,0,Women's Apparel,Lakewood,EE. UU.,Golf,Europe,Halle,Alemania,Western Europe,Renania del Norte-Westfalia,6/22/2017 18:31,6/26/2017 18:31,Standard Class,250.0,5,62.40000153
DEBIT,5,4,-29.69000053,237.5,Late delivery,1,Women's Apparel,Opa Locka,EE. UU.,Golf,Europe,Kryvyy Rih,Ucrania,Eastern Europe,Dnipropetrovsk,12/26/2016 2:39,12/31/2016 2:39,Standard Class,250.0,5,-29.69000053
DEBIT,6,4,66.48000336,189.9499969,Late delivery,1,Shop By Sport,Tallahassee,EE. UU.,Golf,Europe,London,Reino Unido,Northern Europe,Inglaterra,9/11/2017 2:07,9/17/2017 2:07,Standard Class,199.9499969,5,66.48000336
DEBIT,2,4,68.40000153,237.5,Advance shipping,0,Women's Apparel,Elgin,EE. UU.,Golf,Europe,Kilwinning,Reino Unido,Northern Europe,Escocia,9/23/2015 9:15,9/25/2015 9:15,Standard Class,250.0,5,68.40000153
DEBIT,5,4,116.3799973,237.5,Late delivery,1,Women's Apparel,College Station,EE. UU.,Golf,Europe,Vila Nova de Gaia,Portugal,Southern Europe,Porto,9/23/2017 18:34,9/28/2017 18:34,Standard Class,250.0,5,116.3799973
DEBIT,3,4,26.20999908,189.9499969,Advance shipping,0,Shop By Sport,Alhambra,EE. UU.,Golf,Europe,Vannes,Francia,Western Europe,Bretaña,8/10/2015 21:35,8/13/2015 21:35,Standard Class,199.9499969,5,26.20999908
DEBIT,6,4,49.88000107,237.5,Late delivery,1,Women's Apparel,Hamtramck,EE. UU.,Golf,Europe,Amsterdam,Países Bajos,Western Europe,Holanda Septentrional,8/27/2017 6:31,9/2/2017 6:31,Standard Class,250.0,5,49.88000107
DEBIT,4,4,78.37999725,237.5,Shipping on time,0,Women's Apparel,Troy,EE. UU.,Golf,Europe,Mulhouse,Francia,Western Europe,Alsacia-Champaña-Ardenas-Lorena,10/7/2015 19:03,10/11/2015 19:03,Standard Class,250.0,5,78.37999725
DEBIT,5,4,76.0,237.5,Late delivery,1,Women's Apparel,Round Rock,EE. UU.,Golf,Europe,Reims,Francia,Western Europe,Alsacia-Champaña-Ardenas-Lorena,10/21/2015 17:59,10/26/2015 17:59,Standard Class,250.0,5,76.0
DEBIT,6,4,73.69000244,188.9499969,Late delivery,1,Shop By Sport,Mesquite,EE. UU.,Golf,Europe,Cheliábinsk,Rusia,Eastern Europe,Cheliábinsk,12/19/2016 1:05,12/25/2016 1:05,Standard Class,199.9499969,5,73.69000244
DEBIT,6,4,-173.1699982,236.25,Late delivery,1,Women's Apparel,Cleveland,EE. UU.,Golf,Europe,London,Reino Unido,Northern Europe,Inglaterra,7/30/2017 11:07,8/5/2017 11:07,Standard Class,250.0,5,-173.1699982
DEBIT,3,4,118.1299973,236.25,Advance shipping,0,Women's Apparel,Broken Arrow,EE. UU.,Golf,Europe,Stockton-on-Tees,Reino Unido,Northern Europe,Inglaterra,7/1/2015 14:38,7/4/2015 14:38,Standard Class,250.0,5,118.1299973
DEBIT,4,4,62.34999847,188.9499969,Shipping on time,0,Shop By Sport,Milpitas,EE. UU.,Golf,Europe,Elx,España,Southern Europe,Valenciana,7/31/2017 0:26,8/4/2017 0:26,Standard Class,199.9499969,5,62.34999847
DEBIT,5,4,-481.8299866,188.9499969,Late delivery,1,Shop By Sport,Memphis,EE. UU.,Golf,Europe,Las Rozas de Madrid,España,Southern Europe,Madrid,7/6/2017 12:12,7/11/2017 12:12,Standard Class,199.9499969,5,-481.8299866
DEBIT,4,4,90.69999695,188.9499969,Shipping on time,0,Shop By Sport,Simi Valley,EE. UU.,Golf,Europe,Herford,Alemania,Western Europe,Renania del Norte-Westfalia,6/5/2015 13:37,6/9/2015 13:37,Standard Class,199.9499969,5,90.69999695
DEBIT,2,4,14.64999962,236.25,Advance shipping,0,Women's Apparel,Lombard,EE. UU.,Golf,Europe,Fontaine,Francia,Western Europe,Auvernia-Ródano-Alpes,6/26/2017 9:25,6/28/2017 9:25,Standard Class,250.0,5,14.64999962
DEBIT,3,4,115.7600021,236.25,Advance shipping,0,Women's Apparel,Brooklyn,EE. UU.,Golf,Europe,Hamburgo,Alemania,Western Europe,Hamburgo,9/19/2015 9:16,9/22/2015 9:16,Standard Class,250.0,5,115.7600021
DEBIT,4,4,59.06000137,236.25,Shipping on time,0,Women's Apparel,Webster,EE. UU.,Golf,Europe,Hanover,Alemania,Western Europe,Baja Sajonia,9/14/2015 8:45,9/18/2015 8:45,Standard Class,250.0,5,59.06000137
DEBIT,5,4,70.87999725,236.25,Late delivery,1,Women's Apparel,Hanover,EE. UU.,Golf,Europe,Viena,Austria,Western Europe,Viena,10/18/2015 7:39,10/23/2015 7:39,Standard Class,250.0,5,70.87999725
DEBIT,5,4,118.1299973,236.25,Late delivery,1,Women's Apparel,Round Rock,EE. UU.,Golf,Europe,Reims,Francia,Western Europe,Alsacia-Champaña-Ardenas-Lorena,10/21/2015 17:59,10/26/2015 17:59,Standard Class,250.0,5,118.1299973
DEBIT,5,4,87.40000153,185.9499969,Late delivery,1,Shop By Sport,Pawtucket,EE. UU.,Golf,Europe,Estocolmo,Suecia,Northern Europe,Estocolmo,8/17/2015 15:26,8/22/2015 15:26,Standard Class,199.9499969,5,87.40000153
DEBIT,4,4,46.5,232.5,Shipping on time,0,Women's Apparel,Memphis,EE. UU.,Golf,Europe,Messina,Italia,Southern Europe,Sicilia,8/23/2015 18:14,8/27/2015 18:14,Standard Class,250.0,5,46.5
DEBIT,5,4,-136.3000031,185.9499969,Late delivery,1,Shop By Sport,Redmond,EE. UU.,Golf,Europe,Issy-les-Moulineaux,Francia,Western Europe,Isla de Francia,6/4/2015 22:12,6/9/2015 22:12,Standard Class,199.9499969,5,-136.3000031
DEBIT,4,4,34.88000107,232.5,Shipping on time,0,Women's Apparel,Cypress,EE. UU.,Golf,Europe,Apeldoorn,Países Bajos,Western Europe,Güeldres,8/22/2017 13:42,8/26/2017 13:42,Standard Class,250.0,5,34.88000107
DEBIT,3,4,20.45999908,232.5,Advance shipping,0,Women's Apparel,New York,EE. UU.,Golf,Europe,Six-Fours-les-Plages,Francia,Western Europe,Provenza-Alpes-Costa Azul,10/21/2015 13:46,10/24/2015 13:46,Standard Class,250.0,5,20.45999908
DEBIT,4,4,109.2799988,232.5,Shipping on time,0,Women's Apparel,Webster,EE. UU.,Golf,Europe,Hanover,Alemania,Western Europe,Baja Sajonia,9/14/2015 8:45,9/18/2015 8:45,Standard Class,250.0,5,109.2799988
DEBIT,6,4,69.75,232.5,Late delivery,1,Women's Apparel,Findlay,EE. UU.,Golf,Europe,Le Chesnay,Francia,Western Europe,Isla de Francia,8/6/2015 15:17,8/12/2015 15:17,Standard Class,250.0,5,69.75
DEBIT,3,4,109.1999969,227.5,Advance shipping,0,Women's Apparel,Los Angeles,EE. UU.,Golf,Europe,Vínnytsia,Ucrania,Eastern Europe,Vínnytsia,10/2/2016 23:58,10/5/2016 23:58,Standard Class,250.0,5,109.1999969
DEBIT,4,4,25.03000069,227.5,Shipping on time,0,Women's Apparel,Brooklyn,EE. UU.,Golf,Europe,Cheliábinsk,Rusia,Eastern Europe,Cheliábinsk,9/16/2016 12:26,9/20/2016 12:26,Standard Class,250.0,5,25.03000069
DEBIT,5,4,90.98000336,181.9499969,Late delivery,1,Girls' Apparel,Pawtucket,EE. UU.,Golf,Europe,Estocolmo,Suecia,Northern Europe,Estocolmo,8/17/2015 15:26,8/22/2015 15:26,Standard Class,199.9499969,5,90.98000336
DEBIT,3,4,67.5,225.0,Advance shipping,0,Women's Apparel,Bend,EE. UU.,Golf,Europe,Slupsk,Polonia,Eastern Europe,Pomerania,9/30/2016 22:55,10/3/2016 22:55,Standard Class,250.0,5,67.5
DEBIT,2,4,84.58000183,179.9600067,Advance shipping,0,Shop By Sport,La Habra,EE. UU.,Golf,Europe,Dublín,Irlanda,Northern Europe,Dublín,8/29/2015 8:25,8/31/2015 8:25,Standard Class,199.9499969,5,84.58000183
DEBIT,2,4,58.49000168,179.9600067,Advance shipping,0,Shop By Sport,Albany,EE. UU.,Golf,Europe,Frederiksberg,Dinamarca,Northern Europe,Región Capital,6/29/2015 9:44,7/1/2015 9:44,Standard Class,199.9499969,5,58.49000168
DEBIT,6,4,-15.97999954,225.0,Late delivery,1,Women's Apparel,San Diego,EE. UU.,Golf,Europe,Zagreb,Croacia,Southern Europe,Grad Zagreb,12/7/2016 22:50,12/13/2016 22:50,Standard Class,250.0,5,-15.97999954
DEBIT,5,4,-360.0,225.0,Late delivery,1,Women's Apparel,West Covina,EE. UU.,Golf,Europe,Trier,Alemania,Western Europe,Renania-Palatinado,7/16/2015 17:56,7/21/2015 17:56,Standard Class,250.0,5,-360.0
DEBIT,6,4,110.25,225.0,Late delivery,1,Women's Apparel,Jersey City,EE. UU.,Golf,Europe,Le Creusot,Francia,Western Europe,Borgoña-Franco Condado,9/22/2015 18:53,9/28/2015 18:53,Standard Class,250.0,5,110.25
DEBIT,5,4,57.18999863,175.9600067,Late delivery,1,Shop By Sport,Laguna Hills,EE. UU.,Golf,Europe,Frederiksberg,Dinamarca,Northern Europe,Región Capital,9/8/2017 21:13,9/13/2017 21:13,Standard Class,199.9499969,5,57.18999863
DEBIT,3,4,8.800000191,220.0,Advance shipping,0,Women's Apparel,Catonsville,EE. UU.,Golf,Europe,Tamworth,Reino Unido,Northern Europe,Inglaterra,8/7/2017 3:45,8/10/2017 3:45,Standard Class,250.0,5,8.800000191
DEBIT,3,4,66.0,220.0,Advance shipping,0,Women's Apparel,Buffalo,EE. UU.,Golf,Europe,Huddersfield,Reino Unido,Northern Europe,Inglaterra,9/1/2015 12:05,9/4/2015 12:05,Standard Class,250.0,5,66.0
DEBIT,6,4,22.0,220.0,Late delivery,1,Women's Apparel,San Diego,EE. UU.,Golf,Europe,Zagreb,Croacia,Southern Europe,Grad Zagreb,12/7/2016 22:50,12/13/2016 22:50,Standard Class,250.0,5,22.0
DEBIT,3,4,15.47999954,175.9600067,Advance shipping,0,Shop By Sport,Los Angeles,EE. UU.,Golf,Europe,Hamm,Alemania,Western Europe,Renania del Norte-Westfalia,7/22/2017 11:07,7/25/2017 11:07,Standard Class,199.9499969,5,15.47999954
DEBIT,3,4,-140.7599945,175.9600067,Advance shipping,0,Shop By Sport,Portland,EE. UU.,Golf,Europe,Marly-le-Roi,Francia,Western Europe,Isla de Francia,10/6/2015 4:09,10/9/2015 4:09,Standard Class,199.9499969,5,-140.7599945
DEBIT,2,4,65.09999847,175.9600067,Advance shipping,0,Shop By Sport,Philadelphia,EE. UU.,Golf,Europe,Drancy,Francia,Western Europe,Isla de Francia,6/4/2015 12:23,6/6/2015 12:23,Standard Class,199.9499969,5,65.09999847
DEBIT,5,4,16.5,220.0,Late delivery,1,Women's Apparel,Panorama City,EE. UU.,Golf,Europe,Leeuwarden,Países Bajos,Western Europe,Frisia,7/6/2017 22:42,7/11/2017 22:42,Standard Class,250.0,5,16.5
DEBIT,4,4,-31.45999908,220.0,Shipping on time,0,Women's Apparel,Hanover,EE. UU.,Golf,Europe,Dortmund,Alemania,Western Europe,Renania del Norte-Westfalia,10/2/2015 23:26,10/6/2015 23:26,Standard Class,250.0,5,-31.45999908
DEBIT,4,4,38.06000137,217.5,Shipping on time,0,Women's Apparel,La Puente,EE. UU.,Golf,Europe,Budënnovsk,Rusia,Eastern Europe,Stávropol,10/15/2016 8:22,10/19/2016 8:22,Standard Class,250.0,5,38.06000137
DEBIT,6,4,27.19000053,217.5,Late delivery,1,Women's Apparel,San Diego,EE. UU.,Golf,Europe,Zagreb,Croacia,Southern Europe,Grad Zagreb,12/7/2016 22:50,12/13/2016 22:50,Standard Class,250.0,5,27.19000053
DEBIT,6,4,-337.1300049,217.5,Late delivery,1,Women's Apparel,Baltimore,EE. UU.,Golf,Europe,Rome,Italia,Southern Europe,Lacio,6/26/2017 0:18,7/2/2017 0:18,Standard Class,250.0,5,-337.1300049
DEBIT,6,4,17.39999962,173.9600067,Late delivery,1,Shop By Sport,Hyattsville,EE. UU.,Golf,Europe,Mougins,Francia,Western Europe,Provenza-Alpes-Costa Azul,6/28/2015 14:06,7/4/2015 14:06,Standard Class,199.9499969,5,17.39999962
DEBIT,3,4,24.57999992,217.5,Advance shipping,0,Women's Apparel,Alhambra,EE. UU.,Golf,Europe,Vannes,Francia,Western Europe,Bretaña,8/10/2015 21:35,8/13/2015 21:35,Standard Class,250.0,5,24.57999992
DEBIT,3,4,63.08000183,217.5,Advance shipping,0,Women's Apparel,Roseburg,EE. UU.,Golf,Europe,Nice,Francia,Western Europe,Provenza-Alpes-Costa Azul,7/10/2015 17:36,7/13/2015 17:36,Standard Class,250.0,5,63.08000183
DEBIT,6,4,61.63000107,212.5,Late delivery,1,Women's Apparel,Union City,EE. UU.,Golf,Europe,Dundee,Reino Unido,Northern Europe,Escocia,6/8/2015 14:08,6/14/2015 14:08,Standard Class,250.0,5,61.63000107
DEBIT,2,4,-288.9299927,169.9600067,Advance shipping,0,Shop By Sport,Baltimore,EE. UU.,Golf,Europe,Celle,Alemania,Western Europe,Baja Sajonia,9/17/2017 21:23,9/19/2017 21:23,Standard Class,199.9499969,5,-288.9299927
DEBIT,3,4,65.87999725,212.5,Advance shipping,0,Women's Apparel,New Bedford,EE. UU.,Golf,Europe,Berlín,Alemania,Western Europe,Berlín,10/16/2015 18:09,10/19/2015 18:09,Standard Class,250.0,5,65.87999725
DEBIT,3,4,44.16999817,167.9600067,Advance shipping,0,Shop By Sport,Loveland,EE. UU.,Golf,Europe,Rome,Italia,Southern Europe,Lacio,8/7/2015 14:45,8/10/2015 14:45,Standard Class,199.9499969,5,44.16999817
DEBIT,2,4,71.40000153,210.0,Advance shipping,0,Women's Apparel,Detroit,EE. UU.,Golf,Europe,Bari,Italia,Southern Europe,Apulia,9/22/2017 8:14,9/24/2017 8:14,Standard Class,250.0,5,71.40000153
DEBIT,5,4,29.39999962,294.0,Late delivery,1,Girls' Apparel,Encinitas,EE. UU.,Golf,Europe,Berlín,Alemania,Western Europe,Berlín,8/27/2015 22:26,9/1/2015 22:26,Standard Class,350.0,5,29.39999962
DEBIT,5,4,-268.730011,167.9600067,Late delivery,1,Shop By Sport,New York,EE. UU.,Golf,Europe,Pontault-Combault,Francia,Western Europe,Isla de Francia,10/11/2015 0:28,10/16/2015 0:28,Standard Class,199.9499969,5,-268.730011
DEBIT,5,4,-26.25,210.0,Late delivery,1,Women's Apparel,Mesa,EE. UU.,Golf,Europe,Bezons,Francia,Western Europe,Isla de Francia,6/7/2015 16:46,6/12/2015 16:46,Standard Class,250.0,5,-26.25
DEBIT,2,4,39.90000153,210.0,Advance shipping,0,Women's Apparel,Oceanside,EE. UU.,Golf,Europe,Essen,Alemania,Western Europe,Renania del Norte-Westfalia,8/15/2017 11:05,8/17/2017 11:05,Standard Class,250.0,5,39.90000153
DEBIT,6,4,56.70000076,210.0,Late delivery,1,Women's Apparel,Asheboro,EE. UU.,Golf,Europe,Douarnenez,Francia,Western Europe,Bretaña,9/11/2015 23:38,9/17/2015 23:38,Standard Class,250.0,5,56.70000076
DEBIT,6,4,97.52999878,207.5,Late delivery,1,Women's Apparel,Rancho Cordova,EE. UU.,Golf,Europe,Constanza,Rumania,Eastern Europe,Constanza,9/29/2016 11:11,10/5/2016 11:11,Standard Class,250.0,5,97.52999878
DEBIT,5,4,41.49000168,165.9600067,Late delivery,1,Shop By Sport,El Paso,EE. UU.,Golf,Europe,London,Reino Unido,Northern Europe,Inglaterra,10/19/2015 18:41,10/24/2015 18:41,Standard Class,199.9499969,5,41.49000168
DEBIT,4,4,14.60000038,165.9600067,Shipping on time,0,Shop By Sport,San Diego,EE. UU.,Golf,Europe,Barcelona,España,Southern Europe,Cataluña,8/28/2015 1:35,9/1/2015 1:35,Standard Class,199.9499969,5,14.60000038
DEBIT,5,4,-159.1499939,207.5,Late delivery,1,Women's Apparel,Pompano Beach,EE. UU.,Golf,Europe,Guidonia Montecelio,Italia,Southern Europe,Lacio,7/22/2017 18:50,7/27/2017 18:50,Standard Class,250.0,5,-159.1499939
DEBIT,5,4,53.93999863,165.9600067,Late delivery,1,Shop By Sport,Riverside,EE. UU.,Golf,Europe,Toulouse,Francia,Western Europe,Languedoc-Rosellón-Mediodía-Pirineos,8/10/2017 11:16,8/15/2017 11:16,Standard Class,199.9499969,5,53.93999863
DEBIT,4,4,81.3199997,165.9600067,Shipping on time,0,Shop By Sport,Columbus,EE. UU.,Golf,Europe,Mulhouse,Francia,Western Europe,Alsacia-Champaña-Ardenas-Lorena,8/14/2015 8:16,8/18/2015 8:16,Standard Class,199.9499969,5,81.3199997
DEBIT,4,4,36.93999863,207.5,Shipping on time,0,Women's Apparel,Oceanside,EE. UU.,Golf,Europe,Viroflay,Francia,Western Europe,Isla de Francia,6/1/2015 1:00,6/5/2015 1:00,Standard Class,250.0,5,36.93999863
DEBIT,4,4,67.44000244,207.5,Shipping on time,0,Women's Apparel,Chicago,EE. UU.,Golf,Europe,Freiburg,Alemania,Western Europe,Baden-Wurtemberg,7/15/2015 18:49,7/19/2015 18:49,Standard Class,250.0,5,67.44000244
DEBIT,4,4,-332.0,207.5,Shipping on time,0,Women's Apparel,Brooklyn,EE. UU.,Golf,Europe,The Hague,Países Bajos,Western Europe,Holanda Meridional,7/12/2015 20:45,7/16/2015 20:45,Standard Class,250.0,5,-332.0
DEBIT,2,4,42.63000107,163.9600067,Advance shipping,0,Shop By Sport,Chapel Hill,EE. UU.,Golf,Europe,Espoo,Finlandia,Northern Europe,Uusimaa,9/11/2015 9:58,9/13/2015 9:58,Standard Class,199.9499969,5,42.63000107
DEBIT,5,4,57.40000153,205.0,Late delivery,1,Women's Apparel,San Bernardino,EE. UU.,Golf,Europe,Portsmouth,Reino Unido,Northern Europe,Inglaterra,9/16/2015 17:09,9/21/2015 17:09,Standard Class,250.0,5,57.40000153
DEBIT,6,4,102.5,205.0,Late delivery,1,Women's Apparel,Apex,EE. UU.,Golf,Europe,Hamar,Noruega,Northern Europe,Hedmark,10/5/2015 18:42,10/11/2015 18:42,Standard Class,250.0,5,102.5
DEBIT,3,4,75.41999817,163.9600067,Advance shipping,0,Shop By Sport,San Francisco,EE. UU.,Golf,Europe,Verona,Italia,Southern Europe,Véneto,6/8/2015 23:36,6/11/2015 23:36,Standard Class,199.9499969,5,75.41999817
DEBIT,5,4,74.62000275,287.0,Late delivery,1,Girls' Apparel,Virginia Beach,EE. UU.,Golf,Europe,Lyon,Francia,Western Europe,Auvernia-Ródano-Alpes,6/16/2015 14:28,6/21/2015 14:28,Standard Class,350.0,5,74.62000275
DEBIT,6,4,80.33999634,163.9600067,Late delivery,1,Shop By Sport,Bakersfield,EE. UU.,Golf,Europe,Gera,Alemania,Western Europe,Turingia,8/9/2017 14:36,8/15/2017 14:36,Standard Class,199.9499969,5,80.33999634
DEBIT,4,4,61.47999954,163.9600067,Shipping on time,0,Shop By Sport,Highland,EE. UU.,Golf,Europe,Berlín,Alemania,Western Europe,Berlín,8/13/2015 20:00,8/17/2015 20:00,Standard Class,199.9499969,5,61.47999954
DEBIT,4,4,22.54999924,205.0,Shipping on time,0,Women's Apparel,South El Monte,EE. UU.,Golf,Europe,Toulouse,Francia,Western Europe,Languedoc-Rosellón-Mediodía-Pirineos,9/7/2017 11:35,9/11/2017 11:35,Standard Class,250.0,5,22.54999924
DEBIT,5,4,94.30000305,205.0,Late delivery,1,Women's Apparel,Winnetka,EE. UU.,Golf,Europe,Paris,Francia,Western Europe,Isla de Francia,8/21/2015 12:17,8/26/2015 12:17,Standard Class,250.0,5,94.30000305
DEBIT,2,4,-143.5,205.0,Advance shipping,0,Women's Apparel,Denver,EE. UU.,Golf,Europe,Verdun,Francia,Western Europe,Alsacia-Champaña-Ardenas-Lorena,8/21/2017 1:58,8/23/2017 1:58,Standard Class,250.0,5,-143.5
DEBIT,3,4,6.150000095,205.0,Advance shipping,0,Women's Apparel,Asheboro,EE. UU.,Golf,Europe,Saint-Quentin,Francia,Western Europe,Norte-Paso de Calais-Picardía,6/28/2017 5:33,7/1/2017 5:33,Standard Class,250.0,5,6.150000095
DEBIT,2,4,98.40000153,205.0,Advance shipping,0,Women's Apparel,Staten Island,EE. UU.,Golf,Europe,Hamburgo,Alemania,Western Europe,Hamburgo,10/24/2015 4:29,10/26/2015 4:29,Standard Class,250.0,5,98.40000153
DEBIT,5,4,-510.0,200.0,Late delivery,1,Women's Apparel,Las Vegas,EE. UU.,Golf,Europe,Ufa,Rusia,Eastern Europe,Bashkortostán,10/5/2016 12:14,10/10/2016 12:14,Standard Class,250.0,5,-510.0
DEBIT,5,4,52.0,200.0,Late delivery,1,Women's Apparel,San Bernardino,EE. UU.,Golf,Europe,Portsmouth,Reino Unido,Northern Europe,Inglaterra,9/16/2015 17:09,9/21/2015 17:09,Standard Class,250.0,5,52.0
DEBIT,6,4,96.0,200.0,Late delivery,1,Women's Apparel,Apex,EE. UU.,Golf,Europe,Hamar,Noruega,Northern Europe,Hedmark,10/5/2015 18:42,10/11/2015 18:42,Standard Class,250.0,5,96.0
DEBIT,2,4,-38.86999893,159.9600067,Advance shipping,0,Shop By Sport,Amarillo,EE. UU.,Golf,Europe,Brescia,Italia,Southern Europe,Lombardía,8/20/2015 10:42,8/22/2015 10:42,Standard Class,199.9499969,5,-38.86999893
DEBIT,6,4,-82.69999695,159.9600067,Late delivery,1,Shop By Sport,Oak Lawn,EE. UU.,Golf,Europe,Mulhouse,Francia,Western Europe,Alsacia-Champaña-Ardenas-Lorena,9/3/2015 22:57,9/9/2015 22:57,Standard Class,199.9499969,5,-82.69999695
DEBIT,4,4,71.98000336,159.9600067,Shipping on time,0,Shop By Sport,Irving,EE. UU.,Golf,Europe,Bagneux,Francia,Western Europe,Isla de Francia,7/28/2015 18:37,8/1/2015 18:37,Standard Class,199.9499969,5,71.98000336
DEBIT,2,4,50.0,200.0,Advance shipping,0,Women's Apparel,Phoenix,EE. UU.,Golf,Europe,San Galo,Suiza,Western Europe,San Galo,7/12/2015 7:47,7/14/2015 7:47,Standard Class,250.0,5,50.0
DEBIT,5,4,20.0,200.0,Late delivery,1,Women's Apparel,Los Angeles,EE. UU.,Golf,Europe,Vanves,Francia,Western Europe,Isla de Francia,7/29/2015 23:00,8/3/2015 23:00,Standard Class,250.0,5,20.0
DEBIT,2,4,15.0,200.0,Advance shipping,0,Women's Apparel,Brooklyn,EE. UU.,Golf,Europe,Rillieux-la-Pape,Francia,Western Europe,Auvernia-Ródano-Alpes,10/21/2015 1:10,10/23/2015 1:10,Standard Class,250.0,5,15.0
DEBIT,6,4,12.0,200.0,Late delivery,1,Women's Apparel,Brooklyn,EE. UU.,Golf,Europe,Bayreuth,Alemania,Western Europe,Bavaria,9/24/2015 12:56,9/30/2015 12:56,Standard Class,250.0,5,12.0
DEBIT,5,4,34.49000168,149.9600067,Late delivery,1,Shop By Sport,Tonawanda,EE. UU.,Golf,Europe,Lviv,Ucrania,Eastern Europe,Lviv,11/24/2016 12:10,11/29/2016 12:10,Standard Class,199.9499969,5,34.49000168
DEBIT,5,4,65.62999725,187.5,Late delivery,1,Women's Apparel,Tonawanda,EE. UU.,Golf,Europe,Sofia,Bulgaria,Eastern Europe,Sofía-Ciudad,10/20/2016 20:06,10/25/2016 20:06,Standard Class,250.0,5,65.62999725
DEBIT,3,4,63.75,187.5,Advance shipping,0,Women's Apparel,Blacksburg,EE. UU.,Golf,Europe,Varna,Bulgaria,Eastern Europe,Varna,1/9/2017 14:33,1/12/2017 14:33,Standard Class,250.0,5,63.75
DEBIT,6,4,91.87999725,187.5,Late delivery,1,Women's Apparel,Santa Ana,EE. UU.,Golf,Europe,Peterborough,Reino Unido,Northern Europe,Inglaterra,7/3/2015 0:58,7/9/2015 0:58,Standard Class,250.0,5,91.87999725
DEBIT,5,4,88.12999725,187.5,Late delivery,1,Women's Apparel,Dorchester Center,EE. UU.,Golf,Europe,Messina,Italia,Southern Europe,Sicilia,9/11/2015 12:47,9/16/2015 12:47,Standard Class,250.0,5,88.12999725
DEBIT,2,4,68.98000336,149.9600067,Advance shipping,0,Shop By Sport,Orange Park,EE. UU.,Golf,Europe,Hamburgo,Alemania,Western Europe,Hamburgo,6/17/2015 3:26,6/19/2015 3:26,Standard Class,199.9499969,5,68.98000336
DEBIT,2,4,63.38000107,187.5,Advance shipping,0,Women's Apparel,Bronx,EE. UU.,Golf,Europe,Villenave-d'Ornon,Francia,Western Europe,Aquitania-Lemosín-Poitou-Charentes,10/1/2017 4:12,10/3/2017 4:12,Standard Class,250.0,5,63.38000107
DEBIT,2,4,-50.81000137,187.5,Advance shipping,0,Women's Apparel,Brooklyn,EE. UU.,Golf,Europe,Rillieux-la-Pape,Francia,Western Europe,Auvernia-Ródano-Alpes,10/21/2015 1:10,10/23/2015 1:10,Standard Class,250.0,5,-50.81000137
DEBIT,3,4,82.5,187.5,Advance shipping,0,Women's Apparel,York,EE. UU.,Golf,Europe,Soissons,Francia,Western Europe,Norte-Paso de Calais-Picardía,9/20/2015 15:02,9/23/2015 15:02,Standard Class,250.0,5,82.5
DEBIT,3,4,92.47000122,254.75,Advance shipping,0,Electronics,Roseburg,EE. UU.,Outdoors,Europe,Nice,Francia,Western Europe,Provenza-Alpes-Costa Azul,7/10/2015 17:36,7/13/2015 17:36,Standard Class,259.9500122,5,92.47000122
DEBIT,3,4,32.72000122,121.1999969,Advance shipping,0,Accessories,Corona,EE. UU.,Outdoors,Europe,London,Reino Unido,Northern Europe,Inglaterra,7/22/2015 18:38,7/25/2015 18:38,Standard Class,124.9499969,5,32.72000122
DEBIT,3,4,10.67000008,121.1999969,Advance shipping,0,Accessories,Woonsocket,EE. UU.,Outdoors,Europe,Viena,Austria,Western Europe,Viena,8/23/2015 3:52,8/26/2015 3:52,Standard Class,124.9499969,5,10.67000008
DEBIT,5,4,58.15999985,118.6999969,Late delivery,1,Accessories,Aurora,EE. UU.,Outdoors,Europe,Ostrava,República Checa,Eastern Europe,Moravia-Silesia,11/18/2016 10:46,11/23/2016 10:46,Standard Class,124.9499969,5,58.15999985
DEBIT,4,4,-5.699999809,94.94999695,Shipping on time,0,Golf Balls,Fontana,EE. UU.,Outdoors,Europe,Milan,Italia,Southern Europe,Lombardía,10/4/2015 22:44,10/8/2015 22:44,Standard Class,99.94999695,5,-5.699999809
DEBIT,6,4,8.539999962,75.55000305,Late delivery,1,Trade-In,Brighton,EE. UU.,Outdoors,Europe,Lille,Francia,Western Europe,Norte-Paso de Calais-Picardía,8/31/2015 12:37,9/6/2015 12:37,Standard Class,79.94999695,5,8.539999962
DEBIT,6,4,12.81000042,145.5500031,Late delivery,1,Electronics,Saint Paul,EE. UU.,Outdoors,Europe,Liberec,República Checa,Eastern Europe,Liberec,9/6/2016 14:54,9/12/2016 14:54,Standard Class,159.9499969,5,12.81000042
DEBIT,3,4,39.79999924,113.6999969,Advance shipping,0,Accessories,Jersey City,EE. UU.,Outdoors,Europe,Marseille,Francia,Western Europe,Provenza-Alpes-Costa Azul,6/6/2015 3:17,6/9/2015 3:17,Standard Class,124.9499969,5,39.79999924
DEBIT,5,4,13.64000034,90.94999695,Late delivery,1,Golf Balls,San Antonio,EE. UU.,Outdoors,Europe,Zurich,Suiza,Western Europe,Zúrich,9/21/2015 18:01,9/26/2015 18:01,Standard Class,99.94999695,5,13.64000034
DEBIT,4,4,-22.48999977,112.4599991,Shipping on time,0,Accessories,Webster,EE. UU.,Outdoors,Europe,Hanover,Alemania,Western Europe,Baja Sajonia,9/14/2015 8:45,9/18/2015 8:45,Standard Class,124.9499969,5,-22.48999977
DEBIT,2,4,26.09000015,89.95999908,Advance shipping,0,Golf Balls,Potomac,EE. UU.,Outdoors,Europe,Argenteuil,Francia,Western Europe,Isla de Francia,9/20/2015 23:27,9/22/2015 23:27,Standard Class,99.94999695,5,26.09000015
DEBIT,2,4,19.47999954,69.55999756,Advance shipping,0,Trade-In,Richmond,EE. UU.,Outdoors,Europe,Pau,Francia,Western Europe,Aquitania-Lemosín-Poitou-Charentes,7/27/2015 20:54,7/29/2015 20:54,Standard Class,79.94999695,5,19.47999954
DEBIT,6,4,44.04000092,93.70999908,Late delivery,1,Accessories,Riverside,EE. UU.,Outdoors,Europe,Capua,Italia,Southern Europe,Campania,7/29/2015 11:05,8/4/2015 11:05,Standard Class,124.9499969,5,44.04000092
DEBIT,6,4,33.59000015,119.9599991,Late delivery,1,Electronics,Riverside,EE. UU.,Outdoors,Europe,Capua,Italia,Southern Europe,Campania,7/29/2015 11:05,8/4/2015 11:05,Standard Class,159.9499969,5,33.59000015
DEBIT,4,4,65.98000336,131.9600067,Shipping on time,0,Hunting & Shooting,Sugar Land,EE. UU.,Fan Shop,Europe,Ivanovo,Rusia,Eastern Europe,Ivanovo,9/29/2016 5:14,10/3/2016 5:14,Standard Class,149.9499969,5,65.98000336
DEBIT,3,4,107.6600037,430.6499939,Advance shipping,0,Hunting & Shooting,Salt Lake City,EE. UU.,Fan Shop,Europe,Wetzlar,Alemania,Western Europe,Hesse,7/3/2017 15:11,7/6/2017 15:11,Standard Class,495.0,5,107.6600037
DEBIT,5,4,40.79000092,127.4599991,Late delivery,1,Hunting & Shooting,Littleton,EE. UU.,Fan Shop,Europe,Melilla,España,Southern Europe,Melilla,9/21/2015 5:45,9/26/2015 5:45,Standard Class,149.9499969,5,40.79000092
DEBIT,3,4,45.18000031,124.4599991,Advance shipping,0,Hunting & Shooting,Fremont,EE. UU.,Fan Shop,Europe,Hamburgo,Alemania,Western Europe,Hamburgo,9/6/2015 4:12,9/9/2015 4:12,Standard Class,149.9499969,5,45.18000031
DEBIT,4,4,62.36000061,222.6999969,Shipping on time,0,Electronics,Greenville,EE. UU.,Footwear,Europe,Kaluga,Rusia,Eastern Europe,Kaluga,10/2/2016 3:18,10/6/2016 3:18,Standard Class,224.9499969,5,62.36000061
DEBIT,2,4,215.5800018,489.9500122,Advance shipping,0,Cardio Equipment,Los Angeles,EE. UU.,Footwear,Europe,Neuilly-sur-Seine,Francia,Western Europe,Isla de Francia,7/29/2017 21:27,7/31/2017 21:27,Standard Class,499.9500122,5,215.5800018
DEBIT,3,4,-54.22999954,479.9500122,Advance shipping,0,Cardio Equipment,Fort Lauderdale,EE. UU.,Footwear,Europe,Plymouth,Reino Unido,Northern Europe,Inglaterra,7/7/2015 14:16,7/10/2015 14:16,Standard Class,499.9500122,5,-54.22999954
DEBIT,3,4,41.58000183,472.4500122,Advance shipping,0,Cardio Equipment,Simi Valley,EE. UU.,Footwear,Europe,Frankfurt,Alemania,Western Europe,Hesse,8/29/2015 19:17,9/1/2015 19:17,Standard Class,499.9500122,5,41.58000183
DEBIT,4,4,148.7899933,464.9500122,Shipping on time,0,Cardio Equipment,Hayward,EE. UU.,Footwear,Europe,Le Mans,Francia,Western Europe,Países del Loira,9/27/2015 10:18,10/1/2015 10:18,Standard Class,499.9500122,5,148.7899933
DEBIT,3,4,40.04000092,454.9500122,Advance shipping,0,Cardio Equipment,Mission Viejo,EE. UU.,Footwear,Europe,Getafe,España,Southern Europe,Madrid,8/28/2015 22:15,8/31/2015 22:15,Standard Class,499.9500122,5,40.04000092
DEBIT,4,4,-78.73999786,449.9599915,Shipping on time,0,Cardio Equipment,Carmichael,EE. UU.,Footwear,Europe,Munster,Alemania,Western Europe,Baja Sajonia,8/7/2015 6:21,8/11/2015 6:21,Standard Class,499.9500122,5,-78.73999786
DEBIT,5,4,42.0,419.9599915,Late delivery,1,Cardio Equipment,Victorville,EE. UU.,Footwear,Europe,Derby,Reino Unido,Northern Europe,Inglaterra,8/13/2015 11:35,8/18/2015 11:35,Standard Class,499.9500122,5,42.0
DEBIT,2,4,71.38999939,419.9599915,Advance shipping,0,Cardio Equipment,Freeport,EE. UU.,Footwear,Europe,Arles,Francia,Western Europe,Provenza-Alpes-Costa Azul,7/24/2017 13:34,7/26/2017 13:34,Standard Class,499.9500122,5,71.38999939
DEBIT,3,4,116.1900024,414.9599915,Advance shipping,0,Cardio Equipment,Baltimore,EE. UU.,Footwear,Europe,Brindisi,Italia,Southern Europe,Apulia,9/3/2015 4:23,9/6/2015 4:23,Standard Class,499.9500122,5,116.1900024
DEBIT,3,4,5.179999828,139.9600067,Advance shipping,0,Fitness Accessories,Winter Park,EE. UU.,Footwear,Europe,Poltava,Ucrania,Eastern Europe,Poltava,10/6/2016 12:03,10/9/2016 12:03,Standard Class,174.9499969,5,5.179999828
DEBIT,6,4,85.25,293.9500122,Late delivery,1,Cleats,Chicago,EE. UU.,Apparel,Europe,Viena,Austria,Western Europe,Viena,9/27/2017 5:15,10/3/2017 5:15,Standard Class,299.9500122,5,85.25
DEBIT,2,4,-28.79999924,287.9500122,Advance shipping,0,Cleats,Stone Mountain,EE. UU.,Apparel,Europe,Basildon,Reino Unido,Northern Europe,Inglaterra,6/3/2015 4:51,6/5/2015 4:51,Standard Class,299.9500122,5,-28.79999924
DEBIT,3,4,71.23999786,284.9500122,Advance shipping,0,Cleats,Laguna Hills,EE. UU.,Apparel,Europe,London,Reino Unido,Northern Europe,Inglaterra,7/16/2017 22:00,7/19/2017 22:00,Standard Class,299.9500122,5,71.23999786
DEBIT,5,4,-109.1399994,284.9500122,Late delivery,1,Cleats,Goleta,EE. UU.,Apparel,Europe,Upsala,Suecia,Northern Europe,Upsala,6/5/2015 5:12,6/10/2015 5:12,Standard Class,299.9500122,5,-109.1399994
DEBIT,4,4,-223.1600037,278.9500122,Shipping on time,0,Cleats,Carmichael,EE. UU.,Apparel,Europe,Munster,Alemania,Western Europe,Baja Sajonia,8/7/2015 6:21,8/11/2015 6:21,Standard Class,299.9500122,5,-223.1600037
DEBIT,5,4,-193.4799957,263.9599915,Late delivery,1,Cleats,Bronx,EE. UU.,Apparel,Europe,Ploiesti,Rumania,Eastern Europe,Prahova,10/9/2016 3:49,10/14/2016 3:49,Standard Class,299.9500122,5,-193.4799957
DEBIT,3,4,125.2600021,260.9599915,Advance shipping,0,Cleats,Winter Park,EE. UU.,Apparel,Europe,Poltava,Ucrania,Eastern Europe,Poltava,10/6/2016 12:03,10/9/2016 12:03,Standard Class,299.9500122,5,125.2600021
DEBIT,2,4,127.8700027,260.9599915,Advance shipping,0,Cleats,Hagerstown,EE. UU.,Apparel,Europe,Munich,Alemania,Western Europe,Bavaria,8/2/2015 15:17,8/4/2015 15:17,Standard Class,299.9500122,5,127.8700027
DEBIT,5,4,28.80999947,254.9600067,Late delivery,1,Cleats,Martinsburg,EE. UU.,Apparel,Europe,Budapest,Hungría,Eastern Europe,Budapest,1/18/2017 16:28,1/23/2017 16:28,Standard Class,299.9500122,5,28.80999947
DEBIT,6,4,-56.68999863,251.9600067,Late delivery,1,Cleats,Alameda,EE. UU.,Apparel,Europe,Dublín,Irlanda,Northern Europe,Dublín,7/3/2017 19:44,7/9/2017 19:44,Standard Class,299.9500122,5,-56.68999863
DEBIT,4,4,-49.79000092,248.9600067,Shipping on time,0,Cleats,South El Monte,EE. UU.,Apparel,Europe,Winterthur,Suiza,Western Europe,Zúrich,6/25/2015 11:50,6/29/2015 11:50,Standard Class,299.9500122,5,-49.79000092
DEBIT,2,4,63.11000061,239.9600067,Advance shipping,0,Cleats,Fontana,EE. UU.,Apparel,Europe,Grosseto,Italia,Southern Europe,Toscana,7/22/2017 14:17,7/24/2017 14:17,Standard Class,299.9500122,5,63.11000061
DEBIT,3,4,13.81000042,110.4899979,Advance shipping,0,Men's Footwear,Strongsville,EE. UU.,Apparel,Pacific Asia,Aligudarz,Irán,South Asia,Lorestan,8/31/2016 5:27,9/3/2016 5:27,Standard Class,129.9900055,1,13.81000042
DEBIT,3,4,17.85000038,50.99000168,Advance shipping,0,Cleats,Miami,EE. UU.,Apparel,Pacific Asia,Surakarta,Indonesia,Southeast Asia,Java Central,11/18/2015 21:26,11/21/2015 21:26,Standard Class,59.99000168,1,17.85000038
DEBIT,3,4,9.720000267,110.4899979,Advance shipping,0,Men's Footwear,Milpitas,EE. UU.,Apparel,Pacific Asia,Singapur,Singapur,Southeast Asia,Singapur,12/23/2015 1:15,12/26/2015 1:15,Standard Class,129.9900055,1,9.720000267
DEBIT,2,4,37.34999847,110.4899979,Advance shipping,0,Men's Footwear,Aurora,EE. UU.,Apparel,Pacific Asia,Taiping,Malasia,Southeast Asia,Perak,12/31/2015 10:21,1/2/2016 10:21,Standard Class,129.9900055,1,37.34999847
DEBIT,5,4,57.41999817,183.4499969,Late delivery,1,Women's Clothing,Morristown,EE. UU.,Apparel,Pacific Asia,Surabaya,Indonesia,Southeast Asia,Java Oriental,1/31/2018 11:23,2/5/2018 11:23,Standard Class,215.8200073,1,57.41999817
DEBIT,4,4,50.83000183,110.4899979,Shipping on time,0,Men's Footwear,Columbus,EE. UU.,Apparel,Pacific Asia,Estambul,Turquía,West Asia,Estambul,12/29/2016 5:38,1/2/2017 5:38,Standard Class,129.9900055,1,50.83000183
DEBIT,5,4,38.66999817,110.4899979,Late delivery,1,Men's Footwear,Rock Hill,EE. UU.,Apparel,Pacific Asia,Medina,Arabia Saudí,West Asia,Medina,9/17/2016 9:48,9/22/2016 9:48,Standard Class,129.9900055,1,38.66999817
DEBIT,4,4,10.92000008,109.1900024,Shipping on time,0,Men's Footwear,Los Angeles,EE. UU.,Apparel,Pacific Asia,Daegu,Corea del Sur,Eastern Asia,Daegu,12/25/2015 7:54,12/29/2015 7:54,Standard Class,129.9900055,1,10.92000008
DEBIT,2,4,27.29999924,109.1900024,Advance shipping,0,Men's Footwear,Santa Ana,EE. UU.,Apparel,Pacific Asia,Sydney,Australia,Oceania,Nueva Gales del Sur,12/12/2015 23:09,12/14/2015 23:09,Standard Class,129.9900055,1,27.29999924
DEBIT,6,4,36.90999985,109.1900024,Late delivery,1,Men's Footwear,Pompano Beach,EE. UU.,Apparel,Pacific Asia,Darwin,Australia,Oceania,Territorio del Norte,2/18/2016 21:40,2/24/2016 21:40,Standard Class,129.9900055,1,36.90999985
DEBIT,5,4,16.37999916,50.38999939,Late delivery,1,Cleats,Saint Louis,EE. UU.,Apparel,Pacific Asia,Chennai,India,South Asia,Tamil Nadu,11/25/2015 10:03,11/30/2015 10:03,Standard Class,59.99000168,1,16.37999916
DEBIT,3,4,64.29000092,177.1100006,Advance shipping,0,Men's Clothing,San Antonio,EE. UU.,Apparel,Pacific Asia,Mumbai,India,South Asia,Maharashtra,11/22/2017 21:17,11/25/2017 21:17,Standard Class,210.8500061,1,64.29000092
DEBIT,6,4,51.3199997,109.1900024,Late delivery,1,Men's Footwear,Honolulu,EE. UU.,Apparel,Pacific Asia,Kerman,Irán,South Asia,Kerman,11/4/2016 23:03,11/10/2016 23:03,Standard Class,129.9900055,1,51.3199997
DEBIT,3,4,33.90000153,299.9599915,Advance shipping,0,Children's Clothing,Los Angeles,EE. UU.,Apparel,Pacific Asia,Manila,Filipinas,Southeast Asia,Capital Nacional,12/23/2017 0:45,12/26/2017 0:45,Standard Class,357.1000061,1,33.90000153
DEBIT,5,4,116.9899979,299.9599915,Late delivery,1,Children's Clothing,Memphis,EE. UU.,Apparel,Pacific Asia,Kendari,Indonesia,Southeast Asia,Célebes Suroriental,12/22/2017 18:27,12/27/2017 18:27,Standard Class,357.1000061,1,116.9899979
DEBIT,2,4,6.300000191,50.38999939,Advance shipping,0,Cleats,Pico Rivera,EE. UU.,Apparel,Pacific Asia,Kuala Lumpur,Malasia,Southeast Asia,Kuala Lumpur,1/29/2016 18:32,1/31/2016 18:32,Standard Class,59.99000168,1,6.300000191
DEBIT,3,4,39.63999939,109.1900024,Advance shipping,0,Men's Footwear,Chula Vista,EE. UU.,Apparel,Pacific Asia,Ho Chi Minh City,Vietnam,Southeast Asia,Ciudad Ho Chi Minh,12/28/2015 19:38,12/31/2015 19:38,Standard Class,129.9900055,1,39.63999939
DEBIT,6,4,31.67000008,109.1900024,Late delivery,1,Men's Footwear,Corona,EE. UU.,Apparel,Pacific Asia,Semarang,Indonesia,Southeast Asia,Java Central,11/21/2015 1:17,11/27/2015 1:17,Standard Class,129.9900055,1,31.67000008
DEBIT,3,4,8.18999958,109.1900024,Advance shipping,0,Men's Footwear,Longmont,EE. UU.,Apparel,Pacific Asia,Yakarta,Indonesia,Southeast Asia,Yakarta,1/14/2016 4:01,1/17/2016 4:01,Standard Class,129.9900055,1,8.18999958
DEBIT,4,4,-6.769999981,109.1900024,Shipping on time,0,Men's Footwear,Saint Louis,EE. UU.,Apparel,Pacific Asia,Bangkok,Tailandia,Southeast Asia,Bangkok,2/11/2016 5:02,2/15/2016 5:02,Standard Class,129.9900055,1,-6.769999981
DEBIT,2,4,30.5699997,109.1900024,Advance shipping,0,Men's Footwear,Chicago,EE. UU.,Apparel,Pacific Asia,Ad Diwaniyah,Irak,West Asia,Cadisia,11/15/2016 16:54,11/17/2016 16:54,Standard Class,129.9900055,1,30.5699997
DEBIT,5,4,22.89999962,49.79000092,Late delivery,1,Cleats,Quincy,EE. UU.,Apparel,Pacific Asia,Kita-ku,Japón,Eastern Asia,Hyogo,1/20/2016 20:07,1/25/2016 20:07,Standard Class,59.99000168,1,22.89999962
DEBIT,5,4,33.77000046,107.8899994,Late delivery,1,Men's Footwear,Los Angeles,EE. UU.,Apparel,Pacific Asia,Himeji,Japón,Eastern Asia,Hyogo,2/16/2016 23:46,2/21/2016 23:46,Standard Class,129.9900055,1,33.77000046
DEBIT,4,4,-27.20000076,383.0299988,Shipping on time,0,Crafts,San Diego,EE. UU.,Apparel,Pacific Asia,Gold Coast,Australia,Oceania,Queensland,12/30/2017 8:16,1/3/2018 8:16,Standard Class,461.480011,1,-27.20000076
DEBIT,6,4,39.15999985,107.8899994,Late delivery,1,Men's Footwear,Martinez,EE. UU.,Apparel,Pacific Asia,Sydney,Australia,Oceania,Nueva Gales del Sur,12/28/2015 6:40,1/3/2016 6:40,Standard Class,129.9900055,1,39.15999985
DEBIT,6,4,-89.87000275,107.8899994,Late delivery,1,Men's Footwear,Houston,EE. UU.,Apparel,Pacific Asia,Geelong,Australia,Oceania,Victoria,1/27/2016 4:53,2/2/2016 4:53,Standard Class,129.9900055,1,-89.87000275
DEBIT,2,4,50.15999985,179.1300049,Advance shipping,0,Women's Clothing,Jackson,EE. UU.,Apparel,Pacific Asia,Wagga Wagga,Australia,Oceania,Nueva Gales del Sur,12/13/2017 5:40,12/15/2017 5:40,Standard Class,215.8200073,1,50.15999985
DEBIT,6,4,99.58999634,383.0299988,Late delivery,1,Crafts,San Jose,EE. UU.,Apparel,Pacific Asia,Bahawalpur,Pakistán,South Asia,Punyab,12/27/2017 10:54,1/2/2018 10:54,Standard Class,461.480011,1,99.58999634
DEBIT,6,4,-89.87000275,107.8899994,Late delivery,1,Men's Footwear,El Paso,EE. UU.,Apparel,Pacific Asia,Abadan,Irán,South Asia,Juzestán,12/2/2016 4:26,12/8/2016 4:26,Standard Class,129.9900055,1,-89.87000275
DEBIT,5,4,103.7399979,296.3900146,Late delivery,1,Children's Clothing,San Jose,EE. UU.,Apparel,Pacific Asia,Rangún,Myanmar (Birmania),Southeast Asia,Rangún,12/21/2017 23:10,12/26/2017 23:10,Standard Class,357.1000061,1,103.7399979
DEBIT,4,4,36.47000122,107.8899994,Shipping on time,0,Men's Footwear,Fullerton,EE. UU.,Apparel,Pacific Asia,Manila,Filipinas,Southeast Asia,Capital Nacional,11/27/2015 10:44,12/1/2015 10:44,Standard Class,129.9900055,1,36.47000122
DEBIT,3,4,8.090000153,107.8899994,Advance shipping,0,Men's Footwear,Roseville,EE. UU.,Apparel,Pacific Asia,Yakarta,Indonesia,Southeast Asia,Yakarta,3/7/2016 21:17,3/10/2016 21:17,Standard Class,129.9900055,1,8.090000153
DEBIT,4,4,53.95000076,107.8899994,Shipping on time,0,Men's Footwear,Saint Louis,EE. UU.,Apparel,Pacific Asia,Bangkok,Tailandia,Southeast Asia,Bangkok,2/11/2016 5:02,2/15/2016 5:02,Standard Class,129.9900055,1,53.95000076
DEBIT,2,4,12.18999958,107.8899994,Advance shipping,0,Men's Footwear,Columbus,EE. UU.,Apparel,Pacific Asia,Taiping,Malasia,Southeast Asia,Perak,1/3/2016 3:09,1/5/2016 3:09,Standard Class,129.9900055,1,12.18999958
DEBIT,3,4,13.43999958,49.79000092,Advance shipping,0,Cleats,Baltimore,EE. UU.,Apparel,Pacific Asia,Arbil,Irak,West Asia,Arbil,11/9/2016 0:06,11/12/2016 0:06,Standard Class,59.99000168,1,13.43999958
DEBIT,3,4,49.63000107,107.8899994,Advance shipping,0,Men's Footwear,El Cajon,EE. UU.,Apparel,Pacific Asia,Corum,Turquía,West Asia,Corum,9/28/2016 2:36,10/1/2016 2:36,Standard Class,129.9900055,1,49.63000107
DEBIT,4,4,33.36000061,106.5899963,Shipping on time,0,Men's Footwear,Phoenix,EE. UU.,Apparel,Pacific Asia,Xi'an,China,Eastern Asia,Shaanxi,2/8/2016 19:13,2/12/2016 19:13,Standard Class,129.9900055,1,33.36000061
DEBIT,2,4,-71.09999847,106.5899963,Advance shipping,0,Men's Footwear,Augusta,EE. UU.,Apparel,Pacific Asia,Chengdu,China,Eastern Asia,Sichuan,12/5/2015 14:14,12/7/2015 14:14,Standard Class,129.9900055,1,-71.09999847
DEBIT,4,4,37.31000137,106.5899963,Shipping on time,0,Men's Footwear,Canton,EE. UU.,Apparel,Pacific Asia,Nishinomiya,Japón,Eastern Asia,Hyogo,12/31/2015 5:47,1/4/2016 5:47,Standard Class,129.9900055,1,37.31000137
DEBIT,4,4,13.77000046,49.18999863,Shipping on time,0,Cleats,Detroit,EE. UU.,Apparel,Pacific Asia,Bendigo,Australia,Oceania,Victoria,2/6/2016 2:25,2/10/2016 2:25,Standard Class,59.99000168,1,13.77000046
DEBIT,5,4,174.0700073,378.4100037,Late delivery,1,Crafts,Arlington,EE. UU.,Apparel,Pacific Asia,Wollongong,Australia,Oceania,Nueva Gales del Sur,12/27/2017 10:33,1/1/2018 10:33,Standard Class,461.480011,1,174.0700073
DEBIT,4,4,44.95000076,172.8999939,Shipping on time,0,Men's Clothing,Encinitas,EE. UU.,Apparel,Pacific Asia,Perth,Australia,Oceania,Australia Occidental,11/23/2017 2:54,11/27/2017 2:54,Standard Class,210.8500061,1,44.95000076
DEBIT,5,4,41.5699997,106.5899963,Late delivery,1,Men's Footwear,Lawrenceville,EE. UU.,Apparel,Pacific Asia,Mildura,Australia,Oceania,Victoria,12/12/2015 18:57,12/17/2015 18:57,Standard Class,129.9900055,1,41.5699997
DEBIT,3,4,22.37999916,106.5899963,Advance shipping,0,Men's Footwear,Lancaster,EE. UU.,Apparel,Pacific Asia,Mackay,Australia,Oceania,Queensland,3/3/2016 20:56,3/6/2016 20:56,Standard Class,129.9900055,1,22.37999916
DEBIT,4,4,30.90999985,106.5899963,Shipping on time,0,Men's Footwear,Fort Worth,EE. UU.,Apparel,Pacific Asia,Hobart,Australia,Oceania,Tasmania,1/11/2016 8:03,1/15/2016 8:03,Standard Class,129.9900055,1,30.90999985
DEBIT,5,4,15.98999977,49.18999863,Late delivery,1,Cleats,Portland,EE. UU.,Apparel,Pacific Asia,Delhi,India,South Asia,Delhi,12/26/2015 8:46,12/31/2015 8:46,Standard Class,59.99000168,1,15.98999977
DEBIT,4,4,-14.76000023,49.18999863,Shipping on time,0,Cleats,Salt Lake City,EE. UU.,Apparel,Pacific Asia,Qom,Irán,South Asia,Qom,9/28/2016 15:13,10/2/2016 15:13,Standard Class,59.99000168,1,-14.76000023
DEBIT,5,4,12.03999996,106.5899963,Late delivery,1,Men's Footwear,Hollister,EE. UU.,Apparel,Pacific Asia,Shiraz,Irán,South Asia,Fars,10/30/2016 2:34,11/4/2016 2:34,Standard Class,129.9900055,1,12.03999996
DEBIT,4,4,53.29999924,106.5899963,Shipping on time,0,Men's Footwear,Hialeah,EE. UU.,Apparel,Pacific Asia,Bokaro,India,South Asia,Jharkhand,2/12/2016 2:03,2/16/2016 2:03,Standard Class,129.9900055,1,53.29999924
DEBIT,4,4,36.02999878,106.5899963,Shipping on time,0,Men's Footwear,Van Nuys,EE. UU.,Apparel,Pacific Asia,Yakarta,Indonesia,Southeast Asia,Yakarta,11/8/2015 11:18,11/12/2015 11:18,Standard Class,129.9900055,1,36.02999878
DEBIT,4,4,-37.31000137,106.5899963,Shipping on time,0,Men's Footwear,Edison,EE. UU.,Apparel,Pacific Asia,Bangkok,Tailandia,Southeast Asia,Bangkok,2/11/2016 3:17,2/15/2016 3:17,Standard Class,129.9900055,1,-37.31000137
DEBIT,2,4,23.61000061,49.18999863,Advance shipping,0,Cleats,Beloit,EE. UU.,Apparel,Pacific Asia,Tel Aviv,Israel,West Asia,Tel Aviv,10/10/2016 22:34,10/12/2016 22:34,Standard Class,59.99000168,1,23.61000061
DEBIT,2,4,13.52000046,103.9899979,Advance shipping,0,Men's Footwear,Tempe,EE. UU.,Apparel,Pacific Asia,Zhuhai,China,Eastern Asia,Guangdong,1/6/2016 18:45,1/8/2016 18:45,Standard Class,129.9900055,1,13.52000046
DEBIT,2,4,48.88000107,103.9899979,Advance shipping,0,Men's Footwear,North Hollywood,EE. UU.,Apparel,Pacific Asia,Auckland,Nueva Zelanda,Oceania,Auckland,3/21/2016 21:16,3/23/2016 21:16,Standard Class,129.9900055,1,48.88000107
DEBIT,2,4,35.15000153,103.9899979,Advance shipping,0,Men's Footwear,Rowland Heights,EE. UU.,Apparel,Pacific Asia,Wellington,Nueva Zelanda,Oceania,Wellington,3/21/2016 9:00,3/23/2016 9:00,Standard Class,129.9900055,1,35.15000153
DEBIT,5,4,32.79999924,172.6600037,Late delivery,1,Women's Clothing,Santa Cruz,EE. UU.,Apparel,Pacific Asia,Wagga Wagga,Australia,Oceania,Nueva Gales del Sur,12/13/2017 4:58,12/18/2017 4:58,Standard Class,215.8200073,1,32.79999924
DEBIT,2,4,32.45999908,172.6600037,Advance shipping,0,Women's Clothing,Saint Paul,EE. UU.,Apparel,Pacific Asia,Melbourne,Australia,Oceania,Victoria,1/30/2018 15:04,2/1/2018 15:04,Standard Class,215.8200073,1,32.45999908
DEBIT,2,4,36.91999817,369.1799927,Advance shipping,0,Crafts,Austin,EE. UU.,Apparel,Pacific Asia,Daca,Bangladés,South Asia,Daca,12/30/2017 7:34,1/1/2018 7:34,Standard Class,461.480011,1,36.91999817
DEBIT,6,4,11.75,103.9899979,Late delivery,1,Men's Footwear,Salinas,EE. UU.,Apparel,Pacific Asia,Malegaon,India,South Asia,Maharashtra,1/11/2016 7:00,1/17/2016 7:00,Standard Class,129.9900055,1,11.75
DEBIT,5,4,16.79999924,47.99000168,Late delivery,1,Cleats,Lenoir,EE. UU.,Apparel,Pacific Asia,Nom Pen,Camboya,Southeast Asia,Nom Pen,2/20/2016 3:05,2/25/2016 3:05,Standard Class,59.99000168,1,16.79999924
DEBIT,5,4,31.20000076,103.9899979,Late delivery,1,Men's Footwear,Los Angeles,EE. UU.,Apparel,Pacific Asia,Yakarta,Indonesia,Southeast Asia,Yakarta,11/15/2015 18:49,11/20/2015 18:49,Standard Class,129.9900055,1,31.20000076
DEBIT,5,4,21.57999992,172.6600037,Late delivery,1,Women's Clothing,San Francisco,EE. UU.,Apparel,Pacific Asia,Balikpapan,Indonesia,Southeast Asia,Kalimantan Oriental,1/29/2018 13:50,2/3/2018 13:50,Standard Class,215.8200073,1,21.57999992
DEBIT,6,4,49.91999817,103.9899979,Late delivery,1,Men's Footwear,Chicago,EE. UU.,Apparel,Pacific Asia,Riyadh,Arabia Saudí,West Asia,Riad,1/3/2017 14:12,1/9/2017 14:12,Standard Class,129.9900055,1,49.91999817
DEBIT,3,4,35.15000153,103.9899979,Advance shipping,0,Men's Footwear,Burnsville,EE. UU.,Apparel,Pacific Asia,Estambul,Turquía,West Asia,Estambul,10/26/2016 17:17,10/29/2016 17:17,Standard Class,129.9900055,1,35.15000153
DEBIT,5,4,10.55000019,44.31000137,Late delivery,1,Baby ,Allentown,EE. UU.,Apparel,Pacific Asia,Liaocheng,China,Eastern Asia,Shandong,12/18/2017 4:05,12/23/2017 4:05,Standard Class,59.08000183,1,10.55000019
DEBIT,3,4,-9.579999924,44.99000168,Advance shipping,0,Cleats,Philadelphia,EE. UU.,Apparel,Pacific Asia,Shanghái,China,Eastern Asia,Shanghái,11/25/2015 4:05,11/28/2015 4:05,Standard Class,59.99000168,1,-9.579999924
DEBIT,2,4,36.56000137,97.48999786,Advance shipping,0,Men's Footwear,Tempe,EE. UU.,Apparel,Pacific Asia,Zhuhai,China,Eastern Asia,Guangdong,1/6/2016 18:45,1/8/2016 18:45,Standard Class,129.9900055,1,36.56000137
DEBIT,3,4,36.56000137,97.48999786,Advance shipping,0,Men's Footwear,Hyattsville,EE. UU.,Apparel,Pacific Asia,Zhengzhou,China,Eastern Asia,Henan,2/16/2016 2:03,2/19/2016 2:03,Standard Class,129.9900055,1,36.56000137
DEBIT,2,4,54.70999908,161.8699951,Advance shipping,0,Women's Clothing,Brooklyn,EE. UU.,Apparel,Pacific Asia,Taizhou,China,Eastern Asia,Jiangsu,1/31/2018 3:19,2/2/2018 3:19,Standard Class,215.8200073,1,54.70999908
DEBIT,6,4,-9.0,44.99000168,Late delivery,1,Cleats,Jackson,EE. UU.,Apparel,Pacific Asia,Christchurch,Nueva Zelanda,Oceania,Canterbury,3/26/2016 2:31,4/1/2016 2:31,Standard Class,59.99000168,1,-9.0
DEBIT,6,4,33.15000153,97.48999786,Late delivery,1,Men's Footwear,Quincy,EE. UU.,Apparel,Pacific Asia,Wollongong,Australia,Oceania,Nueva Gales del Sur,3/18/2016 10:35,3/24/2016 10:35,Standard Class,129.9900055,1,33.15000153
DEBIT,3,4,45.8199997,97.48999786,Advance shipping,0,Men's Footwear,Detroit,EE. UU.,Apparel,Pacific Asia,Hobart,Australia,Oceania,Tasmania,3/11/2016 12:52,3/14/2016 12:52,Standard Class,129.9900055,1,45.8199997
DEBIT,5,4,-151.1100006,97.48999786,Late delivery,1,Men's Footwear,Bronx,EE. UU.,Apparel,Pacific Asia,Nelson,Nueva Zelanda,Oceania,Nelson,3/28/2016 8:28,4/2/2016 8:28,Standard Class,129.9900055,1,-151.1100006
DEBIT,4,4,27.29999924,97.48999786,Shipping on time,0,Men's Footwear,Bronx,EE. UU.,Apparel,Pacific Asia,Canberra,Australia,Oceania,Territorio de la Capital Australiana,3/12/2016 19:00,3/16/2016 19:00,Standard Class,129.9900055,1,27.29999924
DEBIT,6,4,46.93999863,161.8699951,Late delivery,1,Women's Clothing,York,EE. UU.,Apparel,Pacific Asia,Melbourne,Australia,Oceania,Victoria,1/30/2018 14:43,2/5/2018 14:43,Standard Class,215.8200073,1,46.93999863
DEBIT,3,4,32.95000076,97.48999786,Advance shipping,0,Men's Footwear,New Brunswick,EE. UU.,Apparel,Pacific Asia,Chittagong,Bangladés,South Asia,Chittagong,1/27/2016 2:04,1/30/2016 2:04,Standard Class,129.9900055,1,32.95000076
DEBIT,3,4,-21.15999985,97.48999786,Advance shipping,0,Men's Footwear,Beaverton,EE. UU.,Apparel,Pacific Asia,Ahvaz,Irán,South Asia,Juzestán,12/27/2016 16:30,12/30/2016 16:30,Standard Class,129.9900055,1,-21.15999985
DEBIT,5,4,-5.800000191,44.99000168,Late delivery,1,Cleats,Columbia,EE. UU.,Apparel,Pacific Asia,Yakarta,Indonesia,Southeast Asia,Yakarta,11/21/2015 9:42,11/26/2015 9:42,Standard Class,59.99000168,1,-5.800000191
DEBIT,5,4,73.72000122,346.1099854,Late delivery,1,Crafts,Denver,EE. UU.,Apparel,Pacific Asia,Manila,Filipinas,Southeast Asia,Capital Nacional,12/28/2017 11:05,1/2/2018 11:05,Standard Class,461.480011,1,73.72000122
DEBIT,2,4,25.35000038,97.48999786,Advance shipping,0,Men's Footwear,Washington,EE. UU.,Apparel,Pacific Asia,Hanoi,Vietnam,Southeast Asia,Th? Dô Hà N?i,2/10/2016 10:49,2/12/2016 10:49,Standard Class,129.9900055,1,25.35000038
DEBIT,6,4,6.139999866,97.48999786,Late delivery,1,Men's Footwear,Chicago Heights,EE. UU.,Apparel,Pacific Asia,Yakarta,Indonesia,Southeast Asia,Yakarta,2/7/2016 8:53,2/13/2016 8:53,Standard Class,129.9900055,1,6.139999866
DEBIT,2,4,-7.329999924,44.99000168,Advance shipping,0,Cleats,Bakersfield,EE. UU.,Apparel,Pacific Asia,Bagdad,Irak,West Asia,Bagdad,8/31/2016 8:36,9/2/2016 8:36,Standard Class,59.99000168,1,-7.329999924
DEBIT,4,4,17.05999947,97.48999786,Shipping on time,0,Men's Footwear,Ontario,EE. UU.,Apparel,Pacific Asia,Bagdad,Irak,West Asia,Bagdad,9/17/2016 4:12,9/21/2016 4:12,Standard Class,129.9900055,1,17.05999947
DEBIT,3,4,46.79999924,97.48999786,Advance shipping,0,Men's Footwear,Oceanside,EE. UU.,Apparel,Pacific Asia,Estambul,Turquía,West Asia,Estambul,9/10/2016 0:11,9/13/2016 0:11,Standard Class,129.9900055,1,46.79999924
DEBIT,2,4,24.37000084,97.48999786,Advance shipping,0,Men's Footwear,Beloit,EE. UU.,Apparel,Pacific Asia,Tel Aviv,Israel,West Asia,Tel Aviv,10/10/2016 22:34,10/12/2016 22:34,Standard Class,129.9900055,1,24.37000084
DEBIT,2,4,14.0,39.99000168,Advance shipping,0,Shop By Sport,Stockton,EE. UU.,Golf,Pacific Asia,Shenyang,China,Eastern Asia,Liaoning,3/12/2016 20:03,3/14/2016 20:03,Standard Class,39.99000168,1,14.0
DEBIT,4,4,0.5,50.0,Shipping on time,0,Women's Apparel,Hyattsville,EE. UU.,Golf,Pacific Asia,Qingdao,China,Eastern Asia,Shandong,2/12/2016 16:04,2/16/2016 16:04,Standard Class,50.0,1,0.5
DEBIT,2,4,-38.75,50.0,Advance shipping,0,Women's Apparel,Corona,EE. UU.,Golf,Pacific Asia,Visakhapatnam,India,South Asia,Andhra Pradesh,2/20/2016 21:18,2/22/2016 21:18,Standard Class,50.0,1,-38.75
DEBIT,6,4,-85.0,50.0,Late delivery,1,Women's Apparel,Panorama City,EE. UU.,Golf,Pacific Asia,Thiruvananthapuram,India,South Asia,Kerala,1/12/2016 12:47,1/18/2016 12:47,Standard Class,50.0,1,-85.0
DEBIT,6,4,19.20000076,39.99000168,Late delivery,1,Shop By Sport,Long Beach,EE. UU.,Golf,Pacific Asia,Yakarta,Indonesia,Southeast Asia,Yakarta,1/20/2016 4:43,1/26/2016 4:43,Standard Class,39.99000168,1,19.20000076
DEBIT,4,4,3.75,50.0,Shipping on time,0,Women's Apparel,Colorado Springs,EE. UU.,Golf,Pacific Asia,Adana,Turquía,West Asia,Adana,1/16/2017 9:49,1/20/2017 9:49,Standard Class,50.0,1,3.75
DEBIT,3,4,15.43999958,39.59000015,Advance shipping,0,Shop By Sport,North Tonawanda,EE. UU.,Golf,Pacific Asia,Ahvaz,Irán,South Asia,Juzestán,1/5/2017 8:57,1/8/2017 8:57,Standard Class,39.99000168,1,15.43999958
DEBIT,3,4,15.48999977,49.5,Advance shipping,0,Women's Apparel,Hesperia,EE. UU.,Golf,Pacific Asia,Manila,Filipinas,Southeast Asia,Capital Nacional,1/30/2016 14:09,2/2/2016 14:09,Standard Class,50.0,1,15.48999977
DEBIT,5,4,-29.02000046,39.59000015,Late delivery,1,Shop By Sport,Riverside,EE. UU.,Golf,Pacific Asia,Riyadh,Arabia Saudí,West Asia,Riad,12/20/2016 15:17,12/25/2016 15:17,Standard Class,39.99000168,1,-29.02000046
DEBIT,3,4,-122.5,49.0,Advance shipping,0,Women's Apparel,Arlington,EE. UU.,Golf,Pacific Asia,Atsugacho,Japón,Eastern Asia,Hokkaido,2/12/2016 5:12,2/15/2016 5:12,Standard Class,50.0,1,-122.5
DEBIT,4,4,21.55999947,49.0,Shipping on time,0,Women's Apparel,Hyattsville,EE. UU.,Golf,Pacific Asia,Wollongong,Australia,Oceania,Nueva Gales del Sur,3/18/2016 15:08,3/22/2016 15:08,Standard Class,50.0,1,21.55999947
DEBIT,6,4,8.329999924,49.0,Late delivery,1,Women's Apparel,Philadelphia,EE. UU.,Golf,Pacific Asia,Caloundra,Australia,Oceania,Queensland,3/15/2016 3:45,3/21/2016 3:45,Standard Class,50.0,1,8.329999924
DEBIT,3,4,18.03000069,39.18999863,Advance shipping,0,Shop By Sport,Strongsville,EE. UU.,Golf,Pacific Asia,Aligudarz,Irán,South Asia,Lorestan,8/31/2016 5:27,9/3/2016 5:27,Standard Class,39.99000168,1,18.03000069
DEBIT,4,4,17.45999908,38.79000092,Shipping on time,0,Shop By Sport,Hyattsville,EE. UU.,Golf,Pacific Asia,Qingdao,China,Eastern Asia,Shandong,2/12/2016 16:04,2/16/2016 16:04,Standard Class,39.99000168,1,17.45999908
DEBIT,4,4,10.09000015,38.79000092,Shipping on time,0,Shop By Sport,Fond Du Lac,EE. UU.,Golf,Pacific Asia,Zhanjiang,China,Eastern Asia,Guangdong,1/4/2016 4:23,1/8/2016 4:23,Standard Class,39.99000168,1,10.09000015
DEBIT,2,4,-38.79999924,48.5,Advance shipping,0,Women's Apparel,North Las Vegas,EE. UU.,Golf,Pacific Asia,Melbourne,Australia,Oceania,Victoria,11/20/2015 23:53,11/22/2015 23:53,Standard Class,50.0,1,-38.79999924
DEBIT,6,4,4.03000021,48.5,Late delivery,1,Women's Apparel,Philadelphia,EE. UU.,Golf,Pacific Asia,Caloundra,Australia,Oceania,Queensland,3/15/2016 3:45,3/21/2016 3:45,Standard Class,50.0,1,4.03000021
DEBIT,4,4,-9.699999809,48.5,Shipping on time,0,Women's Apparel,Opelousas,EE. UU.,Golf,Pacific Asia,Yakarta,Indonesia,Southeast Asia,Yakarta,1/23/2016 10:50,1/27/2016 10:50,Standard Class,50.0,1,-9.699999809
DEBIT,4,4,22.30999947,48.5,Shipping on time,0,Women's Apparel,Cary,EE. UU.,Golf,Pacific Asia,Mersin,Turquía,West Asia,Mersin,9/28/2016 23:59,10/2/2016 23:59,Standard Class,50.0,1,22.30999947
DEBIT,5,4,18.80999947,38.38999939,Late delivery,1,Shop By Sport,Virginia Beach,EE. UU.,Golf,Pacific Asia,Jalalabad,Afganistán,South Asia,Nangarhar,1/4/2016 2:59,1/9/2016 2:59,Standard Class,39.99000168,1,18.80999947
DEBIT,3,4,17.42000008,48.0,Advance shipping,0,Women's Apparel,Mesquite,EE. UU.,Golf,Pacific Asia,Soma,Turquía,West Asia,Manisa,11/15/2016 8:30,11/18/2016 8:30,Standard Class,50.0,1,17.42000008
DEBIT,4,4,-27.85000038,37.99000168,Shipping on time,0,Shop By Sport,Simi Valley,EE. UU.,Golf,Pacific Asia,Perth,Australia,Oceania,Australia Occidental,1/18/2016 4:43,1/22/2016 4:43,Standard Class,39.99000168,1,-27.85000038
DEBIT,3,4,-8.930000305,47.5,Advance shipping,0,Women's Apparel,Cleveland,EE. UU.,Golf,Pacific Asia,Rotorua,Nueva Zelanda,Oceania,Bay of Plenty,3/26/2016 4:58,3/29/2016 4:58,Standard Class,50.0,1,-8.930000305
DEBIT,6,4,17.37999916,37.79000092,Late delivery,1,Shop By Sport,Raleigh,EE. UU.,Golf,Pacific Asia,Agra,India,South Asia,Uttar Pradesh,11/9/2015 2:00,11/15/2015 2:00,Standard Class,39.99000168,1,17.37999916
DEBIT,4,4,2.980000019,47.25,Shipping on time,0,Women's Apparel,Salt Lake City,EE. UU.,Golf,Pacific Asia,Qom,Irán,South Asia,Qom,9/28/2016 15:13,10/2/2016 15:13,Standard Class,50.0,1,2.980000019
DEBIT,5,4,22.3199997,46.5,Late delivery,1,Women's Apparel,Saint Louis,EE. UU.,Golf,Pacific Asia,Chennai,India,South Asia,Tamil Nadu,11/25/2015 10:03,11/30/2015 10:03,Standard Class,50.0,1,22.3199997
DEBIT,4,4,-6.420000076,46.5,Shipping on time,0,Women's Apparel,Sanford,EE. UU.,Golf,Pacific Asia,Kuantan,Malasia,Southeast Asia,Pahang,2/11/2016 12:02,2/15/2016 12:02,Standard Class,50.0,1,-6.420000076
DEBIT,4,4,17.44000053,46.5,Shipping on time,0,Women's Apparel,Cicero,EE. UU.,Golf,Pacific Asia,Bagdad,Irak,West Asia,Bagdad,8/27/2016 3:42,8/31/2016 3:42,Standard Class,50.0,1,17.44000053
DEBIT,6,4,6.369999886,45.5,Late delivery,1,Women's Apparel,Lockport,EE. UU.,Golf,Pacific Asia,Yangjiang,China,Eastern Asia,Guangdong,1/26/2016 0:51,2/1/2016 0:51,Standard Class,50.0,1,6.369999886
DEBIT,5,4,-9.100000381,36.38999939,Late delivery,1,Shop By Sport,New York,EE. UU.,Golf,Pacific Asia,Wollongong,Australia,Oceania,Nueva Gales del Sur,2/27/2016 17:16,3/3/2016 17:16,Standard Class,39.99000168,1,-9.100000381
DEBIT,4,4,16.84000015,45.5,Shipping on time,0,Women's Apparel,Laredo,EE. UU.,Golf,Pacific Asia,Christchurch,Nueva Zelanda,Oceania,Canterbury,3/30/2016 10:55,4/3/2016 10:55,Standard Class,50.0,1,16.84000015
DEBIT,4,4,20.47999954,45.5,Shipping on time,0,Women's Apparel,Fort Worth,EE. UU.,Golf,Pacific Asia,Hobart,Australia,Oceania,Tasmania,1/11/2016 8:03,1/15/2016 8:03,Standard Class,50.0,1,20.47999954
DEBIT,5,4,-9.859999657,36.38999939,Late delivery,1,Girls' Apparel,Westland,EE. UU.,Golf,Pacific Asia,Tiflis,Georgia,West Asia,Tiflis,10/6/2016 21:31,10/11/2016 21:31,Standard Class,39.99000168,1,-9.859999657
DEBIT,2,4,7.739999771,45.5,Advance shipping,0,Women's Apparel,Bronx,EE. UU.,Golf,Pacific Asia,Mosul,Irak,West Asia,Nínive,1/5/2017 19:07,1/7/2017 19:07,Standard Class,50.0,1,7.739999771
DEBIT,6,4,4.789999962,35.99000168,Late delivery,1,Shop By Sport,Chula Vista,EE. UU.,Golf,Pacific Asia,Xiaogan,China,Eastern Asia,Hubei,1/2/2016 4:02,1/8/2016 4:02,Standard Class,39.99000168,1,4.789999962
DEBIT,4,4,21.12000084,44.0,Shipping on time,0,Women's Apparel,Saint Louis,EE. UU.,Golf,Pacific Asia,Bangkok,Tailandia,Southeast Asia,Bangkok,2/11/2016 5:02,2/15/2016 5:02,Standard Class,50.0,1,21.12000084
DEBIT,5,4,20.87999916,43.5,Late delivery,1,Women's Apparel,Stockbridge,EE. UU.,Golf,Pacific Asia,Tokio,Japón,Eastern Asia,Tokio,11/23/2015 14:15,11/28/2015 14:15,Standard Class,50.0,1,20.87999916
DEBIT,6,4,-113.0999985,43.5,Late delivery,1,Women's Apparel,Pompano Beach,EE. UU.,Golf,Pacific Asia,Darwin,Australia,Oceania,Territorio del Norte,2/18/2016 21:40,2/24/2016 21:40,Standard Class,50.0,1,-113.0999985
DEBIT,6,4,14.78999996,43.5,Late delivery,1,Women's Apparel,Brooklyn,EE. UU.,Golf,Pacific Asia,Darwin,Australia,Oceania,Territorio del Norte,2/25/2016 21:50,3/2/2016 21:50,Standard Class,50.0,1,14.78999996
DEBIT,2,4,-34.99000168,42.0,Advance shipping,0,Women's Apparel,Escondido,EE. UU.,Golf,Pacific Asia,Zanyán,Irán,South Asia,Zanyán,10/14/2016 7:08,10/16/2016 7:08,Standard Class,50.0,1,-34.99000168
DEBIT,2,4,-0.430000007,33.18999863,Advance shipping,0,Shop By Sport,Garden Grove,EE. UU.,Golf,Pacific Asia,Tokio,Japón,Eastern Asia,Tokio,11/6/2015 6:02,11/8/2015 6:02,Standard Class,39.99000168,1,-0.430000007
DEBIT,2,4,10.78999996,33.18999863,Advance shipping,0,Shop By Sport,Carol Stream,EE. UU.,Golf,Pacific Asia,Jincheng,China,Eastern Asia,Shanxi,3/2/2016 16:34,3/4/2016 16:34,Standard Class,39.99000168,1,10.78999996
DEBIT,5,4,13.60999966,33.18999863,Late delivery,1,Shop By Sport,Brooklyn,EE. UU.,Golf,Pacific Asia,Tianjin,China,Eastern Asia,Tianjin,2/26/2016 16:45,3/2/2016 16:45,Standard Class,39.99000168,1,13.60999966
DEBIT,2,4,15.06000042,41.5,Advance shipping,0,Women's Apparel,Stockton,EE. UU.,Golf,Pacific Asia,Shenyang,China,Eastern Asia,Liaoning,3/12/2016 20:03,3/14/2016 20:03,Standard Class,50.0,1,15.06000042
DEBIT,4,4,-9.960000038,33.18999863,Shipping on time,0,Shop By Sport,Salina,EE. UU.,Golf,Pacific Asia,Waitakere,Nueva Zelanda,Oceania,Auckland,3/23/2016 12:30,3/27/2016 12:30,Standard Class,39.99000168,1,-9.960000038
DEBIT,2,4,3.109999895,41.5,Advance shipping,0,Women's Apparel,Washington,EE. UU.,Golf,Pacific Asia,Hanoi,Vietnam,Southeast Asia,Th? Dô Hà N?i,2/10/2016 10:49,2/12/2016 10:49,Standard Class,50.0,1,3.109999895
DEBIT,3,4,4.099999905,32.79000092,Advance shipping,0,Shop By Sport,Oxnard,EE. UU.,Golf,Pacific Asia,Newcastle,Australia,Oceania,Nueva Gales del Sur,12/31/2015 19:27,1/3/2016 19:27,Standard Class,39.99000168,1,4.099999905
DEBIT,5,4,20.09000015,41.0,Late delivery,1,Women's Apparel,Bronx,EE. UU.,Golf,Pacific Asia,Sydney,Australia,Oceania,Nueva Gales del Sur,2/4/2016 22:44,2/9/2016 22:44,Standard Class,50.0,1,20.09000015
DEBIT,2,4,19.27000046,41.0,Advance shipping,0,Women's Apparel,Paramount,EE. UU.,Golf,Pacific Asia,Depok,Indonesia,Southeast Asia,Java Occidental,1/28/2016 7:30,1/30/2016 7:30,Standard Class,50.0,1,19.27000046
DEBIT,3,4,-1.190000057,41.0,Advance shipping,0,Women's Apparel,Baltimore,EE. UU.,Golf,Pacific Asia,Arbil,Irak,West Asia,Arbil,11/9/2016 0:06,11/12/2016 0:06,Standard Class,50.0,1,-1.190000057
DEBIT,4,4,2.519999981,40.0,Shipping on time,0,Women's Apparel,Germantown,EE. UU.,Golf,Pacific Asia,Shanghái,China,Eastern Asia,Shanghái,1/4/2016 21:54,1/8/2016 21:54,Standard Class,50.0,1,2.519999981
DEBIT,5,4,12.52000046,40.0,Late delivery,1,Women's Apparel,Hialeah,EE. UU.,Golf,Pacific Asia,Chittagong,Bangladés,South Asia,Chittagong,1/20/2016 21:53,1/25/2016 21:53,Standard Class,50.0,1,12.52000046
DEBIT,3,4,15.03999996,31.98999977,Advance shipping,0,Shop By Sport,Detroit,EE. UU.,Golf,Pacific Asia,Mamak,Turquía,West Asia,Ankara,12/22/2016 3:22,12/25/2016 3:22,Standard Class,39.99000168,1,15.03999996
DEBIT,6,4,12.18999958,37.5,Late delivery,1,Women's Apparel,Panorama City,EE. UU.,Golf,Pacific Asia,Thiruvananthapuram,India,South Asia,Kerala,1/12/2016 12:47,1/18/2016 12:47,Standard Class,50.0,1,12.18999958
DEBIT,2,4,7.699999809,21.98999977,Advance shipping,0,Trade-In,Chicago,EE. UU.,Outdoors,Pacific Asia,Nanchang,China,Eastern Asia,Jiangxi,1/5/2016 9:28,1/7/2016 9:28,Standard Class,21.98999977,1,7.699999809
DEBIT,2,4,244.9900055,532.5800171,Advance shipping,0,Garden,Spring Valley,EE. UU.,Outdoors,Pacific Asia,Gold Coast,Australia,Oceania,Queensland,11/16/2017 19:33,11/18/2017 19:33,Standard Class,532.5800171,1,244.9900055
DEBIT,5,4,22.79999924,47.50999832,Late delivery,1,Electronics,Lawrenceville,EE. UU.,Outdoors,Pacific Asia,Mildura,Australia,Oceania,Victoria,12/12/2015 18:57,12/17/2015 18:57,Standard Class,47.99000168,1,22.79999924
DEBIT,6,4,6.860000134,24.48999977,Late delivery,1,Accessories,San Jose,EE. UU.,Outdoors,Pacific Asia,Mianyang,China,Eastern Asia,Sichuan,2/15/2016 23:36,2/21/2016 23:36,Standard Class,24.98999977,1,6.860000134
DEBIT,5,4,93.94999695,521.9299927,Late delivery,1,Garden,Wichita,EE. UU.,Outdoors,Pacific Asia,Bucheon,Corea del Sur,Eastern Asia,Gyeonggi,11/15/2017 11:19,11/20/2017 11:19,Standard Class,532.5800171,1,93.94999695
DEBIT,2,4,2.160000086,24.48999977,Advance shipping,0,Accessories,Los Angeles,EE. UU.,Outdoors,Pacific Asia,Kabul,Afganistán,South Asia,Kabul,12/16/2015 14:45,12/18/2015 14:45,Standard Class,24.98999977,1,2.160000086
DEBIT,3,4,242.8000031,516.5999756,Advance shipping,0,Garden,Hacienda Heights,EE. UU.,Outdoors,Pacific Asia,Manila,Filipinas,Southeast Asia,Capital Nacional,11/16/2017 5:53,11/19/2017 5:53,Standard Class,532.5800171,1,242.8000031
DEBIT,2,4,144.6499939,516.5999756,Advance shipping,0,Garden,Antioch,EE. UU.,Outdoors,Pacific Asia,Rangún,Myanmar (Birmania),Southeast Asia,Rangún,11/14/2017 9:44,11/16/2017 9:44,Standard Class,532.5800171,1,144.6499939
DEBIT,3,4,182.1399994,505.9500122,Advance shipping,0,Garden,Las Vegas,EE. UU.,Outdoors,Pacific Asia,Xinzhou,China,Eastern Asia,Shanxi,11/18/2017 13:56,11/21/2017 13:56,Standard Class,532.5800171,1,182.1399994
DEBIT,6,4,-63.24000168,505.9500122,Late delivery,1,Garden,Columbus,EE. UU.,Outdoors,Pacific Asia,Xianyang,China,Eastern Asia,Shaanxi,11/16/2017 5:11,11/22/2017 5:11,Standard Class,532.5800171,1,-63.24000168
DEBIT,4,4,-65.26999664,505.9500122,Shipping on time,0,Garden,Woodbridge,EE. UU.,Outdoors,Pacific Asia,Luoyang,China,Eastern Asia,Guangdong,11/17/2017 19:01,11/21/2017 19:01,Standard Class,532.5800171,1,-65.26999664
DEBIT,4,4,177.0800018,505.9500122,Shipping on time,0,Garden,Los Angeles,EE. UU.,Outdoors,Pacific Asia,Kanpur,India,South Asia,Uttar Pradesh,11/15/2017 3:57,11/19/2017 3:57,Standard Class,532.5800171,1,177.0800018
DEBIT,2,4,95.62000275,503.2900085,Advance shipping,0,Garden,North Tonawanda,EE. UU.,Outdoors,Pacific Asia,Chongqing,China,Eastern Asia,Chongqing,1/1/2018 8:37,1/3/2018 8:37,Standard Class,532.5800171,1,95.62000275
DEBIT,6,4,11.34000015,23.62000084,Late delivery,1,Accessories,Philadelphia,EE. UU.,Outdoors,Pacific Asia,Caloundra,Australia,Oceania,Queensland,3/15/2016 3:45,3/21/2016 3:45,Standard Class,24.98999977,1,11.34000015
DEBIT,5,4,241.5800018,503.2900085,Late delivery,1,Garden,Los Angeles,EE. UU.,Outdoors,Pacific Asia,Nowra,Australia,Oceania,Nueva Gales del Sur,11/16/2017 4:50,11/21/2017 4:50,Standard Class,532.5800171,1,241.5800018
DEBIT,2,4,12.57999992,503.2900085,Advance shipping,0,Garden,Freeport,EE. UU.,Outdoors,Pacific Asia,Denpasar,Indonesia,Southeast Asia,Bali,11/17/2017 6:03,11/19/2017 6:03,Standard Class,532.5800171,1,12.57999992
DEBIT,5,4,8.479999542,44.63000107,Late delivery,1,Electronics,Jackson,EE. UU.,Outdoors,Pacific Asia,Nanyang,China,Eastern Asia,Henan,12/5/2015 10:02,12/10/2015 10:02,Standard Class,47.99000168,1,8.479999542
DEBIT,4,4,8.130000114,23.23999977,Shipping on time,0,Accessories,Ontario,EE. UU.,Outdoors,Pacific Asia,Bagdad,Irak,West Asia,Bagdad,9/17/2016 4:12,9/21/2016 4:12,Standard Class,24.98999977,1,8.130000114
DEBIT,3,4,169.6300049,484.6499939,Advance shipping,0,Garden,Olathe,EE. UU.,Outdoors,Pacific Asia,Gold Coast,Australia,Oceania,Queensland,11/18/2017 19:11,11/21/2017 19:11,Standard Class,532.5800171,1,169.6300049
DEBIT,6,4,-107.8499985,479.3200073,Late delivery,1,Garden,Dallas,EE. UU.,Outdoors,Pacific Asia,Daejeon,Corea del Sur,Eastern Asia,Daejeon,11/15/2017 15:10,11/21/2017 15:10,Standard Class,532.5800171,1,-107.8499985
DEBIT,5,4,-343.5400085,468.6700134,Late delivery,1,Garden,Flushing,EE. UU.,Outdoors,Pacific Asia,Daejeon,Corea del Sur,Eastern Asia,Daejeon,11/15/2017 14:49,11/20/2017 14:49,Standard Class,532.5800171,1,-343.5400085
DEBIT,5,4,78.26999664,468.6700134,Late delivery,1,Garden,New Braunfels,EE. UU.,Outdoors,Pacific Asia,Changzhou,China,Eastern Asia,Jiangsu,11/14/2017 7:17,11/19/2017 7:17,Standard Class,532.5800171,1,78.26999664
DEBIT,3,4,9.850000381,28.14999962,Advance shipping,0,Electronics,Staten Island,EE. UU.,Outdoors,Pacific Asia,Melbourne,Australia,Oceania,Victoria,10/31/2015 10:15,11/3/2015 10:15,Standard Class,31.98999977,1,9.850000381
DEBIT,3,4,-93.73000336,468.6700134,Advance shipping,0,Garden,Sunnyvale,EE. UU.,Outdoors,Pacific Asia,Hobart,Australia,Oceania,Tasmania,11/15/2017 21:07,11/18/2017 21:07,Standard Class,532.5800171,1,-93.73000336
DEBIT,4,4,4.920000076,14.0699997,Shipping on time,0,Trade-In,Cicero,EE. UU.,Outdoors,Pacific Asia,Bagdad,Irak,West Asia,Bagdad,8/27/2016 3:42,8/31/2016 3:42,Standard Class,15.98999977,1,4.920000076
DEBIT,5,4,5.650000095,21.73999977,Late delivery,1,Accessories,Eugene,EE. UU.,Outdoors,Pacific Asia,Perth,Australia,Oceania,Australia Occidental,10/29/2015 23:55,11/3/2015 23:55,Standard Class,24.98999977,1,5.650000095
DEBIT,4,4,1.769999981,44.18999863,Shipping on time,0,Electronics,Cary,EE. UU.,Outdoors,Pacific Asia,Mersin,Turquía,West Asia,Mersin,9/28/2016 23:59,10/2/2016 23:59,Standard Class,51.99000168,1,1.769999981
DEBIT,3,4,123.0299988,447.3699951,Advance shipping,0,Garden,Compton,EE. UU.,Outdoors,Pacific Asia,Seúl,Corea del Sur,Eastern Asia,Seúl,11/16/2017 2:23,11/19/2017 2:23,Standard Class,532.5800171,1,123.0299988
DEBIT,2,4,28.18000031,447.3699951,Advance shipping,0,Garden,Saint Paul,EE. UU.,Outdoors,Pacific Asia,Sydney,Australia,Oceania,Nueva Gales del Sur,11/14/2017 6:14,11/16/2017 6:14,Standard Class,532.5800171,1,28.18000031
DEBIT,3,4,6.579999924,13.43000031,Advance shipping,0,Trade-In,Valrico,EE. UU.,Outdoors,Pacific Asia,Kanpur,India,South Asia,Uttar Pradesh,12/31/2015 21:12,1/3/2016 21:12,Standard Class,15.98999977,1,6.579999924
DEBIT,3,4,13.10000038,40.31000137,Advance shipping,0,Electronics,Lynwood,EE. UU.,Outdoors,Pacific Asia,Basra,Irak,West Asia,Basora,1/12/2017 17:52,1/15/2017 17:52,Standard Class,47.99000168,1,13.10000038
DEBIT,2,4,154.7100067,442.0400085,Advance shipping,0,Garden,Kent,EE. UU.,Outdoors,Pacific Asia,Seúl,Corea del Sur,Eastern Asia,Seúl,11/16/2017 2:02,11/18/2017 2:02,Standard Class,532.5800171,1,154.7100067
DEBIT,3,4,-1.470000029,20.73999977,Advance shipping,0,Accessories,Laguna Hills,EE. UU.,Outdoors,Pacific Asia,Gisborne,Nueva Zelanda,Oceania,Gisborne,3/26/2016 15:29,3/29/2016 15:29,Standard Class,24.98999977,1,-1.470000029
DEBIT,2,4,143.6600037,442.0400085,Advance shipping,0,Garden,Tempe,EE. UU.,Outdoors,Pacific Asia,Bangkok,Tailandia,Southeast Asia,Bangkok,1/1/2018 12:07,1/3/2018 12:07,Standard Class,532.5800171,1,143.6600037
DEBIT,3,4,4.480000019,16.59000015,Advance shipping,0,Golf Balls,Detroit,EE. UU.,Outdoors,Pacific Asia,Bagdad,Irak,West Asia,Bagdad,10/22/2016 9:56,10/25/2016 9:56,Standard Class,19.98999977,1,4.480000019
DEBIT,5,4,213.9900055,436.7200012,Late delivery,1,Garden,Los Angeles,EE. UU.,Outdoors,Pacific Asia,Colombo,Sri Lanka,South Asia,Occidental,1/2/2018 6:41,1/7/2018 6:41,Standard Class,532.5800171,1,213.9900055
DEBIT,4,4,9.800000191,19.98999977,Shipping on time,0,Accessories,Buffalo,EE. UU.,Outdoors,Pacific Asia,Takatsuki,Japón,Eastern Asia,Osaka,11/20/2015 22:50,11/24/2015 22:50,Standard Class,24.98999977,1,9.800000191
DEBIT,3,4,5.440000057,15.98999977,Advance shipping,0,Golf Balls,Lompoc,EE. UU.,Outdoors,Pacific Asia,Devonport,Australia,Oceania,Tasmania,1/14/2016 2:16,1/17/2016 2:16,Standard Class,19.98999977,1,5.440000057
DEBIT,3,4,3.579999924,12.78999996,Advance shipping,0,Trade-In,Norfolk,EE. UU.,Outdoors,Pacific Asia,Canberra,Australia,Oceania,Territorio de la Capital Australiana,12/19/2015 18:25,12/22/2015 18:25,Standard Class,15.98999977,1,3.579999924
DEBIT,6,4,35.20000076,399.980011,Late delivery,1,Fishing,Anaheim,EE. UU.,Fan Shop,Pacific Asia,Xinyi,China,Eastern Asia,Guangdong,10/28/2015 14:59,11/3/2015 14:59,Standard Class,399.980011,1,35.20000076
DEBIT,6,4,50.0,399.980011,Late delivery,1,Fishing,Revere,EE. UU.,Fan Shop,Pacific Asia,Newcastle,Australia,Oceania,Nueva Gales del Sur,12/19/2015 3:42,12/25/2015 3:42,Standard Class,399.980011,1,50.0
DEBIT,5,4,83.98999786,299.980011,Late delivery,1,Camping & Hiking,Ontario,EE. UU.,Fan Shop,Pacific Asia,Manila,Filipinas,Southeast Asia,Capital Nacional,1/26/2016 4:00,1/31/2016 4:00,Standard Class,299.980011,1,83.98999786
DEBIT,2,4,199.9900055,399.980011,Advance shipping,0,Fishing,San Bernardino,EE. UU.,Fan Shop,Pacific Asia,Manila,Filipinas,Southeast Asia,Capital Nacional,1/5/2016 19:58,1/7/2016 19:58,Standard Class,399.980011,1,199.9900055
DEBIT,3,4,16.0,399.980011,Advance shipping,0,Fishing,Chicago,EE. UU.,Fan Shop,Pacific Asia,Bangkok,Tailandia,Southeast Asia,Bangkok,1/1/2016 2:28,1/4/2016 2:28,Standard Class,399.980011,1,16.0
DEBIT,6,4,149.9900055,299.980011,Late delivery,1,Camping & Hiking,West Covina,EE. UU.,Fan Shop,Pacific Asia,Estambul,Turquía,West Asia,Estambul,11/25/2016 20:02,12/1/2016 20:02,Standard Class,299.980011,1,149.9900055
TRANSFER,4,4,39.84000015,83.0,Shipping on time,0,Women's Apparel,Augusta,EE. UU.,Golf,Pacific Asia,Jaipur,India,South Asia,Rajastán,3/2/2016 6:45,3/6/2016 6:45,Standard Class,100.0,2,39.84000015
TRANSFER,2,4,15.35999966,63.97999954,Advance shipping,0,Shop By Sport,Westerville,EE. UU.,Golf,Pacific Asia,Bendigo,Australia,Oceania,Victoria,11/8/2015 14:06,11/10/2015 14:06,Standard Class,79.98000336,2,15.35999966
TRANSFER,5,4,2.849999905,37.97999954,Late delivery,1,Golf Balls,Cordova,EE. UU.,Outdoors,Pacific Asia,Adelaide,Australia,Oceania,Australia del Sur,11/16/2015 7:05,11/21/2015 7:05,Standard Class,39.97999954,2,2.849999905
TRANSFER,5,4,5.369999886,47.47999954,Late delivery,1,Accessories,Cleveland,EE. UU.,Outdoors,Pacific Asia,Makati,Filipinas,Southeast Asia,Capital Nacional,12/9/2015 12:08,12/14/2015 12:08,Standard Class,49.97999954,2,5.369999886
TRANSFER,4,4,-66.23999786,94.62000275,Shipping on time,0,Electronics,North Las Vegas,EE. UU.,Outdoors,Pacific Asia,Bhavnagar,India,South Asia,Guyarat,12/10/2015 12:18,12/14/2015 12:18,Standard Class,103.9800034,2,-66.23999786
TRANSFER,6,4,10.78999996,35.97999954,Late delivery,1,Golf Balls,Newburgh,EE. UU.,Outdoors,Pacific Asia,Surabaya,Indonesia,Southeast Asia,Java Oriental,12/30/2015 16:29,1/5/2016 16:29,Standard Class,39.97999954,2,10.78999996
TRANSFER,2,4,-26.17000008,37.38000107,Advance shipping,0,Trade-In,Chicago,EE. UU.,Outdoors,Pacific Asia,Rach Gia,Vietnam,Southeast Asia,Kiên Giang,1/1/2016 3:52,1/3/2016 3:52,Standard Class,43.97999954,2,-26.17000008
TRANSFER,5,4,0.0,36.93999863,Late delivery,1,Trade-In,Riverside,EE. UU.,Outdoors,Pacific Asia,Estambul,Turquía,West Asia,Estambul,9/7/2016 8:04,9/12/2016 8:04,Standard Class,43.97999954,2,0.0
TRANSFER,4,4,6.519999981,39.97999954,Shipping on time,0,Accessories,Englewood,EE. UU.,Outdoors,Pacific Asia,Lismore,Australia,Oceania,Nueva Gales del Sur,3/24/2016 7:46,3/28/2016 7:46,Standard Class,49.97999954,2,6.519999981
TRANSFER,4,4,7.039999962,25.57999992,Shipping on time,0,Trade-In,Honolulu,EE. UU.,Outdoors,Pacific Asia,Melbourne,Australia,Oceania,Victoria,3/4/2016 9:33,3/8/2016 9:33,Standard Class,31.97999954,2,7.039999962
TRANSFER,2,4,16.12999916,57.59999847,Shipping canceled,0,Cardio Equipment,Aurora,EE. UU.,Footwear,Pacific Asia,Bandar Abbas,Irán,South Asia,Hormozgán,10/3/2016 20:38,10/5/2016 20:38,Standard Class,60.0,2,16.12999916
TRANSFER,5,4,63.88000107,175.9799957,Shipping canceled,0,Cardio Equipment,New Brunswick,EE. UU.,Footwear,Pacific Asia,Geelong,Australia,Oceania,Victoria,2/24/2016 6:56,2/29/2016 6:56,Standard Class,199.9799957,2,63.88000107
TRANSFER,6,4,29.22999954,100.7799988,Shipping canceled,0,Cleats,Columbus,EE. UU.,Apparel,Pacific Asia,Liaocheng,China,Eastern Asia,Shandong,11/30/2015 9:31,12/6/2015 9:31,Standard Class,119.9800034,2,29.22999954
TRANSFER,5,4,9.5,95.0,Shipping canceled,0,Women's Apparel,Taylor,EE. UU.,Golf,Pacific Asia,Surakarta,Indonesia,Southeast Asia,Java Central,11/10/2015 14:27,11/15/2015 14:27,Standard Class,100.0,2,9.5
TRANSFER,4,4,21.28000069,67.98000336,Shipping canceled,0,Shop By Sport,Cincinnati,EE. UU.,Golf,Pacific Asia,Bekasi,Indonesia,Southeast Asia,Java Occidental,1/19/2016 19:15,1/23/2016 19:15,Standard Class,79.98000336,2,21.28000069
TRANSFER,4,4,11.47999954,40.97999954,Shipping canceled,0,Accessories,Bakersfield,EE. UU.,Outdoors,Pacific Asia,Hangzhou,China,Eastern Asia,Zhejiang,2/28/2016 3:26,3/3/2016 3:26,Standard Class,49.97999954,2,11.47999954
TRANSFER,3,4,-174.6900024,109.1800003,Shipping canceled,0,Cleats,San Diego,EE. UU.,Apparel,USCA,Columbus,Estados Unidos,South of  USA ,Georgia,6/17/2016 11:41,6/20/2016 11:41,Standard Class,119.9800034,2,-174.6900024
TRANSFER,4,4,24.89999962,99.58000183,Shipping canceled,0,Cleats,Los Angeles,EE. UU.,Apparel,USCA,Houston,Estados Unidos,US Center ,Texas,5/5/2016 12:16,5/9/2016 12:16,Standard Class,119.9800034,2,24.89999962
TRANSFER,3,4,23.27000046,77.58000183,Shipping canceled,0,Shop By Sport,Hanford,EE. UU.,Golf,USCA,Alexandria,Estados Unidos,South of  USA ,Virginia,5/19/2016 17:30,5/22/2016 17:30,Standard Class,79.98000336,2,23.27000046
TRANSFER,6,4,13.85999966,85.0,Shipping canceled,0,Women's Apparel,Clementon,EE. UU.,Golf,USCA,Huntsville,Estados Unidos,South of  USA ,Alabama,7/22/2016 13:34,7/28/2016 13:34,Standard Class,100.0,2,13.85999966
TRANSFER,6,4,8.399999619,84.0,Shipping canceled,0,Women's Apparel,Clementon,EE. UU.,Golf,USCA,Huntsville,Estados Unidos,South of  USA ,Alabama,7/22/2016 13:34,7/28/2016 13:34,Standard Class,100.0,2,8.399999619
TRANSFER,3,4,97.98999786,199.9799957,Advance shipping,0,Cardio Equipment,Ontario,EE. UU.,Footwear,USCA,Newark,Estados Unidos,East of USA,Delaware,5/22/2016 3:19,5/25/2016 3:19,Standard Class,199.9799957,2,97.98999786
TRANSFER,2,4,-59.38999939,197.9799957,Advance shipping,0,Cardio Equipment,Huntington Station,EE. UU.,Footwear,USCA,Los Angeles,Estados Unidos,West of USA ,California,7/30/2016 4:05,8/1/2016 4:05,Standard Class,199.9799957,2,-59.38999939
TRANSFER,2,4,97.98999786,195.9799957,Advance shipping,0,Cardio Equipment,North Hills,EE. UU.,Footwear,USCA,Los Angeles,Estados Unidos,West of USA ,California,7/22/2016 1:39,7/24/2016 1:39,Standard Class,199.9799957,2,97.98999786
TRANSFER,2,4,61.34000015,195.9799957,Advance shipping,0,Cardio Equipment,Brooklyn,EE. UU.,Footwear,USCA,San Francisco,Estados Unidos,West of USA ,California,4/26/2016 19:07,4/28/2016 19:07,Standard Class,199.9799957,2,61.34000015
TRANSFER,2,4,48.04000092,104.4400024,Advance shipping,0,Boxing & MMA,Orlando,EE. UU.,Footwear,USCA,Memphis,Estados Unidos,South of  USA ,Tennessee,5/10/2016 17:42,5/12/2016 17:42,Standard Class,109.9400024,2,48.04000092
TRANSFER,5,4,91.19000244,189.9799957,Late delivery,1,Cardio Equipment,Winnetka,EE. UU.,Footwear,USCA,Fayetteville,Estados Unidos,South of  USA ,Arkansas,6/27/2016 8:52,7/2/2016 8:52,Standard Class,199.9799957,2,91.19000244
TRANSFER,4,4,-307.9700012,175.9799957,Shipping on time,0,Cardio Equipment,Philadelphia,EE. UU.,Footwear,USCA,Richmond,Estados Unidos,South of  USA ,Virginia,8/15/2016 7:55,8/19/2016 7:55,Standard Class,199.9799957,2,-307.9700012
TRANSFER,2,4,45.75999832,173.9799957,Advance shipping,0,Cardio Equipment,Brooklyn,EE. UU.,Footwear,USCA,Ottawa,Canada,Canada,Ontario,12/17/2016 9:09,12/19/2016 9:09,Standard Class,199.9799957,2,45.75999832
TRANSFER,2,4,54.63999939,118.7799988,Advance shipping,0,Cleats,Orlando,EE. UU.,Apparel,USCA,Memphis,Estados Unidos,South of  USA ,Tennessee,5/10/2016 17:42,5/12/2016 17:42,Standard Class,119.9800034,2,54.63999939
TRANSFER,2,4,39.74000168,117.5800018,Advance shipping,0,Cleats,Panorama City,EE. UU.,Apparel,USCA,New York City,Estados Unidos,East of USA,Nueva York,7/16/2016 10:46,7/18/2016 10:46,Standard Class,119.9800034,2,39.74000168
TRANSFER,5,4,20.57999992,117.5800018,Late delivery,1,Cleats,Martinez,EE. UU.,Apparel,USCA,Chicago,Estados Unidos,US Center ,Illinois,6/16/2016 3:06,6/21/2016 3:06,Standard Class,119.9800034,2,20.57999992
TRANSFER,3,4,41.15000153,117.5800018,Advance shipping,0,Cleats,Greenville,EE. UU.,Apparel,USCA,Seattle,Estados Unidos,West of USA ,Washington,8/17/2016 6:52,8/20/2016 6:52,Standard Class,119.9800034,2,41.15000153
TRANSFER,6,4,-51.29000092,113.9800034,Late delivery,1,Cleats,Troy,EE. UU.,Apparel,USCA,Houston,Estados Unidos,US Center ,Texas,4/27/2016 8:47,5/3/2016 8:47,Standard Class,119.9800034,2,-51.29000092
TRANSFER,3,4,-91.18000031,113.9800034,Advance shipping,0,Cleats,Rialto,EE. UU.,Apparel,USCA,Los Angeles,Estados Unidos,West of USA ,California,5/4/2016 13:09,5/7/2016 13:09,Standard Class,119.9800034,2,-91.18000031
TRANSFER,6,4,50.68000031,105.5800018,Late delivery,1,Cleats,Saint Peters,EE. UU.,Apparel,USCA,Richmond,Estados Unidos,South of  USA ,Kentucky,5/23/2016 15:24,5/29/2016 15:24,Standard Class,119.9800034,2,50.68000031
TRANSFER,6,4,50.09999847,104.3799973,Late delivery,1,Cleats,Saint Peters,EE. UU.,Apparel,USCA,Richmond,Estados Unidos,South of  USA ,Kentucky,5/23/2016 15:24,5/29/2016 15:24,Standard Class,119.9800034,2,50.09999847
TRANSFER,2,4,-11.80000019,104.3799973,Advance shipping,0,Cleats,Apex,EE. UU.,Apparel,USCA,Springfield,Estados Unidos,US Center ,Misuri,6/30/2016 23:24,7/2/2016 23:24,Standard Class,119.9800034,2,-11.80000019
TRANSFER,2,4,48.20999908,98.37999725,Advance shipping,0,Cleats,Huntington Station,EE. UU.,Apparel,USCA,Los Angeles,Estados Unidos,West of USA ,California,7/30/2016 4:05,8/1/2016 4:05,Standard Class,119.9800034,2,48.20999908
TRANSFER,5,4,-1.25999999,89.98999786,Late delivery,1,Cleats,Houston,EE. UU.,Apparel,USCA,Lakeland,Estados Unidos,South of  USA ,Florida,6/2/2016 22:02,6/7/2016 22:02,Standard Class,119.9800034,2,-1.25999999
TRANSFER,3,4,26.45999908,98.0,Advance shipping,0,Women's Apparel,Mchenry,EE. UU.,Golf,USCA,Auburn,Estados Unidos,East of USA,Nueva York,4/8/2016 10:02,4/11/2016 10:02,Standard Class,100.0,2,26.45999908
TRANSFER,3,4,28.12999916,97.0,Advance shipping,0,Women's Apparel,Fontana,EE. UU.,Golf,USCA,Springfield,Estados Unidos,East of USA,Ohio,5/24/2016 21:53,5/27/2016 21:53,Standard Class,100.0,2,28.12999916
TRANSFER,3,4,-19.39999962,97.0,Advance shipping,0,Women's Apparel,Columbus,EE. UU.,Golf,USCA,Philadelphia,Estados Unidos,East of USA,Pensilvania,7/19/2016 21:27,7/22/2016 21:27,Standard Class,100.0,2,-19.39999962
TRANSFER,2,4,7.489999771,48.0,Advance shipping,0,Girls' Apparel,Mission,EE. UU.,Golf,USCA,Pharr,Estados Unidos,US Center ,Texas,7/25/2016 8:29,7/27/2016 8:29,Standard Class,50.0,2,7.489999771
TRANSFER,5,4,5.949999809,96.0,Late delivery,1,Women's Apparel,Detroit,EE. UU.,Golf,USCA,Los Angeles,Estados Unidos,West of USA ,California,5/28/2016 19:25,6/2/2016 19:25,Standard Class,100.0,2,5.949999809
TRANSFER,3,4,-148.8000031,93.0,Advance shipping,0,Women's Apparel,Detroit,EE. UU.,Golf,USCA,Hempstead,Estados Unidos,East of USA,Nueva York,5/21/2016 2:47,5/24/2016 2:47,Standard Class,100.0,2,-148.8000031
TRANSFER,6,4,-83.69999695,55.79999924,Late delivery,1,Shop By Sport,Tustin,EE. UU.,Golf,USCA,Los Angeles,Estados Unidos,West of USA ,California,6/30/2016 9:02,7/6/2016 9:02,Standard Class,60.0,2,-83.69999695
TRANSFER,5,4,2.25,90.0,Late delivery,1,Women's Apparel,Philadelphia,EE. UU.,Golf,USCA,Columbus,Estados Unidos,East of USA,Ohio,5/23/2016 13:18,5/28/2016 13:18,Standard Class,100.0,2,2.25
TRANSFER,2,4,-45.5,88.0,Advance shipping,0,Women's Apparel,Brooklyn,EE. UU.,Golf,USCA,Louisville,Estados Unidos,South of  USA ,Kentucky,7/13/2016 0:26,7/15/2016 0:26,Standard Class,100.0,2,-45.5
TRANSFER,4,4,30.79999924,88.0,Shipping on time,0,Women's Apparel,Los Angeles,EE. UU.,Golf,USCA,Wichita,Estados Unidos,US Center ,Kansas,6/7/2016 13:48,6/11/2016 13:48,Standard Class,100.0,2,30.79999924
TRANSFER,5,4,-43.50999832,67.98000336,Late delivery,1,Shop By Sport,Santa Ana,EE. UU.,Golf,USCA,Baltimore,Estados Unidos,East of USA,Maryland,7/8/2016 18:08,7/13/2016 18:08,Standard Class,79.98000336,2,-43.50999832
TRANSFER,5,4,22.95000076,85.0,Late delivery,1,Women's Apparel,Virginia Beach,EE. UU.,Golf,USCA,Fort Worth,Estados Unidos,US Center ,Texas,8/7/2016 19:51,8/12/2016 19:51,Standard Class,100.0,2,22.95000076
TRANSFER,4,4,39.36000061,82.0,Shipping on time,0,Women's Apparel,Azusa,EE. UU.,Golf,USCA,Calgary,Canada,Canada,Alberta,11/2/2016 9:02,11/6/2016 9:02,Standard Class,100.0,2,39.36000061
TRANSFER,5,4,32.13999939,65.58000183,Late delivery,1,Shop By Sport,Philadelphia,EE. UU.,Golf,USCA,Columbia,Estados Unidos,East of USA,Maryland,4/14/2016 19:08,4/19/2016 19:08,Standard Class,79.98000336,2,32.13999939
TRANSFER,4,4,-94.0,59.99000168,Shipping on time,0,Shop By Sport,Morristown,EE. UU.,Golf,USCA,Atlanta,Estados Unidos,South of  USA ,Georgia,7/14/2016 20:56,7/18/2016 20:56,Standard Class,79.98000336,2,-94.0
TRANSFER,6,4,29.95000076,92.13999939,Late delivery,1,Electronics,Harvey,EE. UU.,Outdoors,USCA,Odessa,Estados Unidos,US Center ,Texas,7/29/2016 22:29,8/4/2016 22:29,Standard Class,95.98000336,2,29.95000076
TRANSFER,6,4,27.35000038,91.18000031,Late delivery,1,Electronics,Cleveland,EE. UU.,Outdoors,USCA,Newark,Estados Unidos,East of USA,Delaware,7/22/2016 3:03,7/28/2016 3:03,Standard Class,95.98000336,2,27.35000038
TRANSFER,5,4,6.519999981,47.22999954,Late delivery,1,Accessories,Jackson,EE. UU.,Outdoors,USCA,Chicago,Estados Unidos,US Center ,Illinois,7/10/2016 13:56,7/15/2016 13:56,Standard Class,49.97999954,2,6.519999981
TRANSFER,2,4,29.05999947,85.48000336,Advance shipping,0,Electronics,Salem,EE. UU.,Footwear,USCA,New York City,Estados Unidos,East of USA,Nueva York,4/4/2016 11:05,4/6/2016 11:05,Standard Class,89.98000336,2,29.05999947
TRANSFER,5,4,-11.15999985,55.79999924,Late delivery,1,Cardio Equipment,Bloomfield,EE. UU.,Footwear,USCA,Philadelphia,Estados Unidos,East of USA,Pensilvania,5/7/2016 13:40,5/12/2016 13:40,Standard Class,60.0,2,-11.15999985
TRANSFER,2,4,55.79000092,185.9799957,Advance shipping,0,Cardio Equipment,Murfreesboro,EE. UU.,Footwear,USCA,Los Angeles,Estados Unidos,West of USA ,California,7/21/2016 8:08,7/23/2016 8:08,Standard Class,199.9799957,2,55.79000092
TRANSFER,3,4,15.75,62.97999954,Advance shipping,0,Fitness Accessories,York,EE. UU.,Footwear,USCA,Asheville,Estados Unidos,South of  USA ,Carolina del Norte,6/20/2016 13:15,6/23/2016 13:15,Standard Class,69.98000336,2,15.75
TRANSFER,6,4,61.70000076,169.9799957,Late delivery,1,Cardio Equipment,Duluth,EE. UU.,Footwear,USCA,New York City,Estados Unidos,East of USA,Nueva York,4/22/2016 6:09,4/28/2016 6:09,Standard Class,199.9799957,2,61.70000076
TRANSFER,3,4,19.03000069,54.38000107,Advance shipping,0,Electronics,Carlisle,EE. UU.,Footwear,USCA,Dallas,Estados Unidos,US Center ,Texas,6/14/2016 15:22,6/17/2016 15:22,Standard Class,63.97999954,2,19.03000069
TRANSFER,4,4,42.0,149.9900055,Shipping on time,0,Cardio Equipment,Elgin,EE. UU.,Footwear,USCA,Jacksonville,Estados Unidos,South of  USA ,Florida,6/10/2016 20:38,6/14/2016 20:38,Standard Class,199.9799957,2,42.0
TRANSFER,3,4,8.18999958,109.1800003,Advance shipping,0,Cleats,Winnetka,EE. UU.,Apparel,USCA,Philadelphia,Estados Unidos,East of USA,Pensilvania,7/27/2016 18:38,7/30/2016 18:38,Standard Class,119.9800034,2,8.18999958
TRANSFER,6,4,-10.92000008,109.1800003,Late delivery,1,Cleats,Riverside,EE. UU.,Apparel,USCA,New York City,Estados Unidos,East of USA,Nueva York,5/27/2016 15:45,6/2/2016 15:45,Standard Class,119.9800034,2,-10.92000008
TRANSFER,5,4,-6.800000191,107.9800034,Late delivery,1,Cleats,Philadelphia,EE. UU.,Apparel,USCA,Costa Mesa,Estados Unidos,West of USA ,California,4/9/2016 2:30,4/14/2016 2:30,Standard Class,119.9800034,2,-6.800000191
TRANSFER,3,4,9.289999962,105.5800018,Advance shipping,0,Cleats,Austin,EE. UU.,Apparel,USCA,Saanich,Canada,Canada,Columbia británica,10/31/2016 18:09,11/3/2016 18:09,Standard Class,119.9800034,2,9.289999962
TRANSFER,2,4,11.52000046,101.9800034,Advance shipping,0,Cleats,New Brunswick,EE. UU.,Apparel,USCA,San Francisco,Estados Unidos,West of USA ,California,6/24/2016 0:59,6/26/2016 0:59,Standard Class,119.9800034,2,11.52000046
TRANSFER,3,4,28.87999916,99.58000183,Advance shipping,0,Cleats,Norfolk,EE. UU.,Apparel,USCA,Los Angeles,Estados Unidos,West of USA ,California,6/13/2016 20:06,6/16/2016 20:06,Standard Class,119.9800034,2,28.87999916
TRANSFER,2,4,34.43000031,98.37999725,Advance shipping,0,Cleats,Danbury,EE. UU.,Apparel,USCA,Las Vegas,Estados Unidos,West of USA ,Nevada,4/7/2016 14:25,4/9/2016 14:25,Standard Class,119.9800034,2,34.43000031
TRANSFER,2,4,35.70999908,98.37999725,Advance shipping,0,Cleats,Newark,EE. UU.,Apparel,USCA,Morgan Hill,Estados Unidos,West of USA ,California,7/26/2016 7:15,7/28/2016 7:15,Standard Class,119.9800034,2,35.70999908
TRANSFER,4,4,34.65000153,99.0,Shipping on time,0,Women's Apparel,Bronx,EE. UU.,Golf,USCA,New York City,Estados Unidos,East of USA,Nueva York,5/9/2016 14:22,5/13/2016 14:22,Standard Class,100.0,2,34.65000153
TRANSFER,6,4,33.02000046,76.77999878,Late delivery,1,Shop By Sport,Marietta,EE. UU.,Golf,USCA,Portland,Estados Unidos,West of USA ,Oregón,4/5/2016 23:31,4/11/2016 23:31,Standard Class,79.98000336,2,33.02000046
TRANSFER,3,4,19.76000023,75.98000336,Advance shipping,0,Shop By Sport,New Orleans,EE. UU.,Golf,USCA,New York City,Estados Unidos,East of USA,Nueva York,6/3/2016 7:51,6/6/2016 7:51,Standard Class,79.98000336,2,19.76000023
TRANSFER,5,4,-50.68000031,75.98000336,Late delivery,1,Shop By Sport,Bridgeton,EE. UU.,Golf,USCA,Buffalo,Estados Unidos,East of USA,Nueva York,4/19/2016 20:00,4/24/2016 20:00,Standard Class,79.98000336,2,-50.68000031
TRANSFER,4,4,-35.61999893,93.0,Shipping on time,0,Women's Apparel,North Tonawanda,EE. UU.,Golf,USCA,Amarillo,Estados Unidos,US Center ,Texas,7/28/2016 1:59,8/1/2016 1:59,Standard Class,100.0,2,-35.61999893
TRANSFER,2,4,11.21000004,127.4000015,Advance shipping,0,Girls' Apparel,Plymouth,EE. UU.,Golf,USCA,Tampa,Estados Unidos,South of  USA ,Florida,6/25/2016 17:17,6/27/2016 17:17,Standard Class,140.0,2,11.21000004
TRANSFER,5,4,30.94000053,91.0,Late delivery,1,Women's Apparel,Mililani,EE. UU.,Golf,USCA,Frisco,Estados Unidos,US Center ,Texas,8/4/2016 4:16,8/9/2016 4:16,Standard Class,100.0,2,30.94000053
TRANSFER,5,4,42.24000168,88.0,Late delivery,1,Women's Apparel,Davis,EE. UU.,Golf,USCA,Henderson,Estados Unidos,South of  USA ,Kentucky,5/23/2016 11:33,5/28/2016 11:33,Standard Class,100.0,2,42.24000168
TRANSFER,5,4,38.25,85.0,Late delivery,1,Women's Apparel,Tucson,EE. UU.,Golf,USCA,New York City,Estados Unidos,East of USA,Nueva York,7/26/2016 13:33,7/31/2016 13:33,Standard Class,100.0,2,38.25
TRANSFER,2,4,21.28000069,67.98000336,Advance shipping,0,Shop By Sport,Lancaster,EE. UU.,Golf,USCA,Jacksonville,Estados Unidos,South of  USA ,Carolina del Norte,7/25/2016 17:14,7/27/2016 17:14,Standard Class,79.98000336,2,21.28000069
TRANSFER,2,4,0.0,83.0,Advance shipping,0,Women's Apparel,Stone Mountain,EE. UU.,Golf,USCA,New York City,Estados Unidos,East of USA,Nueva York,4/14/2016 7:34,4/16/2016 7:34,Standard Class,100.0,2,0.0
TRANSFER,6,4,28.21999931,83.0,Late delivery,1,Women's Apparel,North Las Vegas,EE. UU.,Golf,USCA,Tallahassee,Estados Unidos,South of  USA ,Florida,6/3/2016 14:09,6/9/2016 14:09,Standard Class,100.0,2,28.21999931
TRANSFER,5,4,2.049999952,82.0,Late delivery,1,Women's Apparel,San Bernardino,EE. UU.,Golf,USCA,Lewiston,Estados Unidos,East of USA,Maine,6/9/2016 23:57,6/14/2016 23:57,Standard Class,100.0,2,2.049999952
TRANSFER,2,4,20.5,82.0,Advance shipping,0,Women's Apparel,Frankfort,EE. UU.,Golf,USCA,Port Saint Lucie,Estados Unidos,South of  USA ,Florida,5/30/2016 5:24,6/1/2016 5:24,Standard Class,100.0,2,20.5
TRANSFER,3,4,-11.02000046,48.97999954,Advance shipping,0,Accessories,Upland,EE. UU.,Outdoors,USCA,Saint Louis,Estados Unidos,US Center ,Misuri,7/27/2016 22:08,7/30/2016 22:08,Standard Class,49.97999954,2,-11.02000046
TRANSFER,5,4,32.99000168,119.9800034,Shipping canceled,0,Cleats,Rosemead,EE. UU.,Apparel,USCA,Houston,Estados Unidos,US Center ,Texas,4/20/2016 11:46,4/25/2016 11:46,Standard Class,119.9800034,2,32.99000168
TRANSFER,3,4,13.28999996,117.5800018,Shipping canceled,0,Cleats,Los Angeles,EE. UU.,Apparel,USCA,Lawrence,Estados Unidos,East of USA,Massachusetts,6/12/2016 17:49,6/15/2016 17:49,Standard Class,119.9800034,2,13.28999996
TRANSFER,6,4,4.329999924,100.7799988,Shipping canceled,0,Cleats,North Richland Hills,EE. UU.,Apparel,USCA,Saskatoon,Canada,Canada,Saskatchewan,12/14/2016 5:29,12/20/2016 5:29,Standard Class,119.9800034,2,4.329999924
TRANSFER,2,4,26.10000038,89.98999786,Shipping canceled,0,Cleats,Methuen,EE. UU.,Apparel,USCA,Redmond,Estados Unidos,West of USA ,Oregón,4/28/2016 11:24,4/30/2016 11:24,Standard Class,119.9800034,2,26.10000038
TRANSFER,3,4,38.40999985,78.37999725,Shipping canceled,0,Shop By Sport,Escondido,EE. UU.,Golf,USCA,Philadelphia,Estados Unidos,East of USA,Pensilvania,8/12/2016 21:46,8/15/2016 21:46,Standard Class,79.98000336,2,38.40999985
TRANSFER,5,4,34.20999908,72.77999878,Shipping canceled,0,Shop By Sport,Mount Pleasant,EE. UU.,Golf,USCA,Fayetteville,Estados Unidos,South of  USA ,Carolina del Norte,5/23/2016 4:32,5/28/2016 4:32,Standard Class,79.98000336,2,34.20999908
TRANSFER,3,4,7.920000076,90.0,Shipping canceled,0,Women's Apparel,Escondido,EE. UU.,Golf,USCA,Philadelphia,Estados Unidos,East of USA,Pensilvania,8/12/2016 21:46,8/15/2016 21:46,Standard Class,100.0,2,7.920000076
TRANSFER,6,4,-2.470000029,49.47999954,Shipping canceled,0,Accessories,Buffalo,EE. UU.,Outdoors,USCA,Los Angeles,Estados Unidos,West of USA ,California,6/19/2016 12:02,6/25/2016 12:02,Standard Class,49.97999954,2,-2.470000029
TRANSFER,4,4,10.97000027,30.21999931,Shipping canceled,0,Trade-In,Ewa Beach,EE. UU.,Outdoors,USCA,Rome,Estados Unidos,East of USA,Nueva York,6/6/2016 22:02,6/10/2016 22:02,Standard Class,31.97999954,2,10.97000027
TRANSFER,3,4,12.5699997,37.18000031,Shipping canceled,0,Golf Balls,Escondido,EE. UU.,Outdoors,USCA,Philadelphia,Estados Unidos,East of USA,Pensilvania,8/12/2016 21:46,8/15/2016 21:46,Standard Class,39.97999954,2,12.5699997
TRANSFER,4,4,46.79000092,179.9700012,Shipping canceled,0,Cleats,Dallas,EE. UU.,Apparel,Africa,Edea,Camerún,Central Africa,Littoral,12/15/2016 22:49,12/19/2016 22:49,Standard Class,179.9700012,3,46.79000092
TRANSFER,3,4,51.25999832,163.7700043,Shipping canceled,0,Cleats,Salem,EE. UU.,Apparel,Africa,Mogadishu,Somalia,East Africa,Benadir,12/30/2016 21:34,1/2/2017 21:34,Standard Class,179.9700012,3,51.25999832
TRANSFER,3,4,-118.7300034,161.9700012,Shipping canceled,0,Cleats,Salem,EE. UU.,Apparel,Africa,Mogadishu,Somalia,East Africa,Benadir,12/30/2016 21:34,1/2/2017 21:34,Standard Class,179.9700012,3,-118.7300034
TRANSFER,4,4,41.84999847,139.5,Shipping canceled,0,Women's Apparel,South El Monte,EE. UU.,Golf,Africa,Minna,Nigeria,West Africa,Níger,11/20/2016 2:42,11/24/2016 2:42,Standard Class,150.0,3,41.84999847
TRANSFER,5,4,-31.5,251.9700012,Late delivery,1,Cardio Equipment,San Diego,EE. UU.,Footwear,Africa,Pretoria,SudAfrica,Southern Africa,Gauteng,9/29/2016 17:51,10/4/2016 17:51,Standard Class,299.9700012,3,-31.5
TRANSFER,2,4,119.5100021,248.9799957,Advance shipping,0,Cardio Equipment,Sugar Land,EE. UU.,Footwear,Africa,Cairo,Egipto,North Africa,El Cairo,9/29/2016 15:02,10/1/2016 15:02,Standard Class,299.9700012,3,119.5100021
TRANSFER,6,4,5.400000095,179.9700012,Late delivery,1,Cleats,Roswell,EE. UU.,Apparel,Africa,Chitungwiza,Zimbabue,East Africa,Harare,10/17/2016 8:22,10/23/2016 8:22,Standard Class,179.9700012,3,5.400000095
TRANSFER,6,4,-39.04999924,179.9700012,Late delivery,1,Cleats,Harvey,EE. UU.,Apparel,Africa,Lagos,Nigeria,West Africa,Lagos,1/5/2017 4:45,1/11/2017 4:45,Standard Class,179.9700012,3,-39.04999924
TRANSFER,4,4,76.72000122,156.5700073,Shipping on time,0,Cleats,Lockport,EE. UU.,Apparel,Africa,Harare,Zimbabue,East Africa,Harare,10/2/2016 22:34,10/6/2016 22:34,Standard Class,179.9700012,3,76.72000122
TRANSFER,3,4,32.00999832,72.75,Advance shipping,0,Girls' Apparel,Provo,EE. UU.,Golf,Africa,Khouribga,Marruecos,North Africa,Chauía-Uardiga,1/6/2017 5:58,1/9/2017 5:58,Standard Class,75.0,3,32.00999832
TRANSFER,2,4,36.86000061,141.75,Advance shipping,0,Women's Apparel,Bay Shore,EE. UU.,Golf,Africa,Kinshasa,República Democrática del Congo,Central Africa,Kinshasa,1/8/2017 3:10,1/10/2017 3:10,Standard Class,150.0,3,36.86000061
TRANSFER,4,4,11.22000027,127.5,Shipping on time,0,Women's Apparel,Philadelphia,EE. UU.,Golf,Africa,Lubumbashi,República Democrática del Congo,Central Africa,Katanga,11/23/2016 21:48,11/27/2016 21:48,Standard Class,150.0,3,11.22000027
TRANSFER,5,4,32.36000061,99.58000183,Late delivery,1,Shop By Sport,San Diego,EE. UU.,Golf,Africa,Pretoria,SudAfrica,Southern Africa,Gauteng,9/29/2016 17:51,10/4/2016 17:51,Standard Class,119.9700012,3,32.36000061
TRANSFER,4,4,122.6600037,260.9700012,Shipping on time,0,Cardio Equipment,Marrero,EE. UU.,Footwear,Africa,Annaba,Argelia,North Africa,Annaba,12/23/2016 23:30,12/27/2016 23:30,Standard Class,299.9700012,3,122.6600037
TRANSFER,5,4,21.64999962,245.9799957,Late delivery,1,Cardio Equipment,Philadelphia,EE. UU.,Footwear,Africa,Djougou,Benín,West Africa,Donga,10/11/2016 4:52,10/16/2016 4:52,Standard Class,299.9700012,3,21.64999962
TRANSFER,3,4,7.920000076,158.3699951,Advance shipping,0,Cleats,West Covina,EE. UU.,Apparel,Africa,Pretoria,SudAfrica,Southern Africa,Gauteng,9/2/2016 15:15,9/5/2016 15:15,Standard Class,179.9700012,3,7.920000076
TRANSFER,6,4,34.45000076,156.5700073,Late delivery,1,Cleats,Oceanside,EE. UU.,Apparel,Africa,Keren,Eritrea,East Africa,Anseba,12/27/2016 10:32,1/2/2017 10:32,Standard Class,179.9700012,3,34.45000076
TRANSFER,6,4,38.24000168,152.9700012,Late delivery,1,Cleats,Lake Forest,EE. UU.,Apparel,Africa,Kinshasa,República Democrática del Congo,Central Africa,Kinshasa,9/18/2016 0:10,9/24/2016 0:10,Standard Class,179.9700012,3,38.24000168
TRANSFER,6,4,38.24000168,152.9700012,Late delivery,1,Cleats,Aurora,EE. UU.,Apparel,Africa,Kinshasa,República Democrática del Congo,Central Africa,Kinshasa,1/8/2017 22:05,1/14/2017 22:05,Standard Class,179.9700012,3,38.24000168
TRANSFER,6,4,-110.8099976,151.1699982,Late delivery,1,Cleats,Aurora,EE. UU.,Apparel,Africa,Kinshasa,República Democrática del Congo,Central Africa,Kinshasa,1/8/2017 22:05,1/14/2017 22:05,Standard Class,179.9700012,3,-110.8099976
TRANSFER,2,4,0.0,147.5800018,Advance shipping,0,Cleats,New York,EE. UU.,Apparel,Africa,Kinshasa,República Democrática del Congo,Central Africa,Kinshasa,11/11/2016 18:19,11/13/2016 18:19,Standard Class,179.9700012,3,0.0
TRANSFER,4,4,16.27000046,144.0,Shipping on time,0,Women's Apparel,West Chester,EE. UU.,Golf,Africa,Wad Madani,Sudán,North Africa,Gezira,9/23/2016 14:21,9/27/2016 14:21,Standard Class,150.0,3,16.27000046
TRANSFER,4,4,11.34000015,113.3700027,Shipping on time,0,Shop By Sport,Los Angeles,EE. UU.,Golf,Africa,Marrakech,Marruecos,North Africa,Marrakech-Tensift-Al Hauz,12/4/2016 17:03,12/8/2016 17:03,Standard Class,119.9700012,3,11.34000015
TRANSFER,3,4,58.59000015,139.5,Advance shipping,0,Women's Apparel,Bronx,EE. UU.,Golf,Africa,Ouagadougou,Burkina Faso,West Africa,Centro,9/21/2016 23:28,9/24/2016 23:28,Standard Class,150.0,3,58.59000015
TRANSFER,4,4,45.74000168,126.0,Shipping on time,0,Women's Apparel,New York,EE. UU.,Golf,Africa,Harare,Zimbabue,East Africa,Harare,12/1/2016 22:29,12/5/2016 22:29,Standard Class,150.0,3,45.74000168
TRANSFER,6,4,-72.98999786,99.58000183,Late delivery,1,Shop By Sport,Highland,EE. UU.,Golf,Africa,Bandundu,República Democrática del Congo,Central Africa,Bandundu,11/15/2016 4:17,11/21/2016 4:17,Standard Class,119.9700012,3,-72.98999786
TRANSFER,2,4,42.08000183,124.5,Advance shipping,0,Women's Apparel,Brooklyn,EE. UU.,Golf,Africa,Casablanca,Marruecos,North Africa,Gran Casablanca,10/27/2016 19:12,10/29/2016 19:12,Standard Class,150.0,3,42.08000183
TRANSFER,6,4,17.79000092,61.34999847,Late delivery,1,Trade-In,Lake Forest,EE. UU.,Outdoors,Africa,Kinshasa,República Democrática del Congo,Central Africa,Kinshasa,9/18/2016 0:10,9/24/2016 0:10,Standard Class,65.97000122,3,17.79000092
TRANSFER,4,4,22.18000031,254.9700012,Shipping canceled,0,Cardio Equipment,Indianapolis,EE. UU.,Footwear,Africa,Casablanca,Marruecos,North Africa,Gran Casablanca,1/18/2017 2:06,1/22/2017 2:06,Standard Class,299.9700012,3,22.18000031
TRANSFER,4,4,-132.5200043,172.7700043,Shipping canceled,0,Cleats,Lindenhurst,EE. UU.,Apparel,Africa,Dakar,Senegal,West Africa,Dakar,12/4/2016 1:17,12/8/2016 1:17,Standard Class,179.9700012,3,-132.5200043
TRANSFER,5,4,78.65000153,170.9700012,Shipping canceled,0,Cleats,Los Angeles,EE. UU.,Apparel,Africa,Alexandria,Egipto,North Africa,Alejandría,8/29/2016 19:07,9/3/2016 19:07,Standard Class,179.9700012,3,78.65000153
TRANSFER,2,4,80.90000153,278.9700012,Shipping canceled,0,Cardio Equipment,Stamford,EE. UU.,Footwear,Europe,Ennigerloh,Alemania,Western Europe,Renania del Norte-Westfalia,6/9/2015 15:01,6/11/2015 15:01,Standard Class,299.9700012,3,80.90000153
TRANSFER,3,4,81.19999695,172.7700043,Shipping canceled,0,Cleats,San Bernardino,EE. UU.,Apparel,Europe,Lyon,Francia,Western Europe,Auvernia-Ródano-Alpes,10/20/2015 13:15,10/23/2015 13:15,Standard Class,179.9700012,3,81.19999695
